file,method,issue,hash,date,title
lang/java/ipc/src/main/java/org/apache/avro/ipc/NettyTransceiver.java,"NettyTransceiver(InetSocketAddress,ChannelFactory,Map<String, Object>)",AVRO-1407,fbaf3c39,2014-11-26 19:30:18,AVRO-1407: Java: Fix infinite loop on slow connect in NettyTransceiver.  Contributed by Gareth Davis.
lang/java/avro/src/main/java/org/apache/avro/generic/GenericData.java,"deepCopy(Schema,T)",AVRO-1455,e0966a1e,2014-03-03 15:25:57,AVRO-1455. Deep copy does not need to create new instances for primitives.
lang/java/avro/src/main/java/org/apache/avro/util/Utf8.java,toString(),AVRO-1348,7699e3d2,2013-12-19 20:33:05,AVRO-1348. Java: Improve UTF-8 to String conversion performance in Java 6.
lang/java/avro/src/main/java/org/apache/avro/util/Utf8.java,getBytesFor(String),AVRO-1348,7699e3d2,2013-12-19 20:33:05,AVRO-1348. Java: Improve UTF-8 to String conversion performance in Java 6.
lang/java/ipc/src/main/java/org/apache/avro/ipc/NettyTransceiver.java,"disconnect(boolean,boolean,Throwable)",AVRO-1292,c979ba85,2013-07-02 18:00:11,AVRO-1292. Java: Fix potential client blocking in NettyTransceiver.  Contributed by James Baldassari.
lang/java/ipc/src/main/java/org/apache/avro/ipc/NettyTransceiver.java,writeBuffers(List<ByteBuffer>),AVRO-1292,c979ba85,2013-07-02 18:00:11,AVRO-1292. Java: Fix potential client blocking in NettyTransceiver.  Contributed by James Baldassari.
lang/java/ipc/src/main/java/org/apache/avro/ipc/NettyTransceiver.java,buildDefaultBootstrapOptions(Long),AVRO-1292,c979ba85,2013-07-02 18:00:11,AVRO-1292. Java: Fix potential client blocking in NettyTransceiver.  Contributed by James Baldassari.
lang/java/ipc/src/main/java/org/apache/avro/ipc/NettyTransceiver.java,NettyClientAvroHandler(),AVRO-1292,c979ba85,2013-07-02 18:00:11,AVRO-1292. Java: Fix potential client blocking in NettyTransceiver.  Contributed by James Baldassari.
lang/java/ipc/src/main/java/org/apache/avro/ipc/NettyTransceiver.java,writeDataPack(NettyDataPack),AVRO-1292,c979ba85,2013-07-02 18:00:11,AVRO-1292. Java: Fix potential client blocking in NettyTransceiver.  Contributed by James Baldassari.
lang/java/ipc/src/main/java/org/apache/avro/ipc/NettyTransceiver.java,getChannel(),AVRO-1292,c979ba85,2013-07-02 18:00:11,AVRO-1292. Java: Fix potential client blocking in NettyTransceiver.  Contributed by James Baldassari.
lang/java/ipc/src/main/java/org/apache/avro/ipc/NettyTransceiver.java,"NettyTransceiver(InetSocketAddress,ChannelFactory,Map<String, Object>)",AVRO-1292,c979ba85,2013-07-02 18:00:11,AVRO-1292. Java: Fix potential client blocking in NettyTransceiver.  Contributed by James Baldassari.
lang/java/avro/src/main/java/org/apache/avro/generic/GenericDatumReader.java,"readRecord(Object,Schema,ResolvingDecoder)",AVRO-1282,40650540,2013-04-30 16:18:26,AVRO-1282. Java: Use sun.misc.Unsafe to improve Reflect API Performance.     (Leo Romanoff via scottcarey)
lang/java/avro/src/main/java/org/apache/avro/generic/GenericDatumWriter.java,"writeRecord(Schema,Object,Encoder)",AVRO-1282,40650540,2013-04-30 16:18:26,AVRO-1282. Java: Use sun.misc.Unsafe to improve Reflect API Performance.     (Leo Romanoff via scottcarey)
lang/java/avro/src/main/java/org/apache/avro/io/EncoderFactory.java,configureBlockSize(int),AVRO-1282,40650540,2013-04-30 16:18:26,AVRO-1282. Java: Use sun.misc.Unsafe to improve Reflect API Performance.     (Leo Romanoff via scottcarey)
lang/java/avro/src/main/java/org/apache/avro/io/EncoderFactory.java,"blockingBinaryEncoder(OutputStream,BinaryEncoder)",AVRO-1282,40650540,2013-04-30 16:18:26,AVRO-1282. Java: Use sun.misc.Unsafe to improve Reflect API Performance.     (Leo Romanoff via scottcarey)
lang/java/avro/src/main/java/org/apache/avro/reflect/ReflectData.java,getFields(Class),AVRO-1282,40650540,2013-04-30 16:18:26,AVRO-1282. Java: Use sun.misc.Unsafe to improve Reflect API Performance.     (Leo Romanoff via scottcarey)
lang/java/avro/src/main/java/org/apache/avro/reflect/ReflectData.java,"setField(Object,String,int,Object)",AVRO-1282,40650540,2013-04-30 16:18:26,AVRO-1282. Java: Use sun.misc.Unsafe to improve Reflect API Performance.     (Leo Romanoff via scottcarey)
lang/java/avro/src/main/java/org/apache/avro/reflect/ReflectData.java,"setElement(Schema,Type)",AVRO-1282,40650540,2013-04-30 16:18:26,AVRO-1282. Java: Use sun.misc.Unsafe to improve Reflect API Performance.     (Leo Romanoff via scottcarey)
lang/java/avro/src/main/java/org/apache/avro/reflect/ReflectData.java,"createSchema(Type,Map<String, Schema>)",AVRO-1282,40650540,2013-04-30 16:18:26,AVRO-1282. Java: Use sun.misc.Unsafe to improve Reflect API Performance.     (Leo Romanoff via scottcarey)
lang/java/avro/src/main/java/org/apache/avro/reflect/ReflectData.java,getClass(Schema),AVRO-1282,40650540,2013-04-30 16:18:26,AVRO-1282. Java: Use sun.misc.Unsafe to improve Reflect API Performance.     (Leo Romanoff via scottcarey)
lang/java/avro/src/main/java/org/apache/avro/reflect/ReflectData.java,"getField(Object,String,int)",AVRO-1282,40650540,2013-04-30 16:18:26,AVRO-1282. Java: Use sun.misc.Unsafe to improve Reflect API Performance.     (Leo Romanoff via scottcarey)
lang/java/avro/src/main/java/org/apache/avro/reflect/ReflectData.java,"findField(Class,String)",AVRO-1282,40650540,2013-04-30 16:18:26,AVRO-1282. Java: Use sun.misc.Unsafe to improve Reflect API Performance.     (Leo Romanoff via scottcarey)
lang/java/avro/src/main/java/org/apache/avro/reflect/ReflectData.java,"getClassProp(Schema,String)",AVRO-1282,40650540,2013-04-30 16:18:26,AVRO-1282. Java: Use sun.misc.Unsafe to improve Reflect API Performance.     (Leo Romanoff via scottcarey)
lang/java/avro/src/main/java/org/apache/avro/reflect/ReflectData.java,"createFieldSchema(Field,Map<String, Schema>)",AVRO-1282,40650540,2013-04-30 16:18:26,AVRO-1282. Java: Use sun.misc.Unsafe to improve Reflect API Performance.     (Leo Romanoff via scottcarey)
lang/java/avro/src/main/java/org/apache/avro/reflect/ReflectData.java,"getField(Class,String)",AVRO-1282,40650540,2013-04-30 16:18:26,AVRO-1282. Java: Use sun.misc.Unsafe to improve Reflect API Performance.     (Leo Romanoff via scottcarey)
lang/java/avro/src/main/java/org/apache/avro/reflect/ReflectDatumReader.java,"newArray(Object,int,Schema)",AVRO-1282,40650540,2013-04-30 16:18:26,AVRO-1282. Java: Use sun.misc.Unsafe to improve Reflect API Performance.     (Leo Romanoff via scottcarey)
lang/java/avro/src/main/java/org/apache/avro/reflect/ReflectDatumReader.java,"readInt(Object,Schema,Decoder)",AVRO-1282,40650540,2013-04-30 16:18:26,AVRO-1282. Java: Use sun.misc.Unsafe to improve Reflect API Performance.     (Leo Romanoff via scottcarey)
lang/java/avro/src/main/java/org/apache/avro/reflect/ReflectDatumReader.java,"addToArray(Object,long,Object)",AVRO-1282,40650540,2013-04-30 16:18:26,AVRO-1282. Java: Use sun.misc.Unsafe to improve Reflect API Performance.     (Leo Romanoff via scottcarey)
lang/java/avro/src/main/java/org/apache/avro/reflect/ReflectDatumReader.java,"readBytes(Object,Schema,Decoder)",AVRO-1282,40650540,2013-04-30 16:18:26,AVRO-1282. Java: Use sun.misc.Unsafe to improve Reflect API Performance.     (Leo Romanoff via scottcarey)
lang/java/avro/src/main/java/org/apache/avro/reflect/ReflectDatumWriter.java,getArraySize(Object),AVRO-1282,40650540,2013-04-30 16:18:26,AVRO-1282. Java: Use sun.misc.Unsafe to improve Reflect API Performance.     (Leo Romanoff via scottcarey)
lang/java/avro/src/main/java/org/apache/avro/reflect/ReflectDatumWriter.java,"write(Schema,Object,Encoder)",AVRO-1282,40650540,2013-04-30 16:18:26,AVRO-1282. Java: Use sun.misc.Unsafe to improve Reflect API Performance.     (Leo Romanoff via scottcarey)
lang/java/avro/src/main/java/org/apache/avro/reflect/ReflectDatumWriter.java,getArrayElements(Object),AVRO-1282,40650540,2013-04-30 16:18:26,AVRO-1282. Java: Use sun.misc.Unsafe to improve Reflect API Performance.     (Leo Romanoff via scottcarey)
lang/java/mapred/src/main/java/org/apache/avro/mapred/AvroOutputFormat.java,"configureDataFileWriter(DataFileWriter<T>,JobConf)",AVRO-1243,4d8a4dd7,2013-02-12 23:22:54,AVRO-1243. Java: Add support for bzip2 file compression and translate Hadoop job compression options.  Contributed by Ted Malaska.
lang/java/mapred/src/main/java/org/apache/avro/mapreduce/AvroOutputFormatBase.java,getCompressionCodec(TaskAttemptContext),AVRO-1243,4d8a4dd7,2013-02-12 23:22:54,AVRO-1243. Java: Add support for bzip2 file compression and translate Hadoop job compression options.  Contributed by Ted Malaska.
lang/java/tools/src/main/java/org/apache/avro/tool/Main.java,Main(),AVRO-1250,cf495ef5,2013-02-12 22:27:25,AVRO-1250. Add a command-line tool to concatenate data files.  Contributed by Nick White.
lang/java/trevni/core/src/main/java/org/apache/trevni/InputBuffer.java,readString(),AVRO-1241,acf33453,2013-02-04 21:58:45,AVRO-1241. Java: Optimize Trevni string input.  Contributed by Joseph Adler.
lang/java/tools/src/main/java/org/apache/avro/tool/Main.java,Main(),AVRO-806,87751932,2012-09-11 21:35:56,AVRO-806.  Add specification of the Trevni columnar file format and a Java implementation of it.
lang/java/avro/src/main/java/org/apache/avro/generic/GenericDatumReader.java,"readMap(Object,Schema,ResolvingDecoder)",AVRO-1147,911cc53a,2012-09-10 23:40:25,AVRO-1147. Java: Permit stringable map keys in reflect.  Contributed by Alexandre Normand.
lang/java/avro/src/main/java/org/apache/avro/generic/GenericDatumWriter.java,"writeMap(Schema,Object,Encoder)",AVRO-1147,911cc53a,2012-09-10 23:40:25,AVRO-1147. Java: Permit stringable map keys in reflect.  Contributed by Alexandre Normand.
lang/java/avro/src/main/java/org/apache/avro/reflect/ReflectData.java,"createSchema(Type,Map<String, Schema>)",AVRO-1147,911cc53a,2012-09-10 23:40:25,AVRO-1147. Java: Permit stringable map keys in reflect.  Contributed by Alexandre Normand.
lang/java/avro/src/main/java/org/apache/avro/reflect/ReflectDatumReader.java,"readString(Object,Schema,Decoder)",AVRO-1147,911cc53a,2012-09-10 23:40:25,AVRO-1147. Java: Permit stringable map keys in reflect.  Contributed by Alexandre Normand.
lang/java/avro/src/main/java/org/apache/avro/util/Utf8.java,toString(),AVRO-1074,d3b4045a,2012-05-17 22:30:23,AVRO-1074. Java: Optimize Utf8#length() and #toString() to not allocate a String when the length is zero.
lang/java/avro/src/main/java/org/apache/avro/reflect/ReflectData.java,"createSchema(Type,Map<String, Schema>)",AVRO-1046,2020c8a8,2012-05-17 21:12:43,AVRO-1046. Java: Fix ReflectDatumReader to be able to read generic and specific arrays.
lang/java/avro/src/main/java/org/apache/avro/reflect/ReflectDatumReader.java,"newArray(Object,int,Schema)",AVRO-1046,2020c8a8,2012-05-17 21:12:43,AVRO-1046. Java: Fix ReflectDatumReader to be able to read generic and specific arrays.
lang/java/avro/src/main/java/org/apache/avro/file/DataFileWriter.java,appendTo(File),AVRO-1090,1f3580f5,2012-05-17 20:16:07,"AVRO-1090. Java: Permit appending to files besides java.io.File, e.g., files in HDFS."
lang/java/avro/src/main/java/org/apache/avro/Schema.java,equals(Object),AVRO-1049,02802d57,2012-05-16 21:57:46,AVRO-1049. Java: Fix GenericData.Record#equals() to correctly compare schemas and fix Schema#equals() to consider order.
lang/java/avro/src/main/java/org/apache/avro/generic/GenericData.java,equals(Object),AVRO-1049,02802d57,2012-05-16 21:57:46,AVRO-1049. Java: Fix GenericData.Record#equals() to correctly compare schemas and fix Schema#equals() to consider order.
lang/java/avro/src/main/java/org/apache/avro/Schema.java,UnionSchema(LockableArrayList<Schema>),AVRO-946,4e10536f,2011-11-04 20:58:36,AVRO-946. Java: Optimize union resolution when writing.
lang/java/avro/src/main/java/org/apache/avro/generic/GenericData.java,"resolveUnion(Schema,Object)",AVRO-946,4e10536f,2011-11-04 20:58:36,AVRO-946. Java: Optimize union resolution when writing.
lang/java/avro/src/main/java/org/apache/avro/generic/GenericDatumWriter.java,"write(Schema,Object,Encoder)",AVRO-946,4e10536f,2011-11-04 20:58:36,AVRO-946. Java: Optimize union resolution when writing.
lang/java/avro/src/main/java/org/apache/avro/generic/GenericData.java,getRecordState(Schema),AVRO-907,5c4ebdc2,2011-10-05 18:37:45,AVRO-907. Java: Optimize access to protobuf message fields.
lang/java/avro/src/main/java/org/apache/avro/generic/GenericDatumReader.java,"readRecord(Object,Schema,ResolvingDecoder)",AVRO-907,5c4ebdc2,2011-10-05 18:37:45,AVRO-907. Java: Optimize access to protobuf message fields.
lang/java/avro/src/main/java/org/apache/avro/generic/GenericDatumWriter.java,"writeRecord(Schema,Object,Encoder)",AVRO-907,5c4ebdc2,2011-10-05 18:37:45,AVRO-907. Java: Optimize access to protobuf message fields.
lang/java/protobuf/src/main/java/org/apache/avro/protobuf/ProtobufData.java,"setField(Object,String,int,Object)",AVRO-907,5c4ebdc2,2011-10-05 18:37:45,AVRO-907. Java: Optimize access to protobuf message fields.
lang/java/protobuf/src/main/java/org/apache/avro/protobuf/ProtobufData.java,"getField(Object,String,int)",AVRO-907,5c4ebdc2,2011-10-05 18:37:45,AVRO-907. Java: Optimize access to protobuf message fields.
lang/java/protobuf/src/main/java/org/apache/avro/protobuf/ProtobufData.java,"getFieldDescriptor(Descriptor,int)",AVRO-907,5c4ebdc2,2011-10-05 18:37:45,AVRO-907. Java: Optimize access to protobuf message fields.
lang/java/thrift/src/main/java/org/apache/avro/thrift/ThriftData.java,"setField(Object,String,int,Object)",AVRO-907,5c4ebdc2,2011-10-05 18:37:45,AVRO-907. Java: Optimize access to protobuf message fields.
lang/java/thrift/src/main/java/org/apache/avro/thrift/ThriftData.java,getFieldIds(Schema),AVRO-907,5c4ebdc2,2011-10-05 18:37:45,AVRO-907. Java: Optimize access to protobuf message fields.
lang/java/thrift/src/main/java/org/apache/avro/thrift/ThriftData.java,"getField(Object,String,int)",AVRO-907,5c4ebdc2,2011-10-05 18:37:45,AVRO-907. Java: Optimize access to protobuf message fields.
lang/java/thrift/src/main/java/org/apache/avro/thrift/ThriftData.java,getRecordState(Schema),AVRO-907,5c4ebdc2,2011-10-05 18:37:45,AVRO-907. Java: Optimize access to protobuf message fields.
lang/java/avro/src/main/java/org/apache/avro/generic/GenericDatumReader.java,"readRecord(Object,Schema,ResolvingDecoder)",AVRO-839,666be14b,2011-08-26 20:54:50,AVRO-839. Java: Add accessor methods and builders to generated java classes.  Contributed by James Baldassari.
lang/java/avro/src/main/java/org/apache/avro/generic/GenericDatumReader.java,"newRecord(Object,Schema)",AVRO-839,666be14b,2011-08-26 20:54:50,AVRO-839. Java: Add accessor methods and builders to generated java classes.  Contributed by James Baldassari.
lang/java/avro/src/main/java/org/apache/avro/generic/GenericDatumReader.java,"createFixed(Object,byte[],Schema)",AVRO-839,666be14b,2011-08-26 20:54:50,AVRO-839. Java: Add accessor methods and builders to generated java classes.  Contributed by James Baldassari.
lang/java/avro/src/main/java/org/apache/avro/generic/GenericDatumReader.java,"createFixed(Object,Schema)",AVRO-839,666be14b,2011-08-26 20:54:50,AVRO-839. Java: Add accessor methods and builders to generated java classes.  Contributed by James Baldassari.
lang/java/avro/src/main/java/org/apache/avro/generic/GenericDatumReader.java,"readFixed(Object,Schema,Decoder)",AVRO-839,666be14b,2011-08-26 20:54:50,AVRO-839. Java: Add accessor methods and builders to generated java classes.  Contributed by James Baldassari.
lang/java/avro/src/main/java/org/apache/avro/io/parsing/ResolvingGrammarGenerator.java,"encode(Encoder,Schema,JsonNode)",AVRO-839,666be14b,2011-08-26 20:54:50,AVRO-839. Java: Add accessor methods and builders to generated java classes.  Contributed by James Baldassari.
lang/java/avro/src/main/java/org/apache/avro/reflect/ReflectDatumReader.java,"newArray(Object,int,Schema)",AVRO-839,666be14b,2011-08-26 20:54:50,AVRO-839. Java: Add accessor methods and builders to generated java classes.  Contributed by James Baldassari.
lang/java/avro/src/main/java/org/apache/avro/specific/SpecificDatumReader.java,"newRecord(Object,Schema)",AVRO-839,666be14b,2011-08-26 20:54:50,AVRO-839. Java: Add accessor methods and builders to generated java classes.  Contributed by James Baldassari.
lang/java/avro/src/main/java/org/apache/avro/specific/SpecificDatumReader.java,"createFixed(Object,Schema)",AVRO-839,666be14b,2011-08-26 20:54:50,AVRO-839. Java: Add accessor methods and builders to generated java classes.  Contributed by James Baldassari.
lang/java/avro/src/main/java/org/apache/avro/specific/SpecificDatumReader.java,"newInstance(Class,Schema)",AVRO-839,666be14b,2011-08-26 20:54:50,AVRO-839. Java: Add accessor methods and builders to generated java classes.  Contributed by James Baldassari.
lang/java/avro/src/main/java/org/apache/avro/util/Utf8.java,toString(),AVRO-839,666be14b,2011-08-26 20:54:50,AVRO-839. Java: Add accessor methods and builders to generated java classes.  Contributed by James Baldassari.
lang/java/avro/src/main/java/org/apache/avro/util/Utf8.java,getBytesFor(String),AVRO-839,666be14b,2011-08-26 20:54:50,AVRO-839. Java: Add accessor methods and builders to generated java classes.  Contributed by James Baldassari.
lang/java/compiler/src/main/java/org/apache/avro/compiler/specific/SpecificCompiler.java,mangle(String),AVRO-839,666be14b,2011-08-26 20:54:50,AVRO-839. Java: Add accessor methods and builders to generated java classes.  Contributed by James Baldassari.
lang/java/avro/src/main/java/org/apache/avro/Schema.java,hashCode(),AVRO-853,b1bb350b,2011-08-12 21:53:48,AVRO-853: Java: Cache Schema hash codes. (cutting)
lang/java/avro/src/main/java/org/apache/avro/Schema.java,hashCode(),AVRO-853,b1bb350b,2011-08-12 21:53:48,AVRO-853: Java: Cache Schema hash codes. (cutting)
lang/java/avro/src/main/java/org/apache/avro/Schema.java,equals(Object),AVRO-853,b1bb350b,2011-08-12 21:53:48,AVRO-853: Java: Cache Schema hash codes. (cutting)
lang/java/avro/src/main/java/org/apache/avro/Schema.java,hashCode(),AVRO-853,b1bb350b,2011-08-12 21:53:48,AVRO-853: Java: Cache Schema hash codes. (cutting)
lang/java/avro/src/main/java/org/apache/avro/Schema.java,equals(Object),AVRO-853,b1bb350b,2011-08-12 21:53:48,AVRO-853: Java: Cache Schema hash codes. (cutting)
lang/java/avro/src/main/java/org/apache/avro/Schema.java,hashCode(),AVRO-853,b1bb350b,2011-08-12 21:53:48,AVRO-853: Java: Cache Schema hash codes. (cutting)
lang/java/avro/src/main/java/org/apache/avro/Schema.java,hashCode(),AVRO-853,b1bb350b,2011-08-12 21:53:48,AVRO-853: Java: Cache Schema hash codes. (cutting)
lang/java/avro/src/main/java/org/apache/avro/Schema.java,hashCode(),AVRO-853,b1bb350b,2011-08-12 21:53:48,AVRO-853: Java: Cache Schema hash codes. (cutting)
lang/java/avro/src/main/java/org/apache/avro/Schema.java,equals(Object),AVRO-853,b1bb350b,2011-08-12 21:53:48,AVRO-853: Java: Cache Schema hash codes. (cutting)
lang/java/avro/src/main/java/org/apache/avro/Schema.java,equals(Object),AVRO-853,b1bb350b,2011-08-12 21:53:48,AVRO-853: Java: Cache Schema hash codes. (cutting)
lang/java/avro/src/main/java/org/apache/avro/Schema.java,hashCode(),AVRO-853,b1bb350b,2011-08-12 21:53:48,AVRO-853: Java: Cache Schema hash codes. (cutting)
lang/java/avro/src/main/java/org/apache/avro/Schema.java,equals(Object),AVRO-853,b1bb350b,2011-08-12 21:53:48,AVRO-853: Java: Cache Schema hash codes. (cutting)
lang/java/avro/src/main/java/org/apache/avro/Schema.java,setFields(List<Field>),AVRO-853,b1bb350b,2011-08-12 21:53:48,AVRO-853: Java: Cache Schema hash codes. (cutting)
lang/java/avro/src/main/java/org/apache/avro/Schema.java,hashCode(),AVRO-853,b1bb350b,2011-08-12 21:53:48,AVRO-853: Java: Cache Schema hash codes. (cutting)
lang/java/avro/src/main/java/org/apache/avro/Schema.java,equals(Object),AVRO-853,b1bb350b,2011-08-12 21:53:48,AVRO-853: Java: Cache Schema hash codes. (cutting)
lang/java/avro/src/main/java/org/apache/avro/Schema.java,hashCode(),AVRO-853,b1bb350b,2011-08-12 21:53:48,AVRO-853: Java: Cache Schema hash codes. (cutting)
lang/java/avro/src/main/java/org/apache/avro/Schema.java,equals(Object),AVRO-853,b1bb350b,2011-08-12 21:53:48,AVRO-853: Java: Cache Schema hash codes. (cutting)
lang/java/avro/src/main/java/org/apache/avro/Schema.java,"addProp(String,String)",AVRO-853,b1bb350b,2011-08-12 21:53:48,AVRO-853: Java: Cache Schema hash codes. (cutting)
lang/java/mapred/src/main/java/org/apache/avro/mapred/tether/TetherJob.java,"setExecutable(JobConf,URI)",AVRO-847,0a3c5b47,2011-07-01 16:23:39,AVRO-847. Java: Add a unit test for Java MapReduce tether.  Contributed by Jeremy Lewi.
lang/java/mapred/src/main/java/org/apache/avro/mapred/tether/TetherJob.java,setupTetherJob(JobConf),AVRO-847,0a3c5b47,2011-07-01 16:23:39,AVRO-847. Java: Add a unit test for Java MapReduce tether.  Contributed by Jeremy Lewi.
lang/java/mapred/src/main/java/org/apache/avro/mapred/tether/TetherKeySerialization.java,open(OutputStream),AVRO-847,0a3c5b47,2011-07-01 16:23:39,AVRO-847. Java: Add a unit test for Java MapReduce tether.  Contributed by Jeremy Lewi.
lang/java/mapred/src/main/java/org/apache/avro/mapred/tether/TetheredProcess.java,"TetheredProcess(JobConf,OutputCollector<TetherData, NullWritable>,Reporter)",AVRO-847,0a3c5b47,2011-07-01 16:23:39,AVRO-847. Java: Add a unit test for Java MapReduce tether.  Contributed by Jeremy Lewi.
lang/java/mapred/src/main/java/org/apache/avro/mapred/tether/TetheredProcess.java,startSubprocess(JobConf),AVRO-847,0a3c5b47,2011-07-01 16:23:39,AVRO-847. Java: Add a unit test for Java MapReduce tether.  Contributed by Jeremy Lewi.
lang/java/ipc/src/main/java/org/apache/avro/ipc/RPCContext.java,requestHandshakeMeta(),AVRO-761,16f9fbc1,2011-03-08 01:01:17,AVRO-761. Java: Fix Requestor to not send client's protocol redundantly.
lang/java/ipc/src/main/java/org/apache/avro/ipc/RPCContext.java,"setResponseHandshakeMeta(Map<CharSequence, ByteBuffer>)",AVRO-761,16f9fbc1,2011-03-08 01:01:17,AVRO-761. Java: Fix Requestor to not send client's protocol redundantly.
lang/java/ipc/src/main/java/org/apache/avro/ipc/RPCContext.java,"setRequestHandshakeMeta(Map<CharSequence, ByteBuffer>)",AVRO-761,16f9fbc1,2011-03-08 01:01:17,AVRO-761. Java: Fix Requestor to not send client's protocol redundantly.
lang/java/ipc/src/main/java/org/apache/avro/ipc/RPCContext.java,responseHandshakeMeta(),AVRO-761,16f9fbc1,2011-03-08 01:01:17,AVRO-761. Java: Fix Requestor to not send client's protocol redundantly.
lang/java/ipc/src/main/java/org/apache/avro/ipc/Requestor.java,writeHandshake(Encoder),AVRO-761,16f9fbc1,2011-03-08 01:01:17,AVRO-761. Java: Fix Requestor to not send client's protocol redundantly.
lang/java/ipc/src/main/java/org/apache/avro/ipc/Requestor.java,readHandshake(Decoder),AVRO-761,16f9fbc1,2011-03-08 01:01:17,AVRO-761. Java: Fix Requestor to not send client's protocol redundantly.
lang/java/ipc/src/main/java/org/apache/avro/ipc/Responder.java,"handshake(Decoder,Encoder,Transceiver)",AVRO-761,16f9fbc1,2011-03-08 01:01:17,AVRO-761. Java: Fix Requestor to not send client's protocol redundantly.
lang/java/avro/src/main/java/org/apache/avro/generic/GenericDatumReader.java,"getResolver(Schema,Schema)",AVRO-726,1b144474,2011-03-07 20:12:47,"AVRO-726. Java: Make GenericDatum{Reader,Writer} easier to extend.  Contributed by scottcarey."
lang/java/avro/src/main/java/org/apache/avro/generic/GenericDatumWriter.java,"npe(NullPointerException,String)",AVRO-726,1b144474,2011-03-07 20:12:47,"AVRO-726. Java: Make GenericDatum{Reader,Writer} easier to extend.  Contributed by scottcarey."
lang/java/avro/src/main/java/org/apache/avro/io/ValidatingEncoder.java,configure(Encoder),AVRO-769,b328ff06,2011-03-01 17:40:25,AVRO-769. Update javadoc and fix return type of ValidatingEncoder#configure().  Contributed by scottcarey.
lang/java/avro/src/main/java/org/apache/avro/file/DataFileReader.java,"openReader(SeekableInput,DatumReader<D>,Header,boolean)",AVRO-769,3b5d0336,2011-02-25 23:45:30,AVRO-769. Java: Align Decoder/Encoder APIs.  Contributed by scottcarey.
lang/java/avro/src/main/java/org/apache/avro/file/DataFileReader.java,seek(long),AVRO-769,3b5d0336,2011-02-25 23:45:30,AVRO-769. Java: Align Decoder/Encoder APIs.  Contributed by scottcarey.
lang/java/avro/src/main/java/org/apache/avro/file/DataFileReader.java,pastSync(long),AVRO-769,3b5d0336,2011-02-25 23:45:30,AVRO-769. Java: Align Decoder/Encoder APIs.  Contributed by scottcarey.
lang/java/avro/src/main/java/org/apache/avro/file/DataFileReader.java,sync(long),AVRO-769,3b5d0336,2011-02-25 23:45:30,AVRO-769. Java: Align Decoder/Encoder APIs.  Contributed by scottcarey.
lang/java/avro/src/main/java/org/apache/avro/file/DataFileReader12.java,tell(),AVRO-769,3b5d0336,2011-02-25 23:45:30,AVRO-769. Java: Align Decoder/Encoder APIs.  Contributed by scottcarey.
lang/java/avro/src/main/java/org/apache/avro/file/DataFileReader12.java,seek(long),AVRO-769,3b5d0336,2011-02-25 23:45:30,AVRO-769. Java: Align Decoder/Encoder APIs.  Contributed by scottcarey.
lang/java/avro/src/main/java/org/apache/avro/file/DataFileReader12.java,close(),AVRO-769,3b5d0336,2011-02-25 23:45:30,AVRO-769. Java: Align Decoder/Encoder APIs.  Contributed by scottcarey.
lang/java/avro/src/main/java/org/apache/avro/file/DataFileReader12.java,pastSync(long),AVRO-769,3b5d0336,2011-02-25 23:45:30,AVRO-769. Java: Align Decoder/Encoder APIs.  Contributed by scottcarey.
lang/java/avro/src/main/java/org/apache/avro/file/DataFileReader12.java,next(D),AVRO-769,3b5d0336,2011-02-25 23:45:30,AVRO-769. Java: Align Decoder/Encoder APIs.  Contributed by scottcarey.
lang/java/avro/src/main/java/org/apache/avro/file/DataFileReader12.java,getSchema(),AVRO-769,3b5d0336,2011-02-25 23:45:30,AVRO-769. Java: Align Decoder/Encoder APIs.  Contributed by scottcarey.
lang/java/avro/src/main/java/org/apache/avro/file/DataFileReader12.java,sync(long),AVRO-769,3b5d0336,2011-02-25 23:45:30,AVRO-769. Java: Align Decoder/Encoder APIs.  Contributed by scottcarey.
lang/java/avro/src/main/java/org/apache/avro/file/DataFileStream.java,hasNext(),AVRO-769,3b5d0336,2011-02-25 23:45:30,AVRO-769. Java: Align Decoder/Encoder APIs.  Contributed by scottcarey.
lang/java/avro/src/main/java/org/apache/avro/file/DataFileStream.java,initialize(InputStream),AVRO-769,3b5d0336,2011-02-25 23:45:30,AVRO-769. Java: Align Decoder/Encoder APIs.  Contributed by scottcarey.
lang/java/avro/src/main/java/org/apache/avro/generic/GenericDatumReader.java,"read(D,Decoder)",AVRO-769,3b5d0336,2011-02-25 23:45:30,AVRO-769. Java: Align Decoder/Encoder APIs.  Contributed by scottcarey.
lang/java/avro/src/main/java/org/apache/avro/generic/GenericDatumReader.java,"getResolver(Schema,Schema)",AVRO-769,3b5d0336,2011-02-25 23:45:30,AVRO-769. Java: Align Decoder/Encoder APIs.  Contributed by scottcarey.
lang/java/avro/src/main/java/org/apache/avro/io/BinaryData.java,"set(byte[],int,int,byte[],int,int)",AVRO-769,3b5d0336,2011-02-25 23:45:30,AVRO-769. Java: Align Decoder/Encoder APIs.  Contributed by scottcarey.
lang/java/avro/src/main/java/org/apache/avro/io/BinaryData.java,"set(byte[],int,int)",AVRO-769,3b5d0336,2011-02-25 23:45:30,AVRO-769. Java: Align Decoder/Encoder APIs.  Contributed by scottcarey.
lang/java/avro/src/main/java/org/apache/avro/io/BinaryDecoder.java,"BinaryDecoder(int,InputStream)",AVRO-769,3b5d0336,2011-02-25 23:45:30,AVRO-769. Java: Align Decoder/Encoder APIs.  Contributed by scottcarey.
lang/java/avro/src/main/java/org/apache/avro/io/BinaryDecoder.java,BinaryDecoder(InputStream),AVRO-769,3b5d0336,2011-02-25 23:45:30,AVRO-769. Java: Align Decoder/Encoder APIs.  Contributed by scottcarey.
lang/java/avro/src/main/java/org/apache/avro/io/BinaryDecoder.java,init(InputStream),AVRO-769,3b5d0336,2011-02-25 23:45:30,AVRO-769. Java: Align Decoder/Encoder APIs.  Contributed by scottcarey.
lang/java/avro/src/main/java/org/apache/avro/io/BinaryDecoder.java,"init(byte[],int,int)",AVRO-769,3b5d0336,2011-02-25 23:45:30,AVRO-769. Java: Align Decoder/Encoder APIs.  Contributed by scottcarey.
lang/java/avro/src/main/java/org/apache/avro/io/BinaryDecoder.java,"BinaryDecoder(byte[],int,int)",AVRO-769,3b5d0336,2011-02-25 23:45:30,AVRO-769. Java: Align Decoder/Encoder APIs.  Contributed by scottcarey.
lang/java/avro/src/main/java/org/apache/avro/io/BinaryDecoder.java,"init(int,InputStream)",AVRO-769,3b5d0336,2011-02-25 23:45:30,AVRO-769. Java: Align Decoder/Encoder APIs.  Contributed by scottcarey.
lang/java/avro/src/main/java/org/apache/avro/io/BinaryDecoder.java,inputStream(),AVRO-769,3b5d0336,2011-02-25 23:45:30,AVRO-769. Java: Align Decoder/Encoder APIs.  Contributed by scottcarey.
lang/java/avro/src/main/java/org/apache/avro/io/Decoder.java,init(InputStream),AVRO-769,3b5d0336,2011-02-25 23:45:30,AVRO-769. Java: Align Decoder/Encoder APIs.  Contributed by scottcarey.
lang/java/avro/src/main/java/org/apache/avro/io/DecoderFactory.java,defaultFactory(),AVRO-769,3b5d0336,2011-02-25 23:45:30,AVRO-769. Java: Align Decoder/Encoder APIs.  Contributed by scottcarey.
lang/java/avro/src/main/java/org/apache/avro/io/DecoderFactory.java,"createBinaryDecoder(byte[],int,int,BinaryDecoder)",AVRO-769,3b5d0336,2011-02-25 23:45:30,AVRO-769. Java: Align Decoder/Encoder APIs.  Contributed by scottcarey.
lang/java/avro/src/main/java/org/apache/avro/io/DecoderFactory.java,configureDirectDecoder(boolean),AVRO-769,3b5d0336,2011-02-25 23:45:30,AVRO-769. Java: Align Decoder/Encoder APIs.  Contributed by scottcarey.
lang/java/avro/src/main/java/org/apache/avro/io/DecoderFactory.java,"createBinaryDecoder(byte[],BinaryDecoder)",AVRO-769,3b5d0336,2011-02-25 23:45:30,AVRO-769. Java: Align Decoder/Encoder APIs.  Contributed by scottcarey.
lang/java/avro/src/main/java/org/apache/avro/io/DecoderFactory.java,"createBinaryDecoder(InputStream,BinaryDecoder)",AVRO-769,3b5d0336,2011-02-25 23:45:30,AVRO-769. Java: Align Decoder/Encoder APIs.  Contributed by scottcarey.
lang/java/avro/src/main/java/org/apache/avro/io/DecoderFactory.java,configureDirectDecoder(boolean),AVRO-769,3b5d0336,2011-02-25 23:45:30,AVRO-769. Java: Align Decoder/Encoder APIs.  Contributed by scottcarey.
lang/java/avro/src/main/java/org/apache/avro/io/DirectBinaryDecoder.java,DirectBinaryDecoder(InputStream),AVRO-769,3b5d0336,2011-02-25 23:45:30,AVRO-769. Java: Align Decoder/Encoder APIs.  Contributed by scottcarey.
lang/java/avro/src/main/java/org/apache/avro/io/DirectBinaryDecoder.java,init(InputStream),AVRO-769,3b5d0336,2011-02-25 23:45:30,AVRO-769. Java: Align Decoder/Encoder APIs.  Contributed by scottcarey.
lang/java/avro/src/main/java/org/apache/avro/io/EncoderFactory.java,"directBinaryEncoder(OutputStream,BinaryEncoder)",AVRO-769,3b5d0336,2011-02-25 23:45:30,AVRO-769. Java: Align Decoder/Encoder APIs.  Contributed by scottcarey.
lang/java/avro/src/main/java/org/apache/avro/io/EncoderFactory.java,"jsonEncoder(Schema,JsonGenerator)",AVRO-769,3b5d0336,2011-02-25 23:45:30,AVRO-769. Java: Align Decoder/Encoder APIs.  Contributed by scottcarey.
lang/java/avro/src/main/java/org/apache/avro/io/EncoderFactory.java,"jsonEncoder(Schema,OutputStream)",AVRO-769,3b5d0336,2011-02-25 23:45:30,AVRO-769. Java: Align Decoder/Encoder APIs.  Contributed by scottcarey.
lang/java/avro/src/main/java/org/apache/avro/io/EncoderFactory.java,getBufferSize(),AVRO-769,3b5d0336,2011-02-25 23:45:30,AVRO-769. Java: Align Decoder/Encoder APIs.  Contributed by scottcarey.
lang/java/avro/src/main/java/org/apache/avro/io/EncoderFactory.java,"validatingEncoder(Schema,Encoder)",AVRO-769,3b5d0336,2011-02-25 23:45:30,AVRO-769. Java: Align Decoder/Encoder APIs.  Contributed by scottcarey.
lang/java/avro/src/main/java/org/apache/avro/io/EncoderFactory.java,getBlockSize(),AVRO-769,3b5d0336,2011-02-25 23:45:30,AVRO-769. Java: Align Decoder/Encoder APIs.  Contributed by scottcarey.
lang/java/avro/src/main/java/org/apache/avro/io/EncoderFactory.java,"binaryEncoder(OutputStream,BinaryEncoder)",AVRO-769,3b5d0336,2011-02-25 23:45:30,AVRO-769. Java: Align Decoder/Encoder APIs.  Contributed by scottcarey.
lang/java/avro/src/main/java/org/apache/avro/io/EncoderFactory.java,"blockingBinaryEncoder(OutputStream,BinaryEncoder)",AVRO-769,3b5d0336,2011-02-25 23:45:30,AVRO-769. Java: Align Decoder/Encoder APIs.  Contributed by scottcarey.
lang/java/avro/src/main/java/org/apache/avro/io/JsonDecoder.java,"JsonDecoder(Schema,InputStream)",AVRO-769,3b5d0336,2011-02-25 23:45:30,AVRO-769. Java: Align Decoder/Encoder APIs.  Contributed by scottcarey.
lang/java/avro/src/main/java/org/apache/avro/io/JsonDecoder.java,"JsonDecoder(Symbol,InputStream)",AVRO-769,3b5d0336,2011-02-25 23:45:30,AVRO-769. Java: Align Decoder/Encoder APIs.  Contributed by scottcarey.
lang/java/avro/src/main/java/org/apache/avro/io/JsonDecoder.java,init(InputStream),AVRO-769,3b5d0336,2011-02-25 23:45:30,AVRO-769. Java: Align Decoder/Encoder APIs.  Contributed by scottcarey.
lang/java/avro/src/main/java/org/apache/avro/io/JsonDecoder.java,"JsonDecoder(Schema,String)",AVRO-769,3b5d0336,2011-02-25 23:45:30,AVRO-769. Java: Align Decoder/Encoder APIs.  Contributed by scottcarey.
lang/java/avro/src/main/java/org/apache/avro/io/JsonDecoder.java,"doAction(Symbol,Symbol)",AVRO-769,3b5d0336,2011-02-25 23:45:30,AVRO-769. Java: Align Decoder/Encoder APIs.  Contributed by scottcarey.
lang/java/avro/src/main/java/org/apache/avro/io/JsonDecoder.java,init(String),AVRO-769,3b5d0336,2011-02-25 23:45:30,AVRO-769. Java: Align Decoder/Encoder APIs.  Contributed by scottcarey.
lang/java/avro/src/main/java/org/apache/avro/io/JsonDecoder.java,setItemCount(long),AVRO-769,3b5d0336,2011-02-25 23:45:30,AVRO-769. Java: Align Decoder/Encoder APIs.  Contributed by scottcarey.
lang/java/avro/src/main/java/org/apache/avro/io/JsonDecoder.java,"JsonDecoder(Symbol,String)",AVRO-769,3b5d0336,2011-02-25 23:45:30,AVRO-769. Java: Align Decoder/Encoder APIs.  Contributed by scottcarey.
lang/java/avro/src/main/java/org/apache/avro/io/JsonEncoder.java,configure(OutputStream),AVRO-769,3b5d0336,2011-02-25 23:45:30,AVRO-769. Java: Align Decoder/Encoder APIs.  Contributed by scottcarey.
lang/java/avro/src/main/java/org/apache/avro/io/JsonEncoder.java,configure(JsonGenerator),AVRO-769,3b5d0336,2011-02-25 23:45:30,AVRO-769. Java: Align Decoder/Encoder APIs.  Contributed by scottcarey.
lang/java/avro/src/main/java/org/apache/avro/io/ParsingDecoder.java,skipTopSymbol(),AVRO-769,3b5d0336,2011-02-25 23:45:30,AVRO-769. Java: Align Decoder/Encoder APIs.  Contributed by scottcarey.
lang/java/avro/src/main/java/org/apache/avro/io/ParsingDecoder.java,skipAction(),AVRO-769,3b5d0336,2011-02-25 23:45:30,AVRO-769. Java: Align Decoder/Encoder APIs.  Contributed by scottcarey.
lang/java/avro/src/main/java/org/apache/avro/io/ParsingDecoder.java,ParsingDecoder(Symbol),AVRO-769,3b5d0336,2011-02-25 23:45:30,AVRO-769. Java: Align Decoder/Encoder APIs.  Contributed by scottcarey.
lang/java/avro/src/main/java/org/apache/avro/io/ResolvingDecoder.java,"doAction(Symbol,Symbol)",AVRO-769,3b5d0336,2011-02-25 23:45:30,AVRO-769. Java: Align Decoder/Encoder APIs.  Contributed by scottcarey.
lang/java/avro/src/main/java/org/apache/avro/io/ResolvingDecoder.java,"resolve(Schema,Schema)",AVRO-769,3b5d0336,2011-02-25 23:45:30,AVRO-769. Java: Align Decoder/Encoder APIs.  Contributed by scottcarey.
lang/java/avro/src/main/java/org/apache/avro/io/ResolvingDecoder.java,"ResolvingDecoder(Schema,Schema,Decoder)",AVRO-769,3b5d0336,2011-02-25 23:45:30,AVRO-769. Java: Align Decoder/Encoder APIs.  Contributed by scottcarey.
lang/java/avro/src/main/java/org/apache/avro/io/ResolvingDecoder.java,skipAction(),AVRO-769,3b5d0336,2011-02-25 23:45:30,AVRO-769. Java: Align Decoder/Encoder APIs.  Contributed by scottcarey.
lang/java/avro/src/main/java/org/apache/avro/io/ResolvingDecoder.java,"ResolvingDecoder(Object,Decoder)",AVRO-769,3b5d0336,2011-02-25 23:45:30,AVRO-769. Java: Align Decoder/Encoder APIs.  Contributed by scottcarey.
lang/java/avro/src/main/java/org/apache/avro/io/ValidatingDecoder.java,init(InputStream),AVRO-769,3b5d0336,2011-02-25 23:45:30,AVRO-769. Java: Align Decoder/Encoder APIs.  Contributed by scottcarey.
lang/java/avro/src/main/java/org/apache/avro/io/ValidatingDecoder.java,skipFixed(),AVRO-769,3b5d0336,2011-02-25 23:45:30,AVRO-769. Java: Align Decoder/Encoder APIs.  Contributed by scottcarey.
lang/java/avro/src/main/java/org/apache/avro/io/ValidatingDecoder.java,init(Decoder),AVRO-769,3b5d0336,2011-02-25 23:45:30,AVRO-769. Java: Align Decoder/Encoder APIs.  Contributed by scottcarey.
lang/java/avro/src/main/java/org/apache/avro/io/ValidatingDecoder.java,"ValidatingDecoder(Schema,Decoder)",AVRO-769,3b5d0336,2011-02-25 23:45:30,AVRO-769. Java: Align Decoder/Encoder APIs.  Contributed by scottcarey.
lang/java/avro/src/main/java/org/apache/avro/io/ValidatingDecoder.java,"doAction(Symbol,Symbol)",AVRO-769,3b5d0336,2011-02-25 23:45:30,AVRO-769. Java: Align Decoder/Encoder APIs.  Contributed by scottcarey.
lang/java/avro/src/main/java/org/apache/avro/io/ValidatingDecoder.java,"ValidatingDecoder(Symbol,Decoder)",AVRO-769,3b5d0336,2011-02-25 23:45:30,AVRO-769. Java: Align Decoder/Encoder APIs.  Contributed by scottcarey.
lang/java/avro/src/main/java/org/apache/avro/io/ValidatingEncoder.java,configure(Encoder),AVRO-769,3b5d0336,2011-02-25 23:45:30,AVRO-769. Java: Align Decoder/Encoder APIs.  Contributed by scottcarey.
lang/java/ipc/src/main/java/org/apache/avro/ipc/Requestor.java,"request(String,Object)",AVRO-769,3b5d0336,2011-02-25 23:45:30,AVRO-769. Java: Align Decoder/Encoder APIs.  Contributed by scottcarey.
lang/java/ipc/src/main/java/org/apache/avro/ipc/Requestor.java,getRemote(),AVRO-769,3b5d0336,2011-02-25 23:45:30,AVRO-769. Java: Align Decoder/Encoder APIs.  Contributed by scottcarey.
lang/java/ipc/src/main/java/org/apache/avro/ipc/Responder.java,"respond(List<ByteBuffer>,Transceiver)",AVRO-769,3b5d0336,2011-02-25 23:45:30,AVRO-769. Java: Align Decoder/Encoder APIs.  Contributed by scottcarey.
lang/java/mapred/src/main/java/org/apache/avro/mapred/AvroSerialization.java,open(InputStream),AVRO-769,3b5d0336,2011-02-25 23:45:30,AVRO-769. Java: Align Decoder/Encoder APIs.  Contributed by scottcarey.
lang/java/mapred/src/main/java/org/apache/avro/mapred/tether/TetherKeySerialization.java,open(InputStream),AVRO-769,3b5d0336,2011-02-25 23:45:30,AVRO-769. Java: Align Decoder/Encoder APIs.  Contributed by scottcarey.
lang/java/tools/src/main/java/org/apache/avro/tool/BinaryFragmentToJsonTool.java,"run(InputStream,PrintStream,PrintStream,List<String>)",AVRO-769,3b5d0336,2011-02-25 23:45:30,AVRO-769. Java: Align Decoder/Encoder APIs.  Contributed by scottcarey.
lang/java/tools/src/main/java/org/apache/avro/tool/DataFileWriteTool.java,"run(InputStream,PrintStream,PrintStream,List<String>)",AVRO-769,3b5d0336,2011-02-25 23:45:30,AVRO-769. Java: Align Decoder/Encoder APIs.  Contributed by scottcarey.
lang/java/tools/src/main/java/org/apache/avro/tool/JsonToBinaryFragmentTool.java,"run(InputStream,PrintStream,PrintStream,List<String>)",AVRO-769,3b5d0336,2011-02-25 23:45:30,AVRO-769. Java: Align Decoder/Encoder APIs.  Contributed by scottcarey.
lang/java/tools/src/main/java/org/apache/avro/tool/Util.java,"jsonToGenericDatum(Schema,String)",AVRO-769,3b5d0336,2011-02-25 23:45:30,AVRO-769. Java: Align Decoder/Encoder APIs.  Contributed by scottcarey.
lang/java/avro/src/main/java/org/apache/avro/file/DataFileStream.java,"writeBlockTo(BinaryEncoder,byte[])",AVRO-753,3962eec7,2011-02-25 00:36:40,AVRO-753. Java: Improve BinaryEncoder Performance.
lang/java/avro/src/main/java/org/apache/avro/file/DataFileStream.java,close(),AVRO-753,3962eec7,2011-02-25 00:36:40,AVRO-753. Java: Improve BinaryEncoder Performance.
lang/java/avro/src/main/java/org/apache/avro/file/DataFileStream.java,hasNext(),AVRO-753,3962eec7,2011-02-25 00:36:40,AVRO-753. Java: Improve BinaryEncoder Performance.
lang/java/avro/src/main/java/org/apache/avro/file/DataFileStream.java,remove(),AVRO-753,3962eec7,2011-02-25 00:36:40,AVRO-753. Java: Improve BinaryEncoder Performance.
lang/java/avro/src/main/java/org/apache/avro/file/DataFileStream.java,iterator(),AVRO-753,3962eec7,2011-02-25 00:36:40,AVRO-753. Java: Improve BinaryEncoder Performance.
lang/java/avro/src/main/java/org/apache/avro/file/DataFileStream.java,next(),AVRO-753,3962eec7,2011-02-25 00:36:40,AVRO-753. Java: Improve BinaryEncoder Performance.
lang/java/avro/src/main/java/org/apache/avro/file/DataFileWriter.java,writeBlock(),AVRO-753,3962eec7,2011-02-25 00:36:40,AVRO-753. Java: Improve BinaryEncoder Performance.
lang/java/avro/src/main/java/org/apache/avro/file/DataFileWriter.java,close(),AVRO-753,3962eec7,2011-02-25 00:36:40,AVRO-753. Java: Improve BinaryEncoder Performance.
lang/java/avro/src/main/java/org/apache/avro/file/DataFileWriter.java,appendEncoded(ByteBuffer),AVRO-753,3962eec7,2011-02-25 00:36:40,AVRO-753. Java: Improve BinaryEncoder Performance.
lang/java/avro/src/main/java/org/apache/avro/file/DataFileWriter.java,"create(Schema,OutputStream)",AVRO-753,3962eec7,2011-02-25 00:36:40,AVRO-753. Java: Improve BinaryEncoder Performance.
lang/java/avro/src/main/java/org/apache/avro/file/DataFileWriter.java,init(OutputStream),AVRO-753,3962eec7,2011-02-25 00:36:40,AVRO-753. Java: Improve BinaryEncoder Performance.
lang/java/avro/src/main/java/org/apache/avro/file/DataFileWriter.java,append(D),AVRO-753,3962eec7,2011-02-25 00:36:40,AVRO-753. Java: Improve BinaryEncoder Performance.
lang/java/avro/src/main/java/org/apache/avro/file/DataFileWriter.java,flush(),AVRO-753,3962eec7,2011-02-25 00:36:40,AVRO-753. Java: Improve BinaryEncoder Performance.
lang/java/avro/src/main/java/org/apache/avro/file/DataFileWriter.java,"write(byte[],int,int)",AVRO-753,3962eec7,2011-02-25 00:36:40,AVRO-753. Java: Improve BinaryEncoder Performance.
lang/java/avro/src/main/java/org/apache/avro/io/BinaryEncoder.java,writeString(Utf8),AVRO-753,3962eec7,2011-02-25 00:36:40,AVRO-753. Java: Improve BinaryEncoder Performance.
lang/java/avro/src/main/java/org/apache/avro/io/BinaryEncoder.java,"encodeLong(long,OutputStream)",AVRO-753,3962eec7,2011-02-25 00:36:40,AVRO-753. Java: Improve BinaryEncoder Performance.
lang/java/avro/src/main/java/org/apache/avro/io/BinaryEncoder.java,"encodeDouble(double,byte[],int)",AVRO-753,3962eec7,2011-02-25 00:36:40,AVRO-753. Java: Improve BinaryEncoder Performance.
lang/java/avro/src/main/java/org/apache/avro/io/BinaryEncoder.java,writeBoolean(boolean),AVRO-753,3962eec7,2011-02-25 00:36:40,AVRO-753. Java: Improve BinaryEncoder Performance.
lang/java/avro/src/main/java/org/apache/avro/io/BinaryEncoder.java,"encodeLong(long,byte[],int)",AVRO-753,3962eec7,2011-02-25 00:36:40,AVRO-753. Java: Improve BinaryEncoder Performance.
lang/java/avro/src/main/java/org/apache/avro/io/BinaryEncoder.java,writeArrayEnd(),AVRO-753,3962eec7,2011-02-25 00:36:40,AVRO-753. Java: Improve BinaryEncoder Performance.
lang/java/avro/src/main/java/org/apache/avro/io/BinaryEncoder.java,writeEnum(int),AVRO-753,3962eec7,2011-02-25 00:36:40,AVRO-753. Java: Improve BinaryEncoder Performance.
lang/java/avro/src/main/java/org/apache/avro/io/BinaryEncoder.java,init(OutputStream),AVRO-753,3962eec7,2011-02-25 00:36:40,AVRO-753. Java: Improve BinaryEncoder Performance.
lang/java/avro/src/main/java/org/apache/avro/io/BinaryEncoder.java,writeBytes(ByteBuffer),AVRO-753,3962eec7,2011-02-25 00:36:40,AVRO-753. Java: Improve BinaryEncoder Performance.
lang/java/avro/src/main/java/org/apache/avro/io/BinaryEncoder.java,"encodeDouble(double,OutputStream)",AVRO-753,3962eec7,2011-02-25 00:36:40,AVRO-753. Java: Improve BinaryEncoder Performance.
lang/java/avro/src/main/java/org/apache/avro/io/BinaryEncoder.java,writeString(String),AVRO-753,3962eec7,2011-02-25 00:36:40,AVRO-753. Java: Improve BinaryEncoder Performance.
lang/java/avro/src/main/java/org/apache/avro/io/BinaryEncoder.java,"writeFixed(byte[],int,int)",AVRO-753,3962eec7,2011-02-25 00:36:40,AVRO-753. Java: Improve BinaryEncoder Performance.
lang/java/avro/src/main/java/org/apache/avro/io/BinaryEncoder.java,BinaryEncoder(OutputStream),AVRO-753,3962eec7,2011-02-25 00:36:40,AVRO-753. Java: Improve BinaryEncoder Performance.
lang/java/avro/src/main/java/org/apache/avro/io/BinaryEncoder.java,"writeBytes(byte[],int,int)",AVRO-753,3962eec7,2011-02-25 00:36:40,AVRO-753. Java: Improve BinaryEncoder Performance.
lang/java/avro/src/main/java/org/apache/avro/io/BinaryEncoder.java,writeLong(long),AVRO-753,3962eec7,2011-02-25 00:36:40,AVRO-753. Java: Improve BinaryEncoder Performance.
lang/java/avro/src/main/java/org/apache/avro/io/BinaryEncoder.java,"encodeFloat(float,OutputStream)",AVRO-753,3962eec7,2011-02-25 00:36:40,AVRO-753. Java: Improve BinaryEncoder Performance.
lang/java/avro/src/main/java/org/apache/avro/io/BinaryEncoder.java,writeMapEnd(),AVRO-753,3962eec7,2011-02-25 00:36:40,AVRO-753. Java: Improve BinaryEncoder Performance.
lang/java/avro/src/main/java/org/apache/avro/io/BinaryEncoder.java,writeFloat(float),AVRO-753,3962eec7,2011-02-25 00:36:40,AVRO-753. Java: Improve BinaryEncoder Performance.
lang/java/avro/src/main/java/org/apache/avro/io/BinaryEncoder.java,setItemCount(long),AVRO-753,3962eec7,2011-02-25 00:36:40,AVRO-753. Java: Improve BinaryEncoder Performance.
lang/java/avro/src/main/java/org/apache/avro/io/BinaryEncoder.java,writeDouble(double),AVRO-753,3962eec7,2011-02-25 00:36:40,AVRO-753. Java: Improve BinaryEncoder Performance.
lang/java/avro/src/main/java/org/apache/avro/io/BinaryEncoder.java,writeInt(int),AVRO-753,3962eec7,2011-02-25 00:36:40,AVRO-753. Java: Improve BinaryEncoder Performance.
lang/java/avro/src/main/java/org/apache/avro/io/BinaryEncoder.java,writeIndex(int),AVRO-753,3962eec7,2011-02-25 00:36:40,AVRO-753. Java: Improve BinaryEncoder Performance.
lang/java/avro/src/main/java/org/apache/avro/io/BinaryEncoder.java,flush(),AVRO-753,3962eec7,2011-02-25 00:36:40,AVRO-753. Java: Improve BinaryEncoder Performance.
lang/java/avro/src/main/java/org/apache/avro/io/BinaryEncoder.java,"encodeString(byte[],int,int)",AVRO-753,3962eec7,2011-02-25 00:36:40,AVRO-753. Java: Improve BinaryEncoder Performance.
lang/java/avro/src/main/java/org/apache/avro/io/BinaryEncoder.java,"encodeFloat(float,byte[],int)",AVRO-753,3962eec7,2011-02-25 00:36:40,AVRO-753. Java: Improve BinaryEncoder Performance.
lang/java/avro/src/main/java/org/apache/avro/io/BlockingBinaryEncoder.java,"doWriteBytes(byte[],int,int)",AVRO-753,3962eec7,2011-02-25 00:36:40,AVRO-753. Java: Improve BinaryEncoder Performance.
lang/java/avro/src/main/java/org/apache/avro/io/BlockingBinaryEncoder.java,writeString(Utf8),AVRO-753,3962eec7,2011-02-25 00:36:40,AVRO-753. Java: Improve BinaryEncoder Performance.
lang/java/avro/src/main/java/org/apache/avro/io/BlockingBinaryEncoder.java,writeBoolean(boolean),AVRO-753,3962eec7,2011-02-25 00:36:40,AVRO-753. Java: Improve BinaryEncoder Performance.
lang/java/avro/src/main/java/org/apache/avro/io/BlockingBinaryEncoder.java,ensure(int),AVRO-753,3962eec7,2011-02-25 00:36:40,AVRO-753. Java: Improve BinaryEncoder Performance.
lang/java/avro/src/main/java/org/apache/avro/io/BlockingBinaryEncoder.java,BlockingBinaryEncoder(OutputStream),AVRO-753,3962eec7,2011-02-25 00:36:40,AVRO-753. Java: Improve BinaryEncoder Performance.
lang/java/avro/src/main/java/org/apache/avro/io/BlockingBinaryEncoder.java,check(),AVRO-753,3962eec7,2011-02-25 00:36:40,AVRO-753. Java: Improve BinaryEncoder Performance.
lang/java/avro/src/main/java/org/apache/avro/io/BlockingBinaryEncoder.java,compact(),AVRO-753,3962eec7,2011-02-25 00:36:40,AVRO-753. Java: Improve BinaryEncoder Performance.
lang/java/avro/src/main/java/org/apache/avro/io/BlockingBinaryEncoder.java,writeEnum(int),AVRO-753,3962eec7,2011-02-25 00:36:40,AVRO-753. Java: Improve BinaryEncoder Performance.
lang/java/avro/src/main/java/org/apache/avro/io/BlockingBinaryEncoder.java,init(OutputStream),AVRO-753,3962eec7,2011-02-25 00:36:40,AVRO-753. Java: Improve BinaryEncoder Performance.
lang/java/avro/src/main/java/org/apache/avro/io/BlockingBinaryEncoder.java,writeBytes(ByteBuffer),AVRO-753,3962eec7,2011-02-25 00:36:40,AVRO-753. Java: Improve BinaryEncoder Performance.
lang/java/avro/src/main/java/org/apache/avro/io/BlockingBinaryEncoder.java,"BlockingBinaryEncoder(OutputStream,int)",AVRO-753,3962eec7,2011-02-25 00:36:40,AVRO-753. Java: Improve BinaryEncoder Performance.
lang/java/avro/src/main/java/org/apache/avro/io/BlockingBinaryEncoder.java,finishOverflow(),AVRO-753,3962eec7,2011-02-25 00:36:40,AVRO-753. Java: Improve BinaryEncoder Performance.
lang/java/avro/src/main/java/org/apache/avro/io/BlockingBinaryEncoder.java,writeString(String),AVRO-753,3962eec7,2011-02-25 00:36:40,AVRO-753. Java: Improve BinaryEncoder Performance.
lang/java/avro/src/main/java/org/apache/avro/io/BlockingBinaryEncoder.java,endBlockedValue(),AVRO-753,3962eec7,2011-02-25 00:36:40,AVRO-753. Java: Improve BinaryEncoder Performance.
lang/java/avro/src/main/java/org/apache/avro/io/BlockingBinaryEncoder.java,"writeFixed(byte[],int,int)",AVRO-753,3962eec7,2011-02-25 00:36:40,AVRO-753. Java: Improve BinaryEncoder Performance.
lang/java/avro/src/main/java/org/apache/avro/io/BlockingBinaryEncoder.java,"writeBytes(byte[],int,int)",AVRO-753,3962eec7,2011-02-25 00:36:40,AVRO-753. Java: Improve BinaryEncoder Performance.
lang/java/avro/src/main/java/org/apache/avro/io/BlockingBinaryEncoder.java,writeLong(long),AVRO-753,3962eec7,2011-02-25 00:36:40,AVRO-753. Java: Improve BinaryEncoder Performance.
lang/java/avro/src/main/java/org/apache/avro/io/BlockingBinaryEncoder.java,writeFloat(float),AVRO-753,3962eec7,2011-02-25 00:36:40,AVRO-753. Java: Improve BinaryEncoder Performance.
lang/java/avro/src/main/java/org/apache/avro/io/BlockingBinaryEncoder.java,writeDouble(double),AVRO-753,3962eec7,2011-02-25 00:36:40,AVRO-753. Java: Improve BinaryEncoder Performance.
lang/java/avro/src/main/java/org/apache/avro/io/BlockingBinaryEncoder.java,writeInt(int),AVRO-753,3962eec7,2011-02-25 00:36:40,AVRO-753. Java: Improve BinaryEncoder Performance.
lang/java/avro/src/main/java/org/apache/avro/io/BlockingBinaryEncoder.java,writeIndex(int),AVRO-753,3962eec7,2011-02-25 00:36:40,AVRO-753. Java: Improve BinaryEncoder Performance.
lang/java/avro/src/main/java/org/apache/avro/io/BlockingBinaryEncoder.java,flush(),AVRO-753,3962eec7,2011-02-25 00:36:40,AVRO-753. Java: Improve BinaryEncoder Performance.
lang/java/avro/src/main/java/org/apache/avro/io/BlockingBinaryEncoder.java,"write(byte[],int,int)",AVRO-753,3962eec7,2011-02-25 00:36:40,AVRO-753. Java: Improve BinaryEncoder Performance.
lang/java/avro/src/main/java/org/apache/avro/io/Encoder.java,init(OutputStream),AVRO-753,3962eec7,2011-02-25 00:36:40,AVRO-753. Java: Improve BinaryEncoder Performance.
lang/java/avro/src/main/java/org/apache/avro/io/JsonEncoder.java,"JsonEncoder(Schema,JsonGenerator)",AVRO-753,3962eec7,2011-02-25 00:36:40,AVRO-753. Java: Improve BinaryEncoder Performance.
lang/java/avro/src/main/java/org/apache/avro/io/JsonEncoder.java,"JsonEncoder(Schema,OutputStream)",AVRO-753,3962eec7,2011-02-25 00:36:40,AVRO-753. Java: Improve BinaryEncoder Performance.
lang/java/avro/src/main/java/org/apache/avro/io/JsonEncoder.java,init(OutputStream),AVRO-753,3962eec7,2011-02-25 00:36:40,AVRO-753. Java: Improve BinaryEncoder Performance.
lang/java/avro/src/main/java/org/apache/avro/io/JsonEncoder.java,getJsonGenerator(OutputStream),AVRO-753,3962eec7,2011-02-25 00:36:40,AVRO-753. Java: Improve BinaryEncoder Performance.
lang/java/avro/src/main/java/org/apache/avro/io/ValidatingEncoder.java,init(OutputStream),AVRO-753,3962eec7,2011-02-25 00:36:40,AVRO-753. Java: Improve BinaryEncoder Performance.
lang/java/avro/src/main/java/org/apache/avro/io/ValidatingEncoder.java,isTopEmpty(),AVRO-753,3962eec7,2011-02-25 00:36:40,AVRO-753. Java: Improve BinaryEncoder Performance.
lang/java/avro/src/main/java/org/apache/avro/io/ValidatingEncoder.java,"ValidatingEncoder(Schema,Encoder)",AVRO-753,3962eec7,2011-02-25 00:36:40,AVRO-753. Java: Improve BinaryEncoder Performance.
lang/java/avro/src/main/java/org/apache/avro/io/parsing/ResolvingGrammarGenerator.java,"getBinary(Schema,JsonNode)",AVRO-753,3962eec7,2011-02-25 00:36:40,AVRO-753. Java: Improve BinaryEncoder Performance.
lang/java/avro/src/main/java/org/apache/avro/util/Utf8.java,getBytesFor(String),AVRO-753,3962eec7,2011-02-25 00:36:40,AVRO-753. Java: Improve BinaryEncoder Performance.
lang/java/avro/src/main/java/org/apache/avro/util/Utf8.java,Utf8(String),AVRO-753,3962eec7,2011-02-25 00:36:40,AVRO-753. Java: Improve BinaryEncoder Performance.
lang/java/avro/src/main/java/org/apache/avro/util/Utf8.java,compareTo(Utf8),AVRO-753,3962eec7,2011-02-25 00:36:40,AVRO-753. Java: Improve BinaryEncoder Performance.
lang/java/ipc/src/main/java/org/apache/avro/ipc/Requestor.java,"request(String,Object)",AVRO-753,3962eec7,2011-02-25 00:36:40,AVRO-753. Java: Improve BinaryEncoder Performance.
lang/java/ipc/src/main/java/org/apache/avro/ipc/Requestor.java,getRemote(),AVRO-753,3962eec7,2011-02-25 00:36:40,AVRO-753. Java: Improve BinaryEncoder Performance.
lang/java/ipc/src/main/java/org/apache/avro/ipc/Responder.java,"respond(List<ByteBuffer>,Transceiver)",AVRO-753,3962eec7,2011-02-25 00:36:40,AVRO-753. Java: Improve BinaryEncoder Performance.
lang/java/mapred/src/main/java/org/apache/avro/mapred/AvroSerialization.java,open(OutputStream),AVRO-753,3962eec7,2011-02-25 00:36:40,AVRO-753. Java: Improve BinaryEncoder Performance.
lang/java/mapred/src/main/java/org/apache/avro/mapred/AvroSerialization.java,serialize(AvroWrapper<T>),AVRO-753,3962eec7,2011-02-25 00:36:40,AVRO-753. Java: Improve BinaryEncoder Performance.
lang/java/mapred/src/main/java/org/apache/avro/mapred/tether/TetherKeySerialization.java,close(),AVRO-753,3962eec7,2011-02-25 00:36:40,AVRO-753. Java: Improve BinaryEncoder Performance.
lang/java/mapred/src/main/java/org/apache/avro/mapred/tether/TetherKeySerialization.java,open(OutputStream),AVRO-753,3962eec7,2011-02-25 00:36:40,AVRO-753. Java: Improve BinaryEncoder Performance.
lang/java/tools/src/main/java/org/apache/avro/tool/BinaryFragmentToJsonTool.java,"run(InputStream,PrintStream,PrintStream,List<String>)",AVRO-753,3962eec7,2011-02-25 00:36:40,AVRO-753. Java: Improve BinaryEncoder Performance.
lang/java/tools/src/main/java/org/apache/avro/tool/DataFileReadTool.java,"run(InputStream,PrintStream,PrintStream,List<String>)",AVRO-753,3962eec7,2011-02-25 00:36:40,AVRO-753. Java: Improve BinaryEncoder Performance.
lang/java/tools/src/main/java/org/apache/avro/tool/JsonToBinaryFragmentTool.java,"run(InputStream,PrintStream,PrintStream,List<String>)",AVRO-753,3962eec7,2011-02-25 00:36:40,AVRO-753. Java: Improve BinaryEncoder Performance.
lang/java/tools/src/main/java/org/apache/avro/tool/RpcReceiveTool.java,"respond(Message,Object)",AVRO-753,3962eec7,2011-02-25 00:36:40,AVRO-753. Java: Improve BinaryEncoder Performance.
lang/java/tools/src/main/java/org/apache/avro/tool/RpcSendTool.java,"dumpJson(PrintStream,Schema,Object)",AVRO-753,3962eec7,2011-02-25 00:36:40,AVRO-753. Java: Improve BinaryEncoder Performance.
lang/java/avro/src/main/java/org/apache/avro/io/BinaryData.java,"compare(byte[],int,byte[],int,Schema)",AVRO-762,1ab4eec4,2011-02-16 01:12:35,AVRO-762. Java: Bug in BinaryData.compare() with offset comparison.
lang/java/mapred/src/main/java/org/apache/avro/mapred/AvroKeyComparator.java,"compare(byte[],int,int,byte[],int,int)",AVRO-762,1ab4eec4,2011-02-16 01:12:35,AVRO-762. Java: Bug in BinaryData.compare() with offset comparison.
lang/java/mapred/src/main/java/org/apache/avro/mapred/tether/TetherKeyComparator.java,"compare(byte[],int,int,byte[],int,int)",AVRO-762,1ab4eec4,2011-02-16 01:12:35,AVRO-762. Java: Bug in BinaryData.compare() with offset comparison.
lang/java/avro/src/main/java/org/apache/avro/io/BinaryDecoder.java,readInt(),AVRO-765,555df469,2011-02-14 19:10:52,AVRO-765. Java: Improvement to BinaryDecoder readLong performance
lang/java/avro/src/main/java/org/apache/avro/io/BinaryDecoder.java,readString(Utf8),AVRO-765,555df469,2011-02-14 19:10:52,AVRO-765. Java: Improvement to BinaryDecoder readLong performance
lang/java/avro/src/main/java/org/apache/avro/io/BinaryDecoder.java,readLong(),AVRO-765,555df469,2011-02-14 19:10:52,AVRO-765. Java: Improvement to BinaryDecoder readLong performance
lang/java/avro/src/main/java/org/apache/avro/generic/GenericDatumReader.java,setExpected(Schema),AVRO-743,9a34604d,2011-02-07 18:37:16,AVRO-743 Java: Performance Regression and memory pressure with GenericDatumReader
lang/java/avro/src/main/java/org/apache/avro/generic/GenericDatumReader.java,"GenericDatumReader(Schema,Schema,GenericData)",AVRO-743,9a34604d,2011-02-07 18:37:16,AVRO-743 Java: Performance Regression and memory pressure with GenericDatumReader
lang/java/avro/src/main/java/org/apache/avro/generic/GenericDatumReader.java,setSchema(Schema),AVRO-743,9a34604d,2011-02-07 18:37:16,AVRO-743 Java: Performance Regression and memory pressure with GenericDatumReader
lang/java/avro/src/main/java/org/apache/avro/generic/GenericDatumReader.java,"getResolver(Schema,Schema)",AVRO-743,9a34604d,2011-02-07 18:37:16,AVRO-743 Java: Performance Regression and memory pressure with GenericDatumReader
lang/java/avro/src/main/java/org/apache/avro/file/DataFileConstants.java,DataFileConstants(),AVRO-719,ee5428d3,2011-01-07 21:19:36,AVRO-719. Java: Permit MapReduce programs to alter output file sync interval.  Contributed by Joe Crobak.
lang/java/mapred/src/main/java/org/apache/avro/mapred/AvroOutputFormat.java,"getRecordWriter(FileSystem,JobConf,String,Progressable)",AVRO-719,ee5428d3,2011-01-07 21:19:36,AVRO-719. Java: Permit MapReduce programs to alter output file sync interval.  Contributed by Joe Crobak.
lang/java/src/java/org/apache/avro/specific/SpecificData.java,getClass(Schema),AVRO-637,cac87ab4,2010-09-01 03:20:12,AVRO-637. Fix specific to use correct type for array message parameters.
lang/java/src/java/org/apache/avro/generic/GenericArray.java,size(),AVRO-637,2b664be8,2010-08-30 16:36:31,AVRO-637. Java: Change GenericArray to implement List.
lang/java/src/java/org/apache/avro/generic/GenericArray.java,clear(),AVRO-637,2b664be8,2010-08-30 16:36:31,AVRO-637. Java: Change GenericArray to implement List.
lang/java/src/java/org/apache/avro/generic/GenericArray.java,add(T),AVRO-637,2b664be8,2010-08-30 16:36:31,AVRO-637. Java: Change GenericArray to implement List.
lang/java/src/java/org/apache/avro/generic/GenericData.java,induce(Object),AVRO-637,2b664be8,2010-08-30 16:36:31,AVRO-637. Java: Change GenericArray to implement List.
lang/java/src/java/org/apache/avro/generic/GenericData.java,size(),AVRO-637,2b664be8,2010-08-30 16:36:31,AVRO-637. Java: Change GenericArray to implement List.
lang/java/src/java/org/apache/avro/generic/GenericData.java,clear(),AVRO-637,2b664be8,2010-08-30 16:36:31,AVRO-637. Java: Change GenericArray to implement List.
lang/java/src/java/org/apache/avro/generic/GenericData.java,compareTo(Array<T>),AVRO-637,2b664be8,2010-08-30 16:36:31,AVRO-637. Java: Change GenericArray to implement List.
lang/java/src/java/org/apache/avro/generic/GenericData.java,add(T),AVRO-637,2b664be8,2010-08-30 16:36:31,AVRO-637. Java: Change GenericArray to implement List.
lang/java/src/java/org/apache/avro/generic/GenericData.java,iterator(),AVRO-637,2b664be8,2010-08-30 16:36:31,AVRO-637. Java: Change GenericArray to implement List.
lang/java/src/java/org/apache/avro/generic/GenericData.java,isArray(Object),AVRO-637,2b664be8,2010-08-30 16:36:31,AVRO-637. Java: Change GenericArray to implement List.
lang/java/src/java/org/apache/avro/generic/GenericData.java,"toString(Object,StringBuilder)",AVRO-637,2b664be8,2010-08-30 16:36:31,AVRO-637. Java: Change GenericArray to implement List.
lang/java/src/java/org/apache/avro/generic/GenericDatumReader.java,peekArray(Object),AVRO-637,2b664be8,2010-08-30 16:36:31,AVRO-637. Java: Change GenericArray to implement List.
lang/java/src/java/org/apache/avro/generic/GenericDatumReader.java,"newArray(Object,int,Schema)",AVRO-637,2b664be8,2010-08-30 16:36:31,AVRO-637. Java: Change GenericArray to implement List.
lang/java/src/java/org/apache/avro/generic/GenericDatumReader.java,"addToArray(Object,long,Object)",AVRO-637,2b664be8,2010-08-30 16:36:31,AVRO-637. Java: Change GenericArray to implement List.
lang/java/src/java/org/apache/avro/generic/GenericDatumWriter.java,getArraySize(Object),AVRO-637,2b664be8,2010-08-30 16:36:31,AVRO-637. Java: Change GenericArray to implement List.
lang/java/src/java/org/apache/avro/generic/GenericDatumWriter.java,getArrayElements(Object),AVRO-637,2b664be8,2010-08-30 16:36:31,AVRO-637. Java: Change GenericArray to implement List.
lang/java/src/java/org/apache/avro/ipc/trace/TracePlugin.java,"getSpansInRange(long,long)",AVRO-637,2b664be8,2010-08-30 16:36:31,AVRO-637. Java: Change GenericArray to implement List.
lang/java/src/java/org/apache/avro/ipc/trace/TracePlugin.java,getAllSpans(),AVRO-637,2b664be8,2010-08-30 16:36:31,AVRO-637. Java: Change GenericArray to implement List.
lang/java/src/java/org/apache/avro/specific/SpecificCompiler.java,type(Schema),AVRO-637,2b664be8,2010-08-30 16:36:31,AVRO-637. Java: Change GenericArray to implement List.
lang/java/src/java/org/apache/avro/specific/SpecificData.java,getClass(Schema),AVRO-637,2b664be8,2010-08-30 16:36:31,AVRO-637. Java: Change GenericArray to implement List.
lang/java/src/java/org/apache/avro/specific/SpecificData.java,"createSchema(java.lang.reflect.Type,Map<String, Schema>)",AVRO-637,2b664be8,2010-08-30 16:36:31,AVRO-637. Java: Change GenericArray to implement List.
lang/java/src/java/org/apache/avro/generic/GenericDatumReader.java,"read(D,Decoder)",AVRO-557,de72584e,2010-08-10 22:19:05,AVRO-557. Java: Cache ResolvingDecoder instances in GenericDatumReader.
lang/java/src/java/org/apache/avro/file/DataFileStream.java,hasNext(),AVRO-512,cac9e93d,2010-06-15 18:21:18,AVRO-512. Java: Define and implement MapReduce connector protocols.
lang/java/src/java/org/apache/avro/file/DataFileStream.java,hasNextBlock(),AVRO-512,cac9e93d,2010-06-15 18:21:18,AVRO-512. Java: Define and implement MapReduce connector protocols.
lang/java/src/java/org/apache/avro/generic/GenericData.java,"hashCode(Object,Schema)",AVRO-512,cac9e93d,2010-06-15 18:21:18,AVRO-512. Java: Define and implement MapReduce connector protocols.
lang/java/src/java/org/apache/avro/ipc/ByteBufferOutputStream.java,writeBuffer(ByteBuffer),AVRO-512,cac9e93d,2010-06-15 18:21:18,AVRO-512. Java: Define and implement MapReduce connector protocols.
lang/java/src/java/org/apache/avro/mapred/AvroJob.java,"setMapOutputGeneric(JobConf,Schema)",AVRO-512,cac9e93d,2010-06-15 18:21:18,AVRO-512. Java: Define and implement MapReduce connector protocols.
lang/java/src/java/org/apache/avro/mapred/AvroJob.java,"setOutputSpecific(JobConf,Schema)",AVRO-512,cac9e93d,2010-06-15 18:21:18,AVRO-512. Java: Define and implement MapReduce connector protocols.
lang/java/src/java/org/apache/avro/mapred/AvroJob.java,"setMapOutputSpecific(JobConf,Schema)",AVRO-512,cac9e93d,2010-06-15 18:21:18,AVRO-512. Java: Define and implement MapReduce connector protocols.
lang/java/src/java/org/apache/avro/mapred/AvroJob.java,"setOutputGeneric(JobConf,Schema)",AVRO-512,cac9e93d,2010-06-15 18:21:18,AVRO-512. Java: Define and implement MapReduce connector protocols.
lang/java/src/java/org/apache/avro/mapred/AvroKeyComparator.java,setConf(Configuration),AVRO-512,cac9e93d,2010-06-15 18:21:18,AVRO-512. Java: Define and implement MapReduce connector protocols.
lang/java/src/java/org/apache/avro/mapred/AvroKeySerialization.java,getSerializer(Class<AvroWrapper<T>>),AVRO-512,cac9e93d,2010-06-15 18:21:18,AVRO-512. Java: Define and implement MapReduce connector protocols.
lang/java/src/java/org/apache/avro/mapred/AvroKeySerialization.java,getDeserializer(Class<AvroWrapper<T>>),AVRO-512,cac9e93d,2010-06-15 18:21:18,AVRO-512. Java: Define and implement MapReduce connector protocols.
lang/java/src/java/org/apache/avro/mapred/AvroOutputFormat.java,"getRecordWriter(FileSystem,JobConf,String,Progressable)",AVRO-512,cac9e93d,2010-06-15 18:21:18,AVRO-512. Java: Define and implement MapReduce connector protocols.
lang/java/src/java/org/apache/avro/specific/SpecificResponder.java,"respond(Message,Object)",AVRO-512,cac9e93d,2010-06-15 18:21:18,AVRO-512. Java: Define and implement MapReduce connector protocols.
lang/java/src/java/org/apache/avro/tool/Main.java,Main(),AVRO-512,cac9e93d,2010-06-15 18:21:18,AVRO-512. Java: Define and implement MapReduce connector protocols.
lang/java/src/java/org/apache/avro/util/Utf8.java,hashCode(),AVRO-512,cac9e93d,2010-06-15 18:21:18,AVRO-512. Java: Define and implement MapReduce connector protocols.
lang/java/src/java/org/apache/avro/file/Codec.java,decompress(byte[]),AVRO-392,03e67154,2010-02-19 21:45:10,AVRO-392. Overhaul of Java binary decoder.  Contributed by Scott Carey.
lang/java/src/java/org/apache/avro/file/DataFileReader.java,"DataFileReader(SeekableInput,DatumReader<D>)",AVRO-392,03e67154,2010-02-19 21:45:10,AVRO-392. Overhaul of Java binary decoder.  Contributed by Scott Carey.
lang/java/src/java/org/apache/avro/file/DataFileReader.java,seek(long),AVRO-392,03e67154,2010-02-19 21:45:10,AVRO-392. Overhaul of Java binary decoder.  Contributed by Scott Carey.
lang/java/src/java/org/apache/avro/file/DataFileReader.java,pastSync(long),AVRO-392,03e67154,2010-02-19 21:45:10,AVRO-392. Overhaul of Java binary decoder.  Contributed by Scott Carey.
lang/java/src/java/org/apache/avro/file/DataFileReader.java,sync(long),AVRO-392,03e67154,2010-02-19 21:45:10,AVRO-392. Overhaul of Java binary decoder.  Contributed by Scott Carey.
lang/java/src/java/org/apache/avro/file/DataFileReader.java,skipSync(),AVRO-392,03e67154,2010-02-19 21:45:10,AVRO-392. Overhaul of Java binary decoder.  Contributed by Scott Carey.
lang/java/src/java/org/apache/avro/file/DataFileStream.java,"DataFileStream(InputStream,DatumReader<D>)",AVRO-392,03e67154,2010-02-19 21:45:10,AVRO-392. Overhaul of Java binary decoder.  Contributed by Scott Carey.
lang/java/src/java/org/apache/avro/file/DataFileStream.java,close(),AVRO-392,03e67154,2010-02-19 21:45:10,AVRO-392. Overhaul of Java binary decoder.  Contributed by Scott Carey.
lang/java/src/java/org/apache/avro/file/DataFileStream.java,hasNext(),AVRO-392,03e67154,2010-02-19 21:45:10,AVRO-392. Overhaul of Java binary decoder.  Contributed by Scott Carey.
lang/java/src/java/org/apache/avro/file/DeflateCodec.java,decompress(byte[]),AVRO-392,03e67154,2010-02-19 21:45:10,AVRO-392. Overhaul of Java binary decoder.  Contributed by Scott Carey.
lang/java/src/java/org/apache/avro/file/NullCodec.java,decompress(byte[]),AVRO-392,03e67154,2010-02-19 21:45:10,AVRO-392. Overhaul of Java binary decoder.  Contributed by Scott Carey.
lang/java/src/java/org/apache/avro/io/BinaryData.java,"compare(byte[],int,byte[],int,Schema)",AVRO-392,03e67154,2010-02-19 21:45:10,AVRO-392. Overhaul of Java binary decoder.  Contributed by Scott Carey.
lang/java/src/java/org/apache/avro/io/BinaryData.java,"compare(Decoders,Schema)",AVRO-392,03e67154,2010-02-19 21:45:10,AVRO-392. Overhaul of Java binary decoder.  Contributed by Scott Carey.
lang/java/src/java/org/apache/avro/io/BinaryData.java,Decoders(),AVRO-392,03e67154,2010-02-19 21:45:10,AVRO-392. Overhaul of Java binary decoder.  Contributed by Scott Carey.
lang/java/src/java/org/apache/avro/io/BinaryDecoder.java,BinaryDecoder(InputStream),AVRO-392,03e67154,2010-02-19 21:45:10,AVRO-392. Overhaul of Java binary decoder.  Contributed by Scott Carey.
lang/java/src/java/org/apache/avro/io/BinaryDecoder.java,readInt(),AVRO-392,03e67154,2010-02-19 21:45:10,AVRO-392. Overhaul of Java binary decoder.  Contributed by Scott Carey.
lang/java/src/java/org/apache/avro/io/BinaryDecoder.java,"doReadBytes(byte[],int,int)",AVRO-392,03e67154,2010-02-19 21:45:10,AVRO-392. Overhaul of Java binary decoder.  Contributed by Scott Carey.
lang/java/src/java/org/apache/avro/io/BinaryDecoder.java,doSkipBytes(long),AVRO-392,03e67154,2010-02-19 21:45:10,AVRO-392. Overhaul of Java binary decoder.  Contributed by Scott Carey.
lang/java/src/java/org/apache/avro/io/BinaryDecoder.java,doReadItemCount(),AVRO-392,03e67154,2010-02-19 21:45:10,AVRO-392. Overhaul of Java binary decoder.  Contributed by Scott Carey.
lang/java/src/java/org/apache/avro/io/BinaryDecoder.java,init(InputStream),AVRO-392,03e67154,2010-02-19 21:45:10,AVRO-392. Overhaul of Java binary decoder.  Contributed by Scott Carey.
lang/java/src/java/org/apache/avro/io/BinaryDecoder.java,readFloat(),AVRO-392,03e67154,2010-02-19 21:45:10,AVRO-392. Overhaul of Java binary decoder.  Contributed by Scott Carey.
lang/java/src/java/org/apache/avro/io/BinaryDecoder.java,readBoolean(),AVRO-392,03e67154,2010-02-19 21:45:10,AVRO-392. Overhaul of Java binary decoder.  Contributed by Scott Carey.
lang/java/src/java/org/apache/avro/io/BinaryDecoder.java,readBytes(ByteBuffer),AVRO-392,03e67154,2010-02-19 21:45:10,AVRO-392. Overhaul of Java binary decoder.  Contributed by Scott Carey.
lang/java/src/java/org/apache/avro/io/BinaryDecoder.java,readLong(),AVRO-392,03e67154,2010-02-19 21:45:10,AVRO-392. Overhaul of Java binary decoder.  Contributed by Scott Carey.
lang/java/src/java/org/apache/avro/io/BinaryDecoder.java,readDouble(),AVRO-392,03e67154,2010-02-19 21:45:10,AVRO-392. Overhaul of Java binary decoder.  Contributed by Scott Carey.
lang/java/src/java/org/apache/avro/io/JsonDecoder.java,init(InputStream),AVRO-392,03e67154,2010-02-19 21:45:10,AVRO-392. Overhaul of Java binary decoder.  Contributed by Scott Carey.
lang/java/src/java/org/apache/avro/io/ResolvingDecoder.java,"doAction(Symbol,Symbol)",AVRO-392,03e67154,2010-02-19 21:45:10,AVRO-392. Overhaul of Java binary decoder.  Contributed by Scott Carey.
lang/java/src/java/org/apache/avro/io/ResolvingDecoder.java,skipAction(),AVRO-392,03e67154,2010-02-19 21:45:10,AVRO-392. Overhaul of Java binary decoder.  Contributed by Scott Carey.
lang/java/src/java/org/apache/avro/ipc/Requestor.java,"request(String,Object)",AVRO-392,03e67154,2010-02-19 21:45:10,AVRO-392. Overhaul of Java binary decoder.  Contributed by Scott Carey.
lang/java/src/java/org/apache/avro/ipc/Responder.java,respond(List<ByteBuffer>),AVRO-392,03e67154,2010-02-19 21:45:10,AVRO-392. Overhaul of Java binary decoder.  Contributed by Scott Carey.
lang/java/src/java/org/apache/avro/tool/BinaryFragmentToJsonTool.java,"run(InputStream,PrintStream,PrintStream,List<String>)",AVRO-392,03e67154,2010-02-19 21:45:10,AVRO-392. Overhaul of Java binary decoder.  Contributed by Scott Carey.
lang/java/src/java/org/apache/avro/Protocol.java,"parseMessage(String,JsonNode)",AVRO-388,7e4037de,2010-02-03 01:50:50,AVRO-388. Using ResolvingDecoder in GenericDatumReader
lang/java/src/java/org/apache/avro/Schema.java,"Field(Schema,String,JsonNode)",AVRO-388,7e4037de,2010-02-03 01:50:50,AVRO-388. Using ResolvingDecoder in GenericDatumReader
lang/java/src/java/org/apache/avro/Schema.java,"Field(Schema,String,JsonNode,Order)",AVRO-388,7e4037de,2010-02-03 01:50:50,AVRO-388. Using ResolvingDecoder in GenericDatumReader
lang/java/src/java/org/apache/avro/Schema.java,"parse(JsonNode,Names)",AVRO-388,7e4037de,2010-02-03 01:50:50,AVRO-388. Using ResolvingDecoder in GenericDatumReader
lang/java/src/java/org/apache/avro/generic/GenericDatumReader.java,"read(D,Decoder)",AVRO-388,7e4037de,2010-02-03 01:50:50,AVRO-388. Using ResolvingDecoder in GenericDatumReader
lang/java/src/java/org/apache/avro/generic/GenericDatumReader.java,GenericDatumReader(Schema),AVRO-388,7e4037de,2010-02-03 01:50:50,AVRO-388. Using ResolvingDecoder in GenericDatumReader
lang/java/src/java/org/apache/avro/generic/GenericDatumReader.java,"defaultFieldValue(Object,Schema,JsonNode)",AVRO-388,7e4037de,2010-02-03 01:50:50,AVRO-388. Using ResolvingDecoder in GenericDatumReader
lang/java/src/java/org/apache/avro/generic/GenericDatumReader.java,"readArray(Object,Schema,Schema,Decoder)",AVRO-388,7e4037de,2010-02-03 01:50:50,AVRO-388. Using ResolvingDecoder in GenericDatumReader
lang/java/src/java/org/apache/avro/generic/GenericDatumReader.java,setExpected(Schema),AVRO-388,7e4037de,2010-02-03 01:50:50,AVRO-388. Using ResolvingDecoder in GenericDatumReader
lang/java/src/java/org/apache/avro/generic/GenericDatumReader.java,"GenericDatumReader(Schema,Schema)",AVRO-388,7e4037de,2010-02-03 01:50:50,AVRO-388. Using ResolvingDecoder in GenericDatumReader
lang/java/src/java/org/apache/avro/generic/GenericDatumReader.java,"readRecord(Object,Schema,Schema,Decoder)",AVRO-388,7e4037de,2010-02-03 01:50:50,AVRO-388. Using ResolvingDecoder in GenericDatumReader
lang/java/src/java/org/apache/avro/generic/GenericDatumReader.java,setSchema(Schema),AVRO-388,7e4037de,2010-02-03 01:50:50,AVRO-388. Using ResolvingDecoder in GenericDatumReader
lang/java/src/java/org/apache/avro/generic/GenericDatumReader.java,"resolveExpected(Schema,Schema)",AVRO-388,7e4037de,2010-02-03 01:50:50,AVRO-388. Using ResolvingDecoder in GenericDatumReader
lang/java/src/java/org/apache/avro/generic/GenericDatumReader.java,"readString(Object,Schema,Schema,Decoder)",AVRO-388,7e4037de,2010-02-03 01:50:50,AVRO-388. Using ResolvingDecoder in GenericDatumReader
lang/java/src/java/org/apache/avro/generic/GenericDatumReader.java,"read(Object,Schema,Schema,Decoder)",AVRO-388,7e4037de,2010-02-03 01:50:50,AVRO-388. Using ResolvingDecoder in GenericDatumReader
lang/java/src/java/org/apache/avro/generic/GenericDatumReader.java,"readEnum(Schema,Schema,Decoder)",AVRO-388,7e4037de,2010-02-03 01:50:50,AVRO-388. Using ResolvingDecoder in GenericDatumReader
lang/java/src/java/org/apache/avro/generic/GenericDatumReader.java,"readInt(Object,Schema,Schema,Decoder)",AVRO-388,7e4037de,2010-02-03 01:50:50,AVRO-388. Using ResolvingDecoder in GenericDatumReader
lang/java/src/java/org/apache/avro/generic/GenericDatumReader.java,"readMap(Object,Schema,Schema,Decoder)",AVRO-388,7e4037de,2010-02-03 01:50:50,AVRO-388. Using ResolvingDecoder in GenericDatumReader
lang/java/src/java/org/apache/avro/generic/GenericDatumReader.java,"readFixed(Object,Schema,Schema,Decoder)",AVRO-388,7e4037de,2010-02-03 01:50:50,AVRO-388. Using ResolvingDecoder in GenericDatumReader
lang/java/src/java/org/apache/avro/io/ResolvingDecoder.java,"ResolvingDecoder(Schema,Schema,Decoder)",AVRO-388,7e4037de,2010-02-03 01:50:50,AVRO-388. Using ResolvingDecoder in GenericDatumReader
lang/java/src/java/org/apache/avro/reflect/ReflectData.java,"getMessage(Method,Protocol,Map<String, Schema>)",AVRO-388,7e4037de,2010-02-03 01:50:50,AVRO-388. Using ResolvingDecoder in GenericDatumReader
lang/java/src/java/org/apache/avro/reflect/ReflectData.java,"createSchema(Type,Map<String, Schema>)",AVRO-388,7e4037de,2010-02-03 01:50:50,AVRO-388. Using ResolvingDecoder in GenericDatumReader
lang/java/src/java/org/apache/avro/reflect/ReflectDatumReader.java,"readString(Object,Schema,Schema,Decoder)",AVRO-388,7e4037de,2010-02-03 01:50:50,AVRO-388. Using ResolvingDecoder in GenericDatumReader
lang/java/src/java/org/apache/avro/reflect/ReflectDatumReader.java,"readInt(Object,Schema,Schema,Decoder)",AVRO-388,7e4037de,2010-02-03 01:50:50,AVRO-388. Using ResolvingDecoder in GenericDatumReader
lang/java/src/java/org/apache/avro/io/ResolvingDecoder.java,skipAction(),AVRO-383,6e4ae0b6,2010-02-02 05:04:56,"AVRO-383. Optimizing ResolvingDecoder for default values (""skipping default values"", which was't handled correctly in the previous commit)"
lang/java/src/java/org/apache/avro/io/parsing/ResolvingGrammarGenerator.java,"resolveRecords(Schema,Schema,Map<LitS, Symbol>)",AVRO-383,6e4ae0b6,2010-02-02 05:04:56,"AVRO-383. Optimizing ResolvingDecoder for default values (""skipping default values"", which was't handled correctly in the previous commit)"
lang/java/src/java/org/apache/avro/io/parsing/Symbol.java,"DefaultStartAction(Symbol,byte[])",AVRO-383,6e4ae0b6,2010-02-02 05:04:56,"AVRO-383. Optimizing ResolvingDecoder for default values (""skipping default values"", which was't handled correctly in the previous commit)"
lang/java/src/java/org/apache/avro/file/Codec.java,"decompress(InputStream,Decoder)",AVRO-380,2e4f3268,2010-01-29 19:29:17,AVRO-380.  Avro Container File format change: add block size to block descriptor.  Contributed by Scott Carey.
lang/java/src/java/org/apache/avro/file/Codec.java,"compress(ByteArrayOutputStream,OutputStream)",AVRO-380,2e4f3268,2010-01-29 19:29:17,AVRO-380.  Avro Container File format change: add block size to block descriptor.  Contributed by Scott Carey.
lang/java/src/java/org/apache/avro/file/DataFileStream.java,hasNext(),AVRO-380,2e4f3268,2010-01-29 19:29:17,AVRO-380.  Avro Container File format change: add block size to block descriptor.  Contributed by Scott Carey.
lang/java/src/java/org/apache/avro/file/DataFileWriter.java,setSyncInterval(int),AVRO-380,2e4f3268,2010-01-29 19:29:17,AVRO-380.  Avro Container File format change: add block size to block descriptor.  Contributed by Scott Carey.
lang/java/src/java/org/apache/avro/file/DataFileWriter.java,writeBlock(),AVRO-380,2e4f3268,2010-01-29 19:29:17,AVRO-380.  Avro Container File format change: add block size to block descriptor.  Contributed by Scott Carey.
lang/java/src/java/org/apache/avro/file/DataFileWriter.java,"create(Schema,OutputStream)",AVRO-380,2e4f3268,2010-01-29 19:29:17,AVRO-380.  Avro Container File format change: add block size to block descriptor.  Contributed by Scott Carey.
lang/java/src/java/org/apache/avro/file/DataFileWriter.java,init(OutputStream),AVRO-380,2e4f3268,2010-01-29 19:29:17,AVRO-380.  Avro Container File format change: add block size to block descriptor.  Contributed by Scott Carey.
lang/java/src/java/org/apache/avro/file/DeflateCodec.java,"decompress(InputStream,Decoder)",AVRO-380,2e4f3268,2010-01-29 19:29:17,AVRO-380.  Avro Container File format change: add block size to block descriptor.  Contributed by Scott Carey.
lang/java/src/java/org/apache/avro/file/DeflateCodec.java,"compress(ByteArrayOutputStream,OutputStream)",AVRO-380,2e4f3268,2010-01-29 19:29:17,AVRO-380.  Avro Container File format change: add block size to block descriptor.  Contributed by Scott Carey.
lang/java/src/java/org/apache/avro/file/NullCodec.java,"decompress(InputStream,Decoder)",AVRO-380,2e4f3268,2010-01-29 19:29:17,AVRO-380.  Avro Container File format change: add block size to block descriptor.  Contributed by Scott Carey.
lang/java/src/java/org/apache/avro/file/NullCodec.java,"compress(ByteArrayOutputStream,OutputStream)",AVRO-380,2e4f3268,2010-01-29 19:29:17,AVRO-380.  Avro Container File format change: add block size to block descriptor.  Contributed by Scott Carey.
lang/java/src/java/org/apache/avro/io/ResolvingDecoder.java,"doAction(Symbol,Symbol)",AVRO-383,7a0078b7,2010-01-29 19:11:45,AVRO-383. Optiminzing ResolvingDecoder for default values
lang/java/src/java/org/apache/avro/io/parsing/ResolvingGrammarGenerator.java,"resolveRecords(Schema,Schema,Map<LitS, Symbol>)",AVRO-383,7a0078b7,2010-01-29 19:11:45,AVRO-383. Optiminzing ResolvingDecoder for default values
lang/java/src/java/org/apache/avro/io/parsing/Symbol.java,"DefaultStartAction(Symbol,JsonNode)",AVRO-383,7a0078b7,2010-01-29 19:11:45,AVRO-383. Optiminzing ResolvingDecoder for default values
lang/java/src/java/org/apache/avro/io/BinaryDecoder.java,readInt(),AVRO-354,27c7ad12,2010-01-26 15:27:07,AVRO-354. Performance improvement to BinaryDecoder.readInt()
lang/java/src/java/org/apache/avro/io/ResolvingDecoder.java,"doAction(Symbol,Symbol)",AVRO-345,b25e6a3d,2010-01-19 14:25:06,AVRO-345. Optimization for ResolvingDecoder
lang/java/src/java/org/apache/avro/io/ResolvingDecoder.java,readFieldIndex(),AVRO-345,b25e6a3d,2010-01-19 14:25:06,AVRO-345. Optimization for ResolvingDecoder
lang/java/src/java/org/apache/avro/io/ResolvingDecoder.java,readFieldName(),AVRO-345,b25e6a3d,2010-01-19 14:25:06,AVRO-345. Optimization for ResolvingDecoder
lang/java/src/java/org/apache/avro/io/parsing/ResolvingGrammarGenerator.java,"resolveRecords(Schema,Schema,Map<LitS, Symbol>)",AVRO-345,b25e6a3d,2010-01-19 14:25:06,AVRO-345. Optimization for ResolvingDecoder
lang/java/src/java/org/apache/avro/generic/GenericData.java,Record(Schema),AVRO-336,ca085246,2010-01-19 00:49:33,AVRO-336. Check that appropriate schemas are passed to GenericRecord#Array and #Record.
lang/java/src/java/org/apache/avro/generic/GenericData.java,"Array(int,Schema)",AVRO-336,ca085246,2010-01-19 00:49:33,AVRO-336. Check that appropriate schemas are passed to GenericRecord#Array and #Record.
lang/java/src/java/org/apache/avro/io/parsing/Symbol.java,makeProduction(Symbol[]),AVRO-328,4a0d5ae8,2010-01-16 05:59:46,AVRO-328. Performance improvements Validating encoder/decoder for nested records
lang/java/src/java/org/apache/avro/io/JsonDecoder.java,"doAction(Symbol,Symbol)",AVRO-316,91afe772,2010-01-15 17:19:45,AVRO-316. Optiminzing inner loop functions of Avro io
lang/java/src/java/org/apache/avro/io/JsonEncoder.java,"doAction(Symbol,Symbol)",AVRO-316,91afe772,2010-01-15 17:19:45,AVRO-316. Optiminzing inner loop functions of Avro io
lang/java/src/java/org/apache/avro/io/ResolvingDecoder.java,"doAction(Symbol,Symbol)",AVRO-316,91afe772,2010-01-15 17:19:45,AVRO-316. Optiminzing inner loop functions of Avro io
lang/java/src/java/org/apache/avro/io/ValidatingDecoder.java,"doAction(Symbol,Symbol)",AVRO-316,91afe772,2010-01-15 17:19:45,AVRO-316. Optiminzing inner loop functions of Avro io
lang/java/src/java/org/apache/avro/io/ValidatingEncoder.java,"doAction(Symbol,Symbol)",AVRO-316,91afe772,2010-01-15 17:19:45,AVRO-316. Optiminzing inner loop functions of Avro io
lang/java/src/java/org/apache/avro/io/parsing/JsonGrammarGenerator.java,"generate(Schema,Map<LitS, Symbol>)",AVRO-316,91afe772,2010-01-15 17:19:45,AVRO-316. Optiminzing inner loop functions of Avro io
lang/java/src/java/org/apache/avro/io/parsing/Parser.java,"pushProduction(Symbol,Symbol)",AVRO-316,91afe772,2010-01-15 17:19:45,AVRO-316. Optiminzing inner loop functions of Avro io
lang/java/src/java/org/apache/avro/io/parsing/Parser.java,"doAction(Symbol,Symbol)",AVRO-316,91afe772,2010-01-15 17:19:45,AVRO-316. Optiminzing inner loop functions of Avro io
lang/java/src/java/org/apache/avro/io/parsing/Parser.java,processImplicitActions(),AVRO-316,91afe772,2010-01-15 17:19:45,AVRO-316. Optiminzing inner loop functions of Avro io
lang/java/src/java/org/apache/avro/io/parsing/Parser.java,advance(Symbol),AVRO-316,91afe772,2010-01-15 17:19:45,AVRO-316. Optiminzing inner loop functions of Avro io
lang/java/src/java/org/apache/avro/io/parsing/ResolvingGrammarGenerator.java,"generate(Schema,Schema,Map<LitS, Symbol>)",AVRO-316,91afe772,2010-01-15 17:19:45,AVRO-316. Optiminzing inner loop functions of Avro io
lang/java/src/java/org/apache/avro/io/parsing/SkipParser.java,skipRepeater(),AVRO-316,91afe772,2010-01-15 17:19:45,AVRO-316. Optiminzing inner loop functions of Avro io
lang/java/src/java/org/apache/avro/io/parsing/SkipParser.java,skipTo(int),AVRO-316,91afe772,2010-01-15 17:19:45,AVRO-316. Optiminzing inner loop functions of Avro io
lang/java/src/java/org/apache/avro/io/parsing/ValidatingGrammarGenerator.java,"generate(Schema,Map<LitS, Symbol>)",AVRO-316,91afe772,2010-01-15 17:19:45,AVRO-316. Optiminzing inner loop functions of Avro io
lang/java/src/java/org/apache/avro/io/JsonDecoder.java,"doAction(Symbol,Symbol)",AVRO-316,eeb127e7,2010-01-14 23:32:24,"Reverting AVRO-313 and AVRO-316, since they cause the test-java target to fail."
lang/java/src/java/org/apache/avro/io/JsonEncoder.java,"doAction(Symbol,Symbol)",AVRO-316,eeb127e7,2010-01-14 23:32:24,"Reverting AVRO-313 and AVRO-316, since they cause the test-java target to fail."
lang/java/src/java/org/apache/avro/io/JsonEncoder.java,flush(),AVRO-316,eeb127e7,2010-01-14 23:32:24,"Reverting AVRO-313 and AVRO-316, since they cause the test-java target to fail."
lang/java/src/java/org/apache/avro/io/ResolvingDecoder.java,"doAction(Symbol,Symbol)",AVRO-316,eeb127e7,2010-01-14 23:32:24,"Reverting AVRO-313 and AVRO-316, since they cause the test-java target to fail."
lang/java/src/java/org/apache/avro/io/ResolvingDecoder.java,skipAction(),AVRO-316,eeb127e7,2010-01-14 23:32:24,"Reverting AVRO-313 and AVRO-316, since they cause the test-java target to fail."
lang/java/src/java/org/apache/avro/io/ValidatingDecoder.java,"doAction(Symbol,Symbol)",AVRO-316,eeb127e7,2010-01-14 23:32:24,"Reverting AVRO-313 and AVRO-316, since they cause the test-java target to fail."
lang/java/src/java/org/apache/avro/io/ValidatingDecoder.java,arrayNext(),AVRO-316,eeb127e7,2010-01-14 23:32:24,"Reverting AVRO-313 and AVRO-316, since they cause the test-java target to fail."
lang/java/src/java/org/apache/avro/io/ValidatingDecoder.java,mapNext(),AVRO-316,eeb127e7,2010-01-14 23:32:24,"Reverting AVRO-313 and AVRO-316, since they cause the test-java target to fail."
lang/java/src/java/org/apache/avro/io/ValidatingEncoder.java,"doAction(Symbol,Symbol)",AVRO-316,eeb127e7,2010-01-14 23:32:24,"Reverting AVRO-313 and AVRO-316, since they cause the test-java target to fail."
lang/java/src/java/org/apache/avro/io/parsing/JsonGrammarGenerator.java,"generate(Schema,Map<LitS, Symbol>)",AVRO-316,eeb127e7,2010-01-14 23:32:24,"Reverting AVRO-313 and AVRO-316, since they cause the test-java target to fail."
lang/java/src/java/org/apache/avro/io/parsing/Parser.java,pushProduction(Symbol),AVRO-316,eeb127e7,2010-01-14 23:32:24,"Reverting AVRO-313 and AVRO-316, since they cause the test-java target to fail."
lang/java/src/java/org/apache/avro/io/parsing/Parser.java,"doAction(Symbol,Symbol)",AVRO-316,eeb127e7,2010-01-14 23:32:24,"Reverting AVRO-313 and AVRO-316, since they cause the test-java target to fail."
lang/java/src/java/org/apache/avro/io/parsing/Parser.java,processTrailingImplicitActions(),AVRO-316,eeb127e7,2010-01-14 23:32:24,"Reverting AVRO-313 and AVRO-316, since they cause the test-java target to fail."
lang/java/src/java/org/apache/avro/io/parsing/Parser.java,advance(Symbol),AVRO-316,eeb127e7,2010-01-14 23:32:24,"Reverting AVRO-313 and AVRO-316, since they cause the test-java target to fail."
lang/java/src/java/org/apache/avro/io/parsing/ResolvingGrammarGenerator.java,"generate(Schema,Schema,Map<LitS, Symbol>)",AVRO-316,eeb127e7,2010-01-14 23:32:24,"Reverting AVRO-313 and AVRO-316, since they cause the test-java target to fail."
lang/java/src/java/org/apache/avro/io/parsing/SkipParser.java,skipRepeater(),AVRO-316,eeb127e7,2010-01-14 23:32:24,"Reverting AVRO-313 and AVRO-316, since they cause the test-java target to fail."
lang/java/src/java/org/apache/avro/io/parsing/SkipParser.java,skipTo(int),AVRO-316,eeb127e7,2010-01-14 23:32:24,"Reverting AVRO-313 and AVRO-316, since they cause the test-java target to fail."
lang/java/src/java/org/apache/avro/io/parsing/Symbol.java,ImplicitAction(),AVRO-316,eeb127e7,2010-01-14 23:32:24,"Reverting AVRO-313 and AVRO-316, since they cause the test-java target to fail."
lang/java/src/java/org/apache/avro/io/parsing/Symbol.java,ImplicitAction(boolean),AVRO-316,eeb127e7,2010-01-14 23:32:24,"Reverting AVRO-313 and AVRO-316, since they cause the test-java target to fail."
lang/java/src/java/org/apache/avro/io/parsing/ValidatingGrammarGenerator.java,"generate(Schema,Map<LitS, Symbol>)",AVRO-316,eeb127e7,2010-01-14 23:32:24,"Reverting AVRO-313 and AVRO-316, since they cause the test-java target to fail."
lang/java/src/java/org/apache/avro/io/JsonDecoder.java,"doAction(Symbol,Symbol)",AVRO-316,115547c9,2010-01-14 13:40:25,AVRO-316. Optiminzing inner loop functions of Avro io
lang/java/src/java/org/apache/avro/io/JsonEncoder.java,"doAction(Symbol,Symbol)",AVRO-316,115547c9,2010-01-14 13:40:25,AVRO-316. Optiminzing inner loop functions of Avro io
lang/java/src/java/org/apache/avro/io/ResolvingDecoder.java,"doAction(Symbol,Symbol)",AVRO-316,115547c9,2010-01-14 13:40:25,AVRO-316. Optiminzing inner loop functions of Avro io
lang/java/src/java/org/apache/avro/io/ValidatingDecoder.java,"doAction(Symbol,Symbol)",AVRO-316,115547c9,2010-01-14 13:40:25,AVRO-316. Optiminzing inner loop functions of Avro io
lang/java/src/java/org/apache/avro/io/ValidatingEncoder.java,"doAction(Symbol,Symbol)",AVRO-316,115547c9,2010-01-14 13:40:25,AVRO-316. Optiminzing inner loop functions of Avro io
lang/java/src/java/org/apache/avro/io/parsing/JsonGrammarGenerator.java,"generate(Schema,Map<LitS, Symbol>)",AVRO-316,115547c9,2010-01-14 13:40:25,AVRO-316. Optiminzing inner loop functions of Avro io
lang/java/src/java/org/apache/avro/io/parsing/Parser.java,"pushProduction(Symbol,Symbol)",AVRO-316,115547c9,2010-01-14 13:40:25,AVRO-316. Optiminzing inner loop functions of Avro io
lang/java/src/java/org/apache/avro/io/parsing/Parser.java,"doAction(Symbol,Symbol)",AVRO-316,115547c9,2010-01-14 13:40:25,AVRO-316. Optiminzing inner loop functions of Avro io
lang/java/src/java/org/apache/avro/io/parsing/Parser.java,advance(Symbol),AVRO-316,115547c9,2010-01-14 13:40:25,AVRO-316. Optiminzing inner loop functions of Avro io
lang/java/src/java/org/apache/avro/io/parsing/ResolvingGrammarGenerator.java,"generate(Schema,Schema,Map<LitS, Symbol>)",AVRO-316,115547c9,2010-01-14 13:40:25,AVRO-316. Optiminzing inner loop functions of Avro io
lang/java/src/java/org/apache/avro/io/parsing/SkipParser.java,skipRepeater(),AVRO-316,115547c9,2010-01-14 13:40:25,AVRO-316. Optiminzing inner loop functions of Avro io
lang/java/src/java/org/apache/avro/io/parsing/SkipParser.java,skipTo(int),AVRO-316,115547c9,2010-01-14 13:40:25,AVRO-316. Optiminzing inner loop functions of Avro io
lang/java/src/java/org/apache/avro/io/parsing/ValidatingGrammarGenerator.java,"generate(Schema,Map<LitS, Symbol>)",AVRO-316,115547c9,2010-01-14 13:40:25,AVRO-316. Optiminzing inner loop functions of Avro io
lang/java/src/java/org/apache/avro/io/BinaryDecoder.java,readFloat(),AVRO-315,e72ac6c6,2010-01-14 12:47:30,AVRO-315. Performance improvements to BinaryDecoder
lang/java/src/java/org/apache/avro/io/BinaryDecoder.java,"doReadBytes(byte[],int,int)",AVRO-315,e72ac6c6,2010-01-14 12:47:30,AVRO-315. Performance improvements to BinaryDecoder
lang/java/src/java/org/apache/avro/io/BinaryDecoder.java,readDouble(),AVRO-315,e72ac6c6,2010-01-14 12:47:30,AVRO-315. Performance improvements to BinaryDecoder
