method1,method2,method_score1,method_score2,space_size1,space_size2,space_score1,space_score2
org.apache.avro.ipc.NettyTransceiver.NettyTransceiver(InetSocketAddress),"org.apache.avro.ipc.NettyTransceiver.NettyTransceiver(InetSocketAddress, ChannelFactory, Map<String, Object>)",0.001682987464342503,0.04120980753518646,,,,
"org.apache.avro.generic.GenericData.deepCopy(Schema, Object)","org.apache.avro.generic.GenericData.deepCopy(Schema, T)",0.29698366459360415,0.17752556965710595,,,,
org.apache.avro.util.Utf8.toString(),org.apache.avro.util.Utf8.toString(),0.0494028154225462,0.0407365593337244,,,,
org.apache.avro.util.Utf8.getBytesFor(String),org.apache.avro.util.Utf8.getBytesFor(String),0.006112032594477563,0.004456121502980879,,,,
org.apache.avro.ipc.NettyTransceiver.disconnect(),"org.apache.avro.ipc.NettyTransceiver.disconnect(boolean, boolean, Throwable)",0.0005462608495523466,0.07282817000490915,,,,
org.apache.avro.ipc.NettyTransceiver.writeBuffers(List<ByteBuffer>),org.apache.avro.ipc.NettyTransceiver.writeBuffers(List<ByteBuffer>),0.0011527154445327259,0.0044026699184785195,,,,
org.apache.avro.ipc.NettyTransceiver.writeDataPack(NettyDataPack),org.apache.avro.ipc.NettyTransceiver.writeDataPack(NettyDataPack),0.011855235025037745,0.004419200638331336,,,,
org.apache.avro.ipc.NettyTransceiver.getChannel(),org.apache.avro.ipc.NettyTransceiver.getChannel(),0.03577935081787704,0.0432844358129539,,,,
org.apache.avro.ipc.NettyTransceiver.NettyTransceiver(InetSocketAddress),"org.apache.avro.ipc.NettyTransceiver.NettyTransceiver(InetSocketAddress, ChannelFactory, Map<String, Object>)",0.001682987464342503,0.04120980753518646,,,,
"org.apache.avro.generic.GenericDatumReader.readRecord(Object, Schema, ResolvingDecoder)","org.apache.avro.generic.GenericDatumReader.readRecord(Object, Schema, ResolvingDecoder)",0.03812976984002106,0.03215848676968447,10,15,0.037880781605705086,0.022861142755955997
"org.apache.avro.generic.GenericDatumWriter.writeRecord(Schema, Object, Encoder)","org.apache.avro.generic.GenericDatumWriter.writeRecord(Schema, Object, Encoder)",0.034825457462684915,0.019978690458026287,5,8,0.04329199982748394,0.023194203236100063
"org.apache.avro.io.EncoderFactory.blockingBinaryEncoder(OutputStream, BinaryEncoder)","org.apache.avro.io.EncoderFactory.blockingBinaryEncoder(OutputStream, BinaryEncoder)",0.0043182972796249166,0.003518062195321316,2,2,0.006485974085560318,0.004579634590986063
"org.apache.avro.reflect.ReflectData.setField(Object, String, int, Object)","org.apache.avro.reflect.ReflectData.setField(Object, String, int, Object)",0.0033511235968732233,0.0010811024681581355,,,,
"org.apache.avro.reflect.ReflectData.setElement(Schema, Type)","org.apache.avro.reflect.ReflectData.setElement(Schema, Type)",0.01276655192509598,0.008259296344165896,,,,
"org.apache.avro.reflect.ReflectData.createSchema(Type, Map<String, Schema>)","org.apache.avro.reflect.ReflectData.createSchema(Type, Map<String, Schema>)",0.17655083976848332,0.19043320528717925,,,,
org.apache.avro.reflect.ReflectData.getClass(Schema),org.apache.avro.reflect.ReflectData.getClass(Schema),0.011001457021429527,0.014149998101961322,,,,
"org.apache.avro.reflect.ReflectData.getField(Object, String, int)","org.apache.avro.reflect.ReflectData.getField(Object, String, int)",0.00340054037784444,0.00138941314407172,,,,
"org.apache.avro.reflect.ReflectData.getClassProp(Schema, String)","org.apache.avro.reflect.ReflectData.getClassProp(Schema, String)",0.01654943948641075,0.01777117891610677,,,,
"org.apache.avro.reflect.ReflectData.createFieldSchema(Field, Map<String, Schema>)","org.apache.avro.reflect.ReflectData.createFieldSchema(Field, Map<String, Schema>)",0.01619957176300804,0.03656934180990005,,,,
"org.apache.avro.reflect.ReflectDatumReader.newArray(Object, int, Schema)","org.apache.avro.reflect.ReflectDatumReader.newArray(Object, int, Schema)",0.007700362973134837,0.03626331589612301,,,,
"org.apache.avro.reflect.ReflectDatumReader.readInt(Object, Schema, Decoder)","org.apache.avro.reflect.ReflectDatumReader.readInt(Object, Schema, Decoder)",0.001689494165429703,0.0022553989436351393,,,,
"org.apache.avro.reflect.ReflectDatumReader.readBytes(Object, Decoder)","org.apache.avro.reflect.ReflectDatumReader.readBytes(Object, Schema, Decoder)",0.0009196251738557551,0.0021401300777343815,,,,
"org.apache.avro.reflect.ReflectDatumWriter.write(Schema, Object, Encoder)","org.apache.avro.reflect.ReflectDatumWriter.write(Schema, Object, Encoder)",0.01178402970380593,0.03193877596208921,,7,,0.034328670774054264
org.apache.avro.tool.Main.Main(),org.apache.avro.tool.Main.Main(),0.009650713334681175,0.008047521236349164,,,,
org.apache.avro.tool.Main.Main(),org.apache.avro.tool.Main.Main(),0.009650713334681175,0.008047521236349164,,,,
"org.apache.avro.generic.GenericDatumReader.readMap(Object, Schema, ResolvingDecoder)","org.apache.avro.generic.GenericDatumReader.readMap(Object, Schema, ResolvingDecoder)",0.04656707438581626,0.06553807945704276,,5,,0.0482744412787361
"org.apache.avro.generic.GenericDatumWriter.writeMap(Schema, Object, Encoder)","org.apache.avro.generic.GenericDatumWriter.writeMap(Schema, Object, Encoder)",0.0359542636873427,0.03625350304604232,10,25,0.014186691367574633,0.015363771599509978
"org.apache.avro.reflect.ReflectData.createSchema(Type, Map<String, Schema>)","org.apache.avro.reflect.ReflectData.createSchema(Type, Map<String, Schema>)",0.17655083976848332,0.19043320528717925,,,,
"org.apache.avro.reflect.ReflectDatumReader.readString(Object, Schema, Decoder)","org.apache.avro.reflect.ReflectDatumReader.readString(Object, Decoder)",0.005356651105334262,0.0005375774767155792,,,,
org.apache.avro.util.Utf8.toString(),org.apache.avro.util.Utf8.toString(),0.0494028154225462,0.0407365593337244,,,,
"org.apache.avro.reflect.ReflectData.createSchema(Type, Map<String, Schema>)","org.apache.avro.reflect.ReflectData.createSchema(Type, Map<String, Schema>)",0.17655083976848332,0.19043320528717925,,,,
"org.apache.avro.reflect.ReflectDatumReader.newArray(Object, int, Schema)","org.apache.avro.reflect.ReflectDatumReader.newArray(Object, int, Schema)",0.007700362973134837,0.03626331589612301,,,,
org.apache.avro.file.DataFileWriter.appendTo(File),org.apache.avro.file.DataFileWriter.appendTo(File),0.025944020526529107,0.003020830640460329,,,,
org.apache.avro.Schema.equals(Object),org.apache.avro.Schema.equals(Object),0.04090044967408459,0.031471302668944795,,2,,0.018673504943932665
"org.apache.avro.generic.GenericData.resolveUnion(Schema, Object)","org.apache.avro.generic.GenericData.resolveUnion(Schema, Object)",0.033836761386394576,0.04689539723224241,4,2,0.07581209553546658,0.02483418768186695
"org.apache.avro.generic.GenericDatumWriter.write(Schema, Object, Encoder)","org.apache.avro.generic.GenericDatumWriter.write(Schema, Object, Encoder)",0.09032878446331549,0.017771043392325242,14,9,0.04185444992794223,0.030580926216134716
