PDFBOX-2370,493a52ba,97b725e1
PDFBOX-1893,7929477d,
,,
PDFBOX-3459,5430d6cc,967cbb27
PDFBOX-3137,9e3a35eb,58c1b257
CXF-3141,,
PDFBOX-2387,7e9df4e9,72463113
PDFBOX-2670,5ff0b2af,
PDFBOX-2358,789824df,e655f547
,,
PDFBOX-2576,ffe8c610,ef96e01e
PDFBOX-2680,cdaae637,
,,
,,
,,
,,
,,
PDFBOX-602,8e9a2737,
PDFBOX-3224,ed72b1c1,
PDFBOX-599,6091cd5b,
CAMEL-5675,,
CAMEL-6340,,
CXF-4703,,
CXF-4247,,
CXF-6826,,
PDFBOX-2117,6cd353ce,3d8f0a91
,,
PDFBOX-1583,efcbab0b,
PDFBOX-1447,984c3b93,
PDFBOX-1457,4802c548,
PDFBOX-1459,e80dec4e,
PDFBOX-1455,ed91353d,
PDFBOX-1644,0e60b634,
CXF-3324,,
PDFBOX-2131,e0112636,
PDFBOX-2126,526bf181,cc18ae41
PDFBOX-3484,e9c66d3f,
,,
PDFBOX-603,d106b7dc,
AVRO-316,,
PDFBOX-600,42c282b7,
,,
CXF-3618,,
CXF-7075  ,,
CXF-4896,,
PDFBOX-1080,1fb47fbe,
,,
PDFBOX-3295,4746da78,6fa9ac30
AVRO-1241,,
PDFBOX-3432,8f75e7cf,dffa4631
CXF-1916,,
PDFBOX-3421,f367e970,
PDFBOX-3121,3951957a,
,,
,,
PDFBOX-3688,0dc85639,6dfd6ebb
AVRO-557,,
CXF-4326,,
,,
,,
PDFBOX-826,694eab7a,
PDFBOX-3103,e5e9ce53,a68f7cda
PDFBOX-3104,,
AVRO-315,,
CXF-3262,,
