PDFBOX-2370,493a52ba,97b725e1,,2014-10-18 20:54:12,2015-09-29 00:34:50
PDFBOX-1893,7929477d,,,2014-02-20 06:31:01,
,,,,,
PDFBOX-3459,5430d6cc,967cbb27,,2016-08-10 16:06:07,2016-08-10 18:34:38
PDFBOX-3137,9e3a35eb,58c1b257,,2015-11-29 15:21:18,2015-11-29 15:23:22
CXF-3141,,,,,
PDFBOX-2387,7e9df4e9,72463113,,2014-10-09 00:16:27,2014-10-09 07:13:26
PDFBOX-2670,5ff0b2af,,,2015-02-06 01:00:31,
PDFBOX-2358,789824df,e655f547,,2014-09-17 21:38:38,2014-09-18 20:06:04
,,,,,
PDFBOX-2576,ffe8c610,ef96e01e,,2014-12-18 21:23:22,2015-11-01 19:04:34
PDFBOX-2680,cdaae637,,,2015-02-25 21:54:21,
,,,,,
,,,,,
,,,,,
,,,,,
,,,,,
PDFBOX-602,8e9a2737,,,2010-01-14 23:14:38,
PDFBOX-3224,ed72b1c1,,,2016-02-03 16:54:24,
PDFBOX-599,6091cd5b,,,2010-01-14 23:39:43,
CAMEL-5675,,,,,
CAMEL-6340,,,,,
CXF-4703,,,,,
CXF-4247,,,,,
CXF-6826,,,,,
PDFBOX-2117,6cd353ce,3d8f0a91,,2014-07-11 05:02:09,2014-07-16 05:28:08
,,,,,
PDFBOX-1583,efcbab0b,,,2013-04-28 16:49:24,
PDFBOX-1447,984c3b93,,,2012-11-18 14:24:19,
PDFBOX-1457,4802c548,,,2012-12-16 10:46:56,
PDFBOX-1459,e80dec4e,,,2012-12-16 10:53:07,
PDFBOX-1455,ed91353d,,,2012-12-16 10:44:02,
PDFBOX-1644,0e60b634,,,2013-06-18 11:00:49,
CXF-3324,,,,,
PDFBOX-2131,e0112636,,,2014-06-12 12:14:07,
PDFBOX-2126,526bf181,cc18ae41,,2014-06-28 02:39:28,2014-07-02 19:50:49
PDFBOX-3484,e9c66d3f,,,2016-09-08 17:28:46,
,,,,,
PDFBOX-603,d106b7dc,,,2010-01-14 22:56:56,
AVRO-316,,,,,
PDFBOX-600,42c282b7,,,2010-01-14 23:36:55,
,,,,,
CXF-3618,,,,,
CXF-7075  ,,,,,
CXF-4896,,,,,
PDFBOX-1080,1fb47fbe,,,2011-09-14 18:53:35,
,,,,,
PDFBOX-3295,4746da78,6fa9ac30,,2016-03-29 20:35:46,2016-03-30 16:29:07
AVRO-1241,,,,,
PDFBOX-3432,8f75e7cf,dffa4631,,2016-07-21 18:09:19,2016-07-21 18:13:55
CXF-1916,,,,,
PDFBOX-3421,f367e970,,,2016-07-18 19:49:57,
PDFBOX-3121,3951957a,,,2015-11-19 18:08:28,
,,,,,
,,,,,
PDFBOX-3688,0dc85639,6dfd6ebb,,2017-02-16 17:52:52,2017-02-16 18:06:46
AVRO-557,,,,,
CXF-4326,,,,,
,,,,,
,,,,,
PDFBOX-826,694eab7a,,,2010-09-12 15:47:54,
PDFBOX-3103,e5e9ce53,a68f7cda,,2015-11-26 16:21:26,2015-11-27 18:01:52
PDFBOX-3104,,,,,
AVRO-315,,,,,
CXF-3262,,,,,
