method,Time,OwnTime,count
org.apache.avro.ipc.DatagramTransceiver_ESTest.<init>(),0,0,7
org.apache.avro.ipc.ResponderServlet_ESTest.<init>(),0,0,1
java.net.HttpURLConnection.<clinit>(),0,0,1
java.io.FileInputStream.<init>(String),1,1,4
org.apache.avro.io.DirectBinaryDecoder_ESTest.test13(),0,0,1
org.apache.avro.io.BinaryEncoder_ESTest.test23(),0,0,1
"org.apache.avro.io.parsing.ValidatingGrammarGenerator.generate(Schema, Map)",3,0,4
org.apache.avro.ipc.LocalTransceiver.transceive(List),2,0,1
org.apache.avro.ipc.RPCContext_ESTest.test16(),0,0,1
org.apache.avro.io.DirectBinaryDecoder_ESTest.test24(),0,0,1
org.apache.avro.io.parsing.Symbol$Alternative.findLabel(String),0,0,3
"org.apache.avro.io.ValidatingEncoder.<init>(Schema, Encoder)",0,0,1
org.apache.avro.ipc.SocketTransceiver.getRemoteName(),0,0,1
org.apache.avro.io.DirectBinaryDecoder_ESTest.test36(),0,0,1
org.apache.avro.io.parsing.ResolvingGrammarGenerator.<init>(),0,0,2
java.util.ArrayList.<init>(int),2,2,2113
org.apache.avro.io.ParsingDecoder.skipAction(),0,0,3
org.apache.avro.file.SeekableFileInput_ESTest.test00(),0,0,1
org.apache.avro.io.ResolvingDecoder_ESTest.test13(),0,0,1
org.evosuite.runtime.mock.java.io.MockFileOutputStream.write(int),0,0,19
org.apache.avro.io.DecoderFactory_ESTest.test17(),0,0,1
org.apache.avro.SchemaParseException.<init>(String),0,0,1
org.apache.avro.io.DirectBinaryDecoder_ESTest.test49(),0,0,1
org.apache.avro.file.LengthLimitedInputStream_ESTest.test17(),0,0,1
org.apache.avro.ipc.HttpTransceiver_ESTest.test05(),0,0,1
org.apache.avro.io.ValidatingEncoder_ESTest.test48(),0,0,1
java.lang.Iterable.spliterator(),12,9,1
org.apache.avro.io.BinaryDecoder.ensureBounds(int),0,0,19
org.apache.avro.ipc.Transceiver_ESTest.test3(),0,0,1
org.apache.avro.io.ValidatingDecoder.readDouble(),0,0,4
org.apache.avro.io.parsing.Symbol$WriterUnionAction.<init>(),0,0,20
"sun.nio.ch.DatagramChannelImpl.send(ByteBuffer, SocketAddress)",0,0,3
org.apache.avro.io.DirectBinaryDecoder_ESTest.test22(),0,0,1
org.apache.avro.ipc.RPCContext_ESTest.test02(),0,0,1
java.lang.StringBuilder.append(String),212,212,124131
org.apache.avro.io.DirectBinaryDecoder_ESTest.test38(),0,0,1
"java.io.ByteArrayOutputStream.write(byte[], int, int)",0,0,134
org.apache.avro.io.BinaryEncoder_ESTest.test21(),0,0,1
org.apache.avro.ipc.RPCPlugin.<init>(),0,0,8
org.apache.avro.ipc.HttpTransceiver_ESTest.test11(),1,0,1
"org.apache.avro.io.parsing.JsonGrammarGenerator.generate(Schema, Map)",1,0,1
org.apache.avro.file.LengthLimitedInputStream_ESTest.test09(),1,0,1
org.apache.avro.ipc.RPCContext_ESTest.test14(),0,0,1
"java.util.zip.InflaterInputStream.<init>(InputStream, Inflater)",0,0,4
java.lang.String.charAt(int),209,209,1467357
org.apache.avro.ipc.SocketTransceiver_ESTest.<init>(),0,0,4
java.io.ByteArrayOutputStream.<init>(),0,0,48
org.apache.avro.io.ValidatingDecoder_ESTest.test52(),0,0,1
org.apache.avro.io.parsing.JsonGrammarGenerator.<init>(),0,0,1
org.evosuite.runtime.vfs.VirtualFileSystem.<clinit>(),26,0,2
org.apache.avro.file.NullCodec_ESTest.test2(),0,0,1
org.apache.avro.io.BinaryEncoder_ESTest.test50(),0,0,1
org.apache.avro.io.JsonDecoder.error(String),0,0,1
org.apache.avro.io.Decoder.<init>(),0,0,311
org.apache.avro.file.DeflateCodec_ESTest.test08(),0,0,1
org.apache.avro.ipc.stats.Stopwatch_ESTest.test7(),0,0,1
"org.apache.avro.io.DirectBinaryDecoder$ByteReader.read(ByteBuffer, int)",0,0,9
org.apache.avro.file.LengthLimitedInputStream_ESTest.test27(),0,0,1
java.nio.channels.DatagramChannel.open(),16,16,11
org.apache.avro.io.BinaryEncoder$ReuseByteWriter.write(ByteBuffer),0,0,1
java.io.FileDescriptor.<init>(),0,0,273
org.apache.avro.file.LengthLimitedInputStream_ESTest.test15(),0,0,1
java.io.DataOutputStream.write(int),1,1,608
org.apache.avro.file.DataFileWriter_ESTest.test24(),0,0,1
org.apache.avro.io.ValidatingDecoder_ESTest.test48(),0,0,1
org.apache.avro.io.parsing.Symbol$EnumLabelsAction.<init>(List),0,0,13
java.io.ByteArrayOutputStream.<init>(int),0,0,67
org.apache.avro.io.JsonDecoder.readNull(),0,0,2
org.apache.avro.util.Utf8.setLength(int),0,0,2
org.apache.avro.ipc.Transceiver_ESTest.test1(),0,0,1
java.io.PipedInputStream.read(),0,0,11
org.apache.avro.io.ValidatingDecoder_ESTest.test66(),0,0,1
"java.util.AbstractList.subList(int, int)",1,1,4
org.apache.avro.io.ValidatingDecoder_ESTest.test53(),0,0,1
java.util.HashMap.remove(Object),2,2,822
org.junit.Assert.fail(String),0,0,1
org.apache.avro.genavro.GenAvro$LookaheadSuccess.<init>(),0,0,2
java.util.ArrayList$Itr.hasNext(),7,7,47098
java.time.LocalDate.ofEpochDay(long),0,0,1
java.io.FileOutputStream.<init>(String),8,8,17
org.apache.avro.io.BinaryEncoder_ESTest.test43(),0,0,1
"org.apache.avro.io.parsing.Symbol$EnumAdjustAction.<init>(int, Object[])",0,0,7
org.apache.avro.io.ValidatingEncoder_ESTest.test14(),0,0,1
org.apache.avro.io.parsing.SkipParser.skipRepeater(),22254,0,4
"org.evosuite.runtime.mock.java.net.MockURL.handleParseUrl(URL, String, URLStreamHandler)",4,0,5
java.lang.Integer.<init>(int),0,0,2
org.apache.avro.io.ResolvingDecoder_ESTest.test09(),0,0,1
org.apache.avro.io.Decoder_ESTest.test3(),0,0,1
org.apache.avro.genavro.GenAvro$LookaheadSuccess.<init>(GenAvro$1),0,0,2
java.lang.Class.getDeclaredFields(),0,0,91
org.apache.avro.ipc.stats.StatsServlet.writeStats(Writer),0,0,1
"org.apache.avro.ipc.DatagramServer.<init>(Responder, SocketAddress)",26,0,2
org.apache.avro.ipc.SocketServer_ESTest.test1(),7,0,1
org.apache.avro.io.ValidatingEncoder.writeInt(int),0,0,3
org.apache.avro.ipc.ByteBufferInputStream.getBuffer(),0,0,8
org.apache.avro.file.NullCodec_ESTest.test4(),0,0,1
java.lang.Thread.start(),37,37,667
org.apache.avro.file.DeflateCodec_ESTest.test10(),0,0,1
org.apache.avro.io.ValidatingDecoder.arrayNext(),0,0,5
org.apache.avro.file.SeekableFileInput.tell(),0,0,3
java.util.LinkedHashMap.<init>(),0,0,745
org.evosuite.runtime.mock.java.io.MockFile.makeAbsolute(String),42,0,6
org.apache.avro.io.DirectBinaryDecoder_ESTest.test14(),0,0,1
org.evosuite.runtime.vnet.DNS.resolve(String),3,0,1
org.apache.avro.io.ValidatingDecoder_ESTest.test36(),0,0,1
org.apache.avro.io.ValidatingDecoder_ESTest.test72(),0,0,1
org.evosuite.runtime.mock.java.time.chrono.MockHijrahDate.<init>(),0,0,1
org.apache.avro.io.ResolvingDecoder_ESTest.test25(),5,0,1
org.apache.avro.io.Encoder.<init>(),0,0,119
org.apache.avro.tool.Util_ESTest.test6(),1,0,1
org.apache.avro.io.ValidatingDecoder_ESTest.test64(),0,0,1
org.apache.avro.tool.GenAvroTool_ESTest.test4(),36,0,1
java.lang.String.getBytes(),0,0,1
org.apache.avro.specific.SpecificDatumReader.<init>(),0,0,4
org.apache.avro.file.NullCodec.<init>(),0,0,14
java.io.BufferedInputStream.read(),0,0,9
org.apache.avro.io.ValidatingEncoder_ESTest.test30(),0,0,1
org.apache.avro.io.ParsingDecoder_ESTest.test04(),0,0,1
org.apache.avro.ipc.ByteBufferOutputStream.reset(),0,0,11
org.apache.avro.io.BinaryEncoder_ESTest.test63(),0,0,1
org.apache.avro.io.parsing.Symbol_ESTest.<init>(),0,0,23
org.apache.avro.io.BinaryEncoder_ESTest.test59(),0,0,1
java.io.PipedOutputStream.<init>(),0,0,15
java.io.RandomAccessFile.<clinit>(),0,0,1
java.nio.ByteBuffer.array(),2,2,9140
org.apache.avro.file.DeflateCodec_ESTest.test07(),0,0,1
org.apache.avro.io.ValidatingDecoder.readInt(),0,0,4
java.net.InetSocketAddress.<init>(int),0,0,2
org.evosuite.runtime.mock.java.net.EvoHttpURLConnection.setDoOutput(boolean),0,0,2
org.apache.avro.io.ResolvingDecoder_ESTest.test15(),0,0,1
org.apache.avro.io.parsing.SkipParser_ESTest.<init>(),0,0,14
"java.lang.Class.getDeclaredMethod(String, Class[])",8,8,28
org.apache.avro.io.DirectBinaryDecoder_ESTest.test39(),0,0,1
org.apache.avro.io.DirectBinaryDecoder_ESTest.test12(),0,0,1
java.lang.UnsupportedOperationException.<init>(),0,0,6
java.io.File.getAbsolutePath(),0,0,6
org.apache.avro.io.parsing.Symbol$Sequence.flattenedSize(),0,0,9
org.apache.avro.genavro.GenAvro.jj_ntk(),0,0,2
java.lang.Class.getAnnotations(),1,1,513
org.apache.avro.io.DirectBinaryDecoder_ESTest.test25(),0,0,1
"org.apache.avro.io.parsing.ResolvingGrammarGenerator.generate(Schema, Schema)",0,0,2
org.apache.avro.io.BlockingBinaryEncoder$EncoderBuffer.<init>(BlockingBinaryEncoder$1),0,0,14
org.apache.avro.file.NullCodec.<clinit>(),0,0,1
org.apache.avro.io.DirectBinaryDecoder_ESTest.test31(),0,0,1
"org.apache.avro.io.JsonDecoder.readFixed(byte[], int, int)",0,0,1
"java.lang.String.replace(char, char)",1,1,5049
"org.evosuite.runtime.testdata.FileSystemHandling.appendDataToFile(EvoSuiteFile, byte[])",0,0,2
java.util.concurrent.ConcurrentSkipListMap.<clinit>(),2,2,1
org.apache.avro.genavro.JavaCharStream.readChar(),0,0,2
org.apache.avro.io.parsing.Symbol$ImplicitAction.<init>(Symbol$1),0,0,112
org.apache.avro.io.ValidatingEncoder_ESTest.test08(),0,0,1
org.apache.avro.util.Utf8.<init>(byte[]),0,0,2
org.apache.avro.io.DecoderFactory_ESTest.test16(),0,0,1
org.apache.avro.io.DirectBinaryDecoder_ESTest.test23(),0,0,1
org.apache.avro.io.ValidatingEncoder_ESTest.test32(),0,0,1
org.apache.avro.ipc.HttpTransceiver_ESTest.test06(),0,0,1
org.apache.avro.io.BinaryEncoder_ESTest.test61(),0,0,1
java.util.concurrent.CopyOnWriteArraySet.<init>(),0,0,7
org.apache.avro.ipc.ByteBufferOutputStream.write(int),0,0,19
"java.io.PipedInputStream.read(byte[], int, int)",0,0,6
org.apache.avro.file.DataFileReader_ESTest.test1(),5,0,1
org.apache.avro.io.parsing.SkipParser_ESTest.test07(),0,0,1
org.apache.avro.ipc.ResponderServlet_ESTest.test0(),53,0,1
org.apache.avro.ipc.RPCContext_ESTest.test03(),0,0,1
org.apache.avro.io.ResolvingDecoder_ESTest.test33(),0,0,1
"org.apache.avro.tool.Util.jsonToGenericDatum(Schema, String)",4,0,1
org.apache.avro.io.parsing.Symbol$Sequence.iterator(),3,0,1
"java.net.InetSocketAddress.<init>(InetAddress, int)",0,0,8
java.lang.String.equalsIgnoreCase(String),1,1,1711
org.apache.avro.io.BinaryEncoder_ESTest.test20(),0,0,1
org.apache.avro.ipc.RPCContext_ESTest.test13(),0,0,1
java.nio.channels.SocketChannel.open(),4,4,4
java.lang.System.getProperty(String),0,0,192
org.apache.avro.io.BinaryEncoder_ESTest.test03(),0,0,1
org.apache.avro.io.ValidatingDecoder.readMapStart(),0,0,4
java.lang.Class.getAnnotation(Class),13,13,83
org.apache.avro.file.NullCodec_ESTest.test5(),0,0,1
org.apache.avro.io.BinaryEncoder_ESTest.test51(),0,0,1
java.io.EOFException.<init>(),0,0,38
java.io.FilterInputStream.<init>(InputStream),0,0,298
org.apache.avro.tool.DataFileReadTool.<init>(),0,0,6
org.apache.avro.io.JsonDecoder.readLong(),0,0,1
org.apache.avro.io.ValidatingEncoder_ESTest.test12(),0,0,1
org.apache.avro.io.ValidatingEncoder.writeArrayStart(),0,0,4
org.apache.avro.io.BinaryEncoder_ESTest.test45(),0,0,1
sun.nio.ch.FileChannelImpl.size(),0,0,2
java.util.Arrays$ArrayList.contains(Object),0,0,1
java.io.ByteArrayInputStream.skip(long),0,0,4
org.apache.avro.io.ResolvingDecoder_ESTest.test29(),0,0,1
org.apache.avro.file.DataFileWriter.<init>(DatumWriter),0,0,27
java.lang.Class.getDeclaredConstructor(Class[]),0,0,2
org.apache.avro.io.BinaryEncoder$ReuseByteWriter.<init>(ByteBufferOutputStream),0,0,8
org.apache.avro.ipc.stats.StatsServlet_ESTest.test2(),4,0,1
org.apache.avro.ipc.HttpTransceiver.readBuffers(),0,0,2
org.apache.avro.ipc.Transceiver_ESTest.test6(),0,0,1
org.apache.avro.io.ValidatingDecoder_ESTest.test81(),0,0,1
org.apache.avro.io.ValidatingEncoder.writeEnum(int),0,0,3
org.apache.avro.io.ValidatingDecoder_ESTest.test00(),0,0,1
java.nio.HeapByteBuffer.put(byte),0,0,114
org.apache.avro.file.DeflateCodec$Option.<init>(int),0,0,7
org.apache.avro.tool.Util_ESTest.<init>(),0,0,9
java.io.BufferedOutputStream.<init>(OutputStream),0,0,1
java.io.FilterInputStream.read(),0,0,7
org.apache.avro.io.JsonDecoder.skipArray(),0,0,1
org.apache.avro.file.DataFileReader_ESTest.<init>(),0,0,5
"org.apache.avro.io.BinaryDecoder.<init>(int, InputStream)",1,0,24
org.apache.avro.io.ResolvingDecoder_ESTest.test08(),0,0,1
java.util.concurrent.CopyOnWriteArrayList.<init>(),0,0,8
org.apache.avro.io.ValidatingEncoder.writeFloat(float),0,0,1
org.apache.avro.io.DirectBinaryDecoder_ESTest.test52(),0,0,1
org.apache.avro.file.DeflateCodec_ESTest.test11(),0,0,1
org.apache.avro.io.parsing.Symbol_ESTest.test11(),0,0,1
org.apache.avro.io.BinaryEncoder_ESTest.test42(),0,0,1
org.apache.avro.io.ValidatingDecoder_ESTest.test38(),0,0,1
org.apache.avro.io.ValidatingEncoder_ESTest.test15(),0,0,1
java.io.File.isDirectory(),0,0,7
org.apache.avro.file.DataFileWriter$NonCopyingByteArrayOutputStream.getByteArrayAsByteBuffer(),0,0,13
org.apache.avro.file.DataFileWriter_ESTest.test00(),0,0,1
org.apache.avro.io.parsing.Symbol_ESTest.test03(),0,0,1
org.apache.avro.io.DirectBinaryDecoder_ESTest.<init>(),0,0,59
java.util.TreeSet.isEmpty(),0,0,1
java.io.ObjectOutputStream.write(int),0,0,1
org.apache.avro.file.NullCodec_ESTest.test7(),0,0,1
org.apache.avro.io.BinaryEncoder_ESTest.<init>(),0,0,69
java.lang.Float.<init>(float),0,0,17
org.apache.avro.io.ValidatingDecoder_ESTest.test73(),0,0,1
org.apache.avro.ipc.HttpTransceiver_ESTest.test18(),0,0,1
org.apache.avro.ipc.SocketTransceiver_ESTest.test1(),1,0,1
org.apache.avro.io.ParsingDecoder_ESTest.test06(),0,0,1
org.apache.avro.io.ValidatingDecoder_ESTest.test26(),0,0,1
org.apache.avro.ipc.AvroRemoteException_ESTest.test4(),2,0,1
org.apache.avro.file.Codec.<init>(),0,0,39
java.util.AbstractSequentialList.iterator(),0,0,13
org.apache.avro.tool.Util_ESTest.test7(),4,0,1
java.util.zip.Inflater.<init>(boolean),0,0,8
org.evosuite.runtime.mock.java.lang.MockThrowable.getMessage(),0,0,4
org.apache.avro.io.ValidatingDecoder_ESTest.test32(),0,0,1
org.apache.avro.io.ValidatingDecoder_ESTest.test63(),0,0,1
org.apache.avro.ipc.stats.FloatHistogram_ESTest.test5(),0,0,1
"org.apache.avro.io.BinaryDecoder$ByteArrayByteSource.<init>(byte[], int, int, BinaryDecoder$1)",0,0,10
org.apache.avro.io.BinaryEncoder.writeDouble(double),0,0,3
org.evosuite.runtime.mock.java.io.MockFileWriter.close(),0,0,1
org.apache.avro.io.ValidatingEncoder_ESTest.test31(),1,0,1
org.apache.avro.io.BinaryEncoder_ESTest.test62(),0,0,1
org.apache.avro.io.parsing.Parser.pushProduction(Symbol),0,0,24
org.apache.avro.io.ParsingEncoder.<init>(),0,0,45
org.apache.avro.io.BinaryEncoder_ESTest.test18(),0,0,1
java.util.LinkedList.<init>(),0,0,54
org.apache.avro.io.ValidatingDecoder_ESTest.test17(),0,0,1
java.net.HttpURLConnection.<init>(URL),0,0,2
"org.apache.avro.genavro.JavaCharStream.<init>(InputStream, String, int, int)",0,0,2
org.apache.avro.genavro.GenAvroTokenManager.getNextToken(),0,0,2
org.apache.avro.util.Utf8.<clinit>(),0,0,1
org.codehaus.jackson.JsonFactory.<clinit>(),2,2,2
org.apache.avro.ipc.DatagramTransceiver_ESTest.test5(),5,0,1
org.apache.avro.ipc.HttpTransceiver_ESTest.test00(),0,0,1
org.apache.avro.tool.Util_ESTest.test1(),0,0,1
"org.apache.avro.io.parsing.Symbol$ImplicitAction.<init>(boolean, Symbol$1)",0,0,4
org.apache.avro.ipc.HttpTransceiver_ESTest.test13(),0,0,1
org.apache.avro.ipc.ByteBufferInputStream_ESTest.<init>(),0,0,8
"org.apache.avro.file.CodecFactory.addCodec(String, CodecFactory)",0,0,4
org.apache.avro.io.ValidatingDecoder_ESTest.test07(),0,0,1
java.util.LinkedList$ListItr.next(),0,0,3
org.apache.avro.io.parsing.ValidatingGrammarGenerator.<init>(),0,0,8
org.apache.avro.io.DecoderFactory_ESTest.test11(),0,0,1
org.apache.avro.ipc.stats.Stopwatch_ESTest.<init>(),0,0,10
org.apache.avro.file.Codec_ESTest.test3(),0,0,1
"java.lang.Enum.<init>(String, int)",0,0,167
org.apache.avro.ipc.stats.FloatHistogram_ESTest.test3(),0,0,1
org.apache.avro.io.BinaryDecoder.doReadItemCount(),0,0,16
org.evosuite.runtime.mock.java.io.MockPrintStream.<init>(OutputStream),1,0,18
"org.evosuite.runtime.testdata.FileSystemHandling.appendStringToFile(EvoSuiteFile, String)",0,0,2
org.apache.avro.io.ValidatingEncoder_ESTest.test13(),1,0,1
org.apache.avro.AvroRuntimeException.<init>(Throwable),0,0,2
org.apache.avro.file.SeekableFileInput_ESTest.test06(),0,0,1
"java.lang.reflect.Method.invoke(Object, Object[])",283174,6005,675
org.evosuite.runtime.vnet.EvoIPAddressUtil.textToNumericFormatV4(String),0,0,2
org.apache.avro.file.NullCodec_ESTest.<init>(),0,0,9
"org.apache.avro.file.DataFileWriter.create(Schema, OutputStream)",7,0,1
java.util.Vector.get(int),0,0,47
org.apache.avro.io.ValidatingEncoder_ESTest.test33(),0,0,1
org.apache.avro.ipc.HttpTransceiver_ESTest.test07(),0,0,1
org.apache.avro.io.BinaryEncoder_ESTest.test60(),0,0,1
org.apache.avro.ipc.HttpTransceiver_ESTest.test17(),0,0,1
org.apache.avro.io.parsing.SkipParser_ESTest.test04(),0,0,1
org.apache.avro.io.JsonDecoder.skipBytes(),0,0,2
org.apache.avro.io.DecoderFactory_ESTest.test19(),0,0,1
"org.apache.avro.io.parsing.Symbol$UnionAdjustAction.flatten(Map, Map)",0,0,2
java.util.Arrays.asList(Object[]),0,0,149
"org.evosuite.runtime.mock.java.net.URLStreamHandlerUtil.parseURL(URLStreamHandler, URL, String, int, int)",0,0,5
org.apache.avro.io.ResolvingDecoder_ESTest.test30(),0,0,1
java.time.LocalDate.<clinit>(),5,5,1
"org.apache.avro.io.BlockingBinaryEncoder.<init>(OutputStream, int)",5,0,14
org.apache.avro.io.DirectBinaryDecoder_ESTest.test07(),0,0,1
org.apache.avro.file.LengthLimitedInputStream_ESTest.test23(),0,0,1
"org.apache.avro.file.DataFileWriter.setMeta(String, byte[])",0,0,8
org.apache.avro.io.BinaryEncoder_ESTest.test56(),0,0,1
"org.apache.avro.ipc.HttpTransceiver.writeBuffers(List, OutputStream)",0,0,3
org.apache.avro.file.SeekableFileInput_ESTest.test09(),0,0,1
org.apache.avro.genavro.GenAvro.jj_rescan_token(),0,0,1
"java.lang.RuntimeException.<init>(String, Throwable)",0,0,2
org.apache.avro.io.BinaryEncoder_ESTest.test02(),0,0,1
org.apache.avro.io.ValidatingEncoder_ESTest.test41(),0,0,1
java.nio.charset.Charset.defaultCharset(),0,0,33
org.apache.avro.ipc.stats.StatsServlet_ESTest.test1(),0,0,1
org.apache.avro.io.BinaryEncoder_ESTest.test34(),0,0,1
org.apache.avro.ipc.RPCContext.requestHandshakeMeta(),0,0,6
org.apache.avro.io.ValidatingDecoder.skipFixed(),0,0,5
"org.evosuite.runtime.mock.java.io.MockFileWriter.write(String, int, int)",0,0,1
org.apache.avro.io.ValidatingEncoder_ESTest.test53(),0,0,1
org.apache.avro.io.parsing.SkipParser_ESTest.test02(),0,0,1
org.apache.avro.io.parsing.JsonGrammarGenerator$1.<clinit>(),0,0,1
org.apache.avro.io.BinaryEncoder_ESTest.test44(),0,0,1
java.net.URL.openConnection(),12,11,36
org.apache.avro.io.parsing.Symbol.error(String),0,0,14
org.evosuite.runtime.mock.java.io.MockFileOutputStream.<init>(String),7,0,15
"org.apache.avro.io.JsonDecoder.<init>(Symbol, String)",3,0,22
org.apache.avro.io.DirectBinaryDecoder_ESTest.test58(),0,0,1
org.apache.avro.ipc.RPCContext_ESTest.test09(),2,0,1
java.lang.Integer.valueOf(int),0,0,29
java.io.ByteArrayOutputStream.write(int),1,1,2166
java.lang.String.trim(),0,0,13
org.apache.avro.file.LengthLimitedInputStream_ESTest.test00(),0,0,1
org.apache.avro.file.LengthLimitedInputStream.read(),0,0,8
"org.apache.avro.io.BinaryDecoder$ByteArrayByteSource.attach(int, BinaryDecoder)",0,0,7
org.apache.avro.io.ValidatingDecoder.mapNext(),0,0,8
org.apache.avro.io.DirectBinaryDecoder_ESTest.test51(),0,0,1
org.apache.avro.ipc.Transceiver.<init>(),0,0,30
org.apache.avro.ipc.DatagramTransceiver.<init>(DatagramChannel),0,0,12
org.apache.avro.io.BinaryEncoder_ESTest.test26(),0,0,1
"java.lang.System.arraycopy(Object, int, Object, int, int) System.java",0,0,4086
org.apache.avro.io.parsing.Symbol_ESTest.test10(),0,0,1
org.apache.avro.io.ValidatingDecoder_ESTest.test39(),0,0,1
java.net.Socket.getRemoteSocketAddress(),0,0,3
org.apache.avro.io.parsing.Symbol_ESTest.test00(),0,0,1
org.apache.avro.file.DataFileWriter_ESTest.test03(),0,0,1
org.apache.avro.io.ValidatingEncoder_ESTest.test65(),0,0,1
"org.apache.avro.io.parsing.SkipParser.<init>(Symbol, Parser$ActionHandler, SkipParser$SkipHandler)",0,0,181
org.apache.avro.file.NullCodec_ESTest.test6(),0,0,1
org.apache.avro.io.BinaryEncoder_ESTest.test04(),1,0,1
"org.apache.avro.io.BinaryEncoder.writeBytes(byte[], int, int)",0,0,4
"org.apache.avro.io.ValidatingDecoder.readFixed(byte[], int, int)",0,0,3
org.apache.avro.io.ValidatingEncoder.writeBytes(ByteBuffer),0,0,1
org.apache.avro.io.ValidatingEncoder.writeArrayEnd(),0,0,2
org.evosuite.runtime.mock.java.net.NetReflectionUtil.anyLocalAddress(),4,0,1
org.evosuite.runtime.mock.java.lang.MockThrowable.getDefaultStackTrace(),0,0,5
org.apache.avro.ipc.SocketTransceiver_ESTest.test0(),0,0,1
org.apache.avro.io.BinaryDecoder.readIndex(),0,0,1
java.lang.IllegalArgumentException.<init>(String),0,0,5
org.apache.avro.ipc.AvroRemoteException_ESTest.test3(),0,0,1
"org.apache.avro.file.DataFileReader.<init>(SeekableInput, DatumReader)",14,0,4
org.apache.avro.file.DataFileWriter.assertOpen(),0,0,5
org.evosuite.runtime.testdata.FileSystemHandling.createFolder(EvoSuiteFile),0,0,2
org.apache.avro.io.parsing.Symbol.seq(Symbol[]),0,0,17
"org.apache.avro.io.BinaryDecoder$BufferAccessor.<init>(BinaryDecoder, BinaryDecoder$1)",0,0,32
org.apache.avro.io.ValidatingDecoder.skipArray(),0,0,3
org.apache.avro.io.ParsingDecoder.skipTopSymbol(),120468,120468,736709802
org.apache.avro.io.ValidatingDecoder_ESTest.test33(),0,0,1
java.lang.Throwable.getStackTrace(),10,10,384
"org.apache.avro.io.parsing.Symbol$ResolvingAction.<init>(Symbol, Symbol, Symbol$1)",0,0,15
org.apache.avro.file.LengthLimitedInputStream.read(byte[]),0,0,6
org.apache.avro.io.BinaryDecoder$BufferAccessor.<init>(BinaryDecoder),0,0,32
org.apache.avro.ipc.stats.FloatHistogram_ESTest.test4(),8,0,1
java.net.URLStreamHandler.<init>(),0,0,13
org.apache.avro.io.ValidatingDecoder_ESTest.test23(),0,0,1
org.apache.avro.ipc.SocketTransceiver.<clinit>(),0,0,1
org.apache.avro.io.ResolvingDecoder_ESTest.test02(),46983,0,1
org.apache.avro.file.DataFileWriter_ESTest.test23(),0,0,1
org.apache.avro.io.parsing.Symbol$EnumLabelsAction.getLabel(int),0,0,1
org.apache.avro.ipc.DatagramTransceiver_ESTest.test4(),0,0,1
org.apache.avro.ipc.HttpTransceiver_ESTest.test01(),0,0,1
org.apache.avro.io.ParsingDecoder.<init>(Symbol),2,0,167
org.apache.avro.io.BinaryEncoder_ESTest.test19(),0,0,1
org.apache.avro.io.ValidatingDecoder_ESTest.test41(),0,0,1
org.apache.avro.io.ValidatingDecoder_ESTest.test14(),0,0,1
java.util.concurrent.atomic.AtomicInteger.<init>(int),0,0,23
org.apache.avro.file.CodecFactory.fromString(String),0,0,1
org.apache.avro.file.CodecFactory.deflateCodec(int),3,0,3
"org.junit.Assert.assertEquals(double, double, double)",0,0,10
java.io.PipedOutputStream.write(int),0,0,8
org.apache.avro.io.ValidatingDecoder_ESTest.test06(),0,0,1
org.apache.avro.util.Utf8.<init>(),0,0,2
java.io.IOException.<init>(),0,0,43
org.evosuite.runtime.mock.java.net.MockInetAddress.getByName(String),14,0,2
org.apache.avro.io.DirectBinaryDecoder_ESTest.test48(),0,0,1
org.evosuite.runtime.mock.java.io.MockFileOutputStream.close(),2,0,19
java.io.FileInputStream.getChannel(),2,2,9
org.apache.avro.io.JsonDecoder.readEnum(),0,0,1
"org.apache.avro.io.parsing.Symbol$Alternative.<init>(Symbol[], String[], Symbol$1)",0,0,10
"java.lang.StackTraceElement.<init>(String, String, String, int)",0,0,15
org.apache.avro.file.DeflateCodec$Option.createInstance(),0,0,6
org.apache.avro.io.ValidatingDecoder_ESTest.test79(),0,0,1
org.apache.avro.file.Codec_ESTest.test0(),0,0,1
org.apache.avro.ipc.ByteBufferInputStream_ESTest.test4(),0,0,1
org.apache.avro.generic.GenericData$Fixed.<init>(),0,0,1
org.apache.avro.io.BinaryDecoder.readArrayStart(),0,0,2
org.apache.avro.ipc.stats.FloatHistogram_ESTest.test2(),0,0,1
org.apache.avro.io.ResolvingDecoder_ESTest.test36(),0,0,1
org.apache.avro.io.parsing.Parser.pushSymbol(Symbol),0,0,19
java.io.ByteArrayOutputStream.toString(),0,0,4
org.apache.avro.io.parsing.Symbol.<clinit>(),1,0,2
org.evosuite.runtime.mock.java.lang.MockThrowable.<init>(),0,0,4
java.nio.HeapByteBuffer.asReadOnlyBuffer(),1,1,1
org.apache.avro.io.ValidatingDecoder_ESTest.test12(),0,0,1
org.apache.avro.io.parsing.Symbol$Repeater.makeProduction(Symbol[]),0,0,11
org.evosuite.runtime.testdata.FileSystemHandling.shouldAllThrowIOExceptions(),0,0,3
org.apache.avro.io.ValidatingDecoder_ESTest.test08(),0,0,1
org.apache.avro.io.BinaryEncoder_ESTest.test67(),1,0,1
org.apache.avro.io.ValidatingEncoder_ESTest.test34(),0,0,1
org.apache.avro.io.ValidatingDecoder_ESTest.test43(),0,0,1
sun.net.util.IPAddressUtil.textToNumericFormatV4(String),0,0,3
org.apache.avro.io.parsing.Symbol$Sequence$1.<init>(Symbol$Sequence),0,0,1
org.apache.avro.io.parsing.SkipParser_ESTest.test05(),0,0,1
"java.io.SequenceInputStream.<init>(InputStream, InputStream)",0,0,19
org.apache.avro.io.BinaryDecoder.arrayNext(),0,0,4
org.apache.avro.file.DataFileReader$SeekableInputStream.<init>(SeekableInput),0,0,4
org.apache.avro.io.ResolvingDecoder_ESTest.test31(),0,0,1
org.apache.avro.ipc.stats.StatsPlugin.<init>(),0,0,6
java.io.FilterInputStream.close(),0,0,7
"org.apache.avro.ipc.HttpTransceiver.writeLength(int, OutputStream)",0,0,2
java.io.File.toURL(),0,0,1
java.lang.reflect.Constructor.newInstance(Object[]),50,50,1353
org.apache.avro.io.JsonDecoder.readBoolean(),0,0,2
org.apache.avro.io.parsing.SkipParser_ESTest.test03(),22255,0,1
org.apache.avro.ipc.ByteBufferInputStream_ESTest.test6(),0,0,1
"org.apache.avro.io.BinaryDecoder.init(byte[], int, int)",0,0,10
org.apache.avro.SchemaParseException.<init>(Throwable),0,0,1
org.apache.avro.io.BinaryEncoder_ESTest.test05(),0,0,1
org.apache.avro.io.parsing.SkipParser.skipSymbol(Symbol),236296,0,17
org.apache.avro.io.ValidatingDecoder_ESTest.test25(),0,0,1
org.apache.avro.io.BinaryEncoder.setItemCount(long),0,0,3
org.apache.avro.io.DirectBinaryDecoder.readInt(),0,0,19
org.apache.avro.io.ResolvingDecoder.<clinit>(),0,0,1
org.apache.avro.io.ValidatingDecoder.readString(Utf8),0,0,3
org.apache.avro.io.ValidatingEncoder_ESTest.test40(),0,0,1
org.apache.avro.ipc.stats.StatsServlet_ESTest.test0(),1,0,1
org.apache.avro.io.BinaryEncoder.writeBytes(ByteBuffer),0,0,2
org.apache.avro.io.BinaryEncoder_ESTest.test35(),0,0,1
org.apache.avro.io.DecoderFactory_ESTest.test07(),0,0,1
org.apache.avro.io.ValidatingEncoder_ESTest.test50(),0,0,1
"java.lang.System.getProperty(String, String)",0,0,4
org.apache.avro.io.ValidatingDecoder.skipBytes(),0,0,4
org.apache.avro.file.DataFileWriter_ESTest.<init>(),0,0,28
"java.util.Arrays.copyOf(Object[], int)",6,6,27935
org.apache.avro.io.ParsingDecoder_ESTest.test05(),0,0,1
org.apache.avro.io.DirectBinaryDecoder_ESTest.test50(),0,0,1
org.apache.avro.io.parsing.Symbol_ESTest.test01(),2,0,1
org.apache.avro.file.DataFileWriter_ESTest.test02(),7,0,1
org.apache.avro.io.ResolvingDecoder_ESTest.test16(),31019,0,1
"java.net.InetSocketAddress.createUnresolved(String, int)",0,0,4
org.apache.avro.ipc.LocalTransceiver.writeBuffers(List),0,0,2
"org.apache.avro.io.BlockingBinaryEncoder$BlockedValue$State.<init>(String, int)",0,0,3
org.apache.avro.io.BinaryEncoder_ESTest.test68(),3,0,1
org.apache.avro.ipc.HttpTransceiver.<init>(URL),0,0,10
org.apache.avro.io.DirectBinaryDecoder_ESTest.test11(),0,0,1
org.apache.avro.ipc.stats.FloatHistogram.add(Float),0,0,3
org.apache.avro.io.ParsingDecoder_ESTest.test11(),0,0,1
com.intellij.rt.execution.application.AppMain.main(String[]),4902,4902,1
java.net.URLStreamHandler.toExternalForm(URL),6,6,463
org.apache.avro.file.DeflateCodec.equals(Object),0,0,6
org.apache.avro.ipc.DatagramServer_ESTest.test0(),6,0,1
org.apache.avro.io.ValidatingEncoder_ESTest.test64(),0,0,1
org.apache.avro.io.ValidatingDecoder_ESTest.test24(),0,0,1
org.apache.avro.io.BinaryEncoder_ESTest.test07(),0,0,1
org.apache.avro.specific.SpecificDatumReader.<clinit>(),0,0,1
org.apache.avro.ipc.SocketServer.<clinit>(),0,0,1
java.io.PipedInputStream.<init>(),0,0,10
org.apache.avro.io.DirectBinaryDecoder_ESTest.test30(),0,0,1
org.apache.avro.io.BinaryEncoder_ESTest.test29(),0,0,1
org.apache.avro.io.DirectBinaryDecoder_ESTest.test19(),0,0,1
java.util.ArrayList.toArray(Object[]),5,5,24737
org.codehaus.jackson.impl.Utf8StreamParser.nextToken(),2,2,16
"java.io.SequenceInputStream.read(byte[], int, int)",0,0,18
org.apache.avro.io.ValidatingDecoder_ESTest.test34(),0,0,1
"java.io.OutputStreamWriter.write(String, int, int)",0,0,1
org.apache.avro.generic.GenericData.<init>(),0,0,1
java.net.InetSocketAddress.toString(),0,0,10
org.apache.avro.io.ResolvingDecoder_ESTest.test01(),0,0,1
"org.apache.avro.io.DirectBinaryDecoder$ReuseByteReader.<init>(DirectBinaryDecoder, ByteBufferInputStream)",0,0,2
org.apache.avro.specific.SpecificFixed_ESTest.test0(),23,0,1
org.apache.avro.file.DataFileStream.<init>(DatumReader),0,0,5
org.apache.avro.io.BinaryDecoder$ByteSource.<init>(),0,0,35
org.apache.avro.io.BlockingBinaryEncoder.<clinit>(),0,0,1
org.apache.avro.util.Utf8.<init>(String),0,0,1
java.util.HashMap.<init>(),0,0,2344
org.evosuite.runtime.mock.java.net.MockURL.isValidProtocol(String),0,0,5
org.apache.avro.io.ValidatingDecoder_ESTest.test09(),0,0,1
org.apache.avro.genavro.JavaCharStream.BeginToken(),0,0,2
org.apache.avro.io.ValidatingDecoder_ESTest.test22(),0,0,1
java.io.PrintStream.println(String),163,163,2253
org.evosuite.runtime.mock.java.io.MockFile.length(),0,0,2
org.apache.avro.ipc.stats.Stopwatch$SystemTicks.ticks(),0,0,3
org.apache.avro.ipc.DatagramTransceiver_ESTest.test3(),0,0,1
org.apache.avro.file.DataFileConstants.<clinit>(),0,0,1
"java.lang.Character.digit(char, int)",1,1,238
"org.junit.Assert.assertNotSame(Object, Object)",0,0,2
org.apache.avro.io.ValidatingDecoder_ESTest.test40(),0,0,1
org.apache.avro.io.ValidatingDecoder_ESTest.test15(),0,0,1
java.lang.Thread.<init>(),36,36,667
"org.apache.avro.io.parsing.Symbol$Alternative.<init>(Symbol[], String[])",0,0,11
org.apache.avro.ipc.RPCContext_ESTest.test12(),0,0,1
org.apache.avro.io.ValidatingDecoder_ESTest.test01(),0,0,1
org.apache.avro.io.ValidatingEncoder_ESTest.test62(),0,0,1
org.apache.avro.ipc.stats.TestHistogram$SingleBucketSegmenter.<init>(),0,0,7
org.apache.avro.io.DecoderFactory$DefaultDecoderFactory.<init>(DecoderFactory$1),0,0,1
org.apache.avro.io.ResolvingDecoder_ESTest.test37(),27004,0,1
java.util.TreeMap.<init>(),0,0,2
"org.junit.Assert.assertEquals(Object, Object)",0,0,24
org.apache.avro.file.Codec_ESTest.test1(),0,0,1
org.apache.avro.io.ValidatingDecoder_ESTest.test13(),0,0,1
org.evosuite.runtime.mock.java.net.MockURL.getHttpExample(),15,0,5
org.apache.avro.ipc.stats.Stopwatch_ESTest.test5(),0,0,1
org.apache.avro.ipc.ByteBufferInputStream_ESTest.test5(),0,0,1
"org.apache.avro.genavro.GenAvro.jj_add_error_token(int, int)",0,0,1
"org.apache.avro.io.parsing.Symbol$Sequence.<init>(Symbol[], Symbol$1)",0,0,17
org.apache.avro.generic.GenericDatumWriter.<init>(),5,0,23
org.apache.avro.io.JsonDecoder.arrayNext(),0,0,1
org.apache.avro.io.DirectBinaryDecoder_ESTest.test40(),0,0,1
java.util.BitSet.<init>(),0,0,45
org.evosuite.runtime.mock.java.net.MockURL.<clinit>(),0,0,1
org.apache.avro.ipc.stats.FloatHistogram.getMean(),0,0,5
"org.apache.avro.AvroRuntimeException.<init>(String, Throwable)",0,0,2
org.apache.avro.ipc.Transceiver_ESTest.test7(),0,0,1
java.util.Arrays.toString(byte[]),0,0,1
java.lang.Throwable.initCause(Throwable),0,0,7
java.net.URL.openStream(),0,0,9
"org.junit.Assert.assertSame(Object, Object)",0,0,17
java.lang.StringBuffer.append(char),12,12,9386
org.apache.avro.io.ValidatingDecoder_ESTest.test58(),0,0,1
org.apache.avro.SchemaParseException_ESTest.test1(),2,0,1
org.apache.avro.file.Codec.toString(),0,0,1
java.io.InputStreamReader.<init>(InputStream),0,0,3
"java.lang.String.regionMatches(boolean, int, String, int, int)",13,13,2580
org.apache.avro.io.ValidatingDecoder_ESTest.test42(),0,0,1
org.apache.avro.genavro.GenAvro.generateParseException(),0,0,1
org.apache.avro.genavro.GenAvroTokenManager.<clinit>(),0,0,1
"org.evosuite.runtime.mock.java.io.MockFileInputStream.read(byte[], int, int)",0,0,2
org.apache.avro.tool.Util_ESTest.test8(),0,0,1
org.evosuite.runtime.testdata.FileSystemHandling.<init>(),0,0,1
org.apache.avro.io.BinaryDecoder.<init>(),0,0,112
org.apache.avro.ipc.ByteBufferInputStream.read(),0,0,2
org.apache.avro.genavro.GenAvro$JJCalls.<init>(),0,0,6
"org.apache.avro.io.ResolvingDecoder.<init>(Object, Decoder)",0,0,57
java.nio.ByteBuffer.arrayOffset(),3,3,18351
org.apache.avro.ipc.stats.StatsServlet_ESTest.<init>(),0,0,3
org.apache.avro.ipc.ByteBufferInputStream.<init>(List),0,0,16
java.io.PushbackInputStream.read(),0,0,1
java.lang.StringBuilder.append(Object),34,34,1186
org.apache.avro.tool.GenAvroTool_ESTest.<init>(),0,0,8
"org.apache.avro.file.DataFileReader.<init>(File, DatumReader)",3,0,6
org.apache.avro.file.Codec_ESTest.<init>(),0,0,10
org.apache.avro.file.SeekableFileInput.length(),0,0,2
org.apache.avro.io.DecoderFactory_ESTest.test04(),0,0,1
org.apache.avro.io.ValidatingEncoder_ESTest.test51(),0,0,1
org.apache.avro.ipc.stats.Stopwatch_ESTest.test3(),0,0,1
org.apache.avro.file.DataFileWriter.close(),0,0,1
org.apache.avro.io.BinaryEncoder.writeIndex(int),0,0,2
"java.io.InputStreamReader.read(char[], int, int)",0,0,6
org.apache.avro.file.DeflateCodec.<init>(int),0,0,25
org.apache.avro.ipc.ByteBufferInputStream_ESTest.test7(),0,0,1
org.apache.avro.io.ValidatingEncoder_ESTest.test00(),0,0,1
org.evosuite.runtime.mock.java.io.MockFile.createNewFile(),3,0,2
org.apache.avro.ipc.RPCContext_ESTest.test11(),0,0,1
org.apache.avro.io.ValidatingEncoder.writeIndex(int),0,0,2
org.apache.avro.ipc.stats.Histogram.<init>(Histogram$Segmenter),0,0,8
java.io.File.<init>(String),22,22,198
org.apache.avro.ipc.HttpTransceiver.transceive(List),1,0,4
org.apache.avro.io.ValidatingEncoder.flush(),0,0,3
org.apache.avro.file.NullCodec.equals(Object),0,0,5
org.apache.avro.io.BlockingBinaryEncoder$BlockedValue.<clinit>(),0,0,1
org.apache.avro.io.ParsingDecoder_ESTest.test18(),0,0,1
org.apache.avro.io.BinaryEncoder.writeArrayEnd(),0,0,3
org.apache.avro.io.ValidatingDecoder_ESTest.test62(),0,0,1
org.apache.avro.tool.GenAvroTool_ESTest.test6(),0,0,1
org.apache.avro.io.BinaryDecoder$ByteSource.detach(),0,0,2
org.apache.avro.io.DirectBinaryDecoder.<init>(InputStream),0,0,82
"org.apache.avro.io.BinaryDecoder$BufferAccessor.setBuf(byte[], int, int)",0,0,1
org.apache.avro.io.ParsingDecoder_ESTest.test10(),0,0,1
java.lang.ClassCastException.<init>(String),0,0,6
org.apache.avro.io.ValidatingEncoder_ESTest.test18(),0,0,1
org.apache.avro.file.DeflateCodec_ESTest.test05(),0,0,1
org.apache.avro.specific.SpecificFixed_ESTest.<init>(),0,0,1
java.lang.StringBuffer.toString(),9,9,7697
org.apache.avro.io.DecoderFactory_ESTest.test02(),0,0,1
org.apache.avro.io.parsing.ValidatingGrammarGenerator.generate(Schema),3,0,3
org.apache.avro.io.ResolvingDecoder_ESTest.test17(),0,0,1
org.apache.avro.ipc.stats.Stopwatch.<init>(Stopwatch$Ticks),0,0,14
org.apache.avro.ipc.HttpTransceiver_ESTest.<init>(),0,0,19
org.evosuite.runtime.mock.java.io.MockFile.exists(),0,0,2
org.apache.avro.io.ResolvingDecoder_ESTest.test07(),0,0,1
sun.nio.ch.ServerSocketChannelImpl.accept(),0,0,1
org.apache.avro.io.DirectBinaryDecoder_ESTest.test10(),0,0,1
java.lang.Throwable.getLocalizedMessage(),0,0,97
org.apache.avro.AvroTypeException.<init>(String),0,0,42
org.apache.avro.ipc.DatagramServer_ESTest.test1(),33,0,1
org.apache.avro.ipc.stats.Stopwatch.stop(),0,0,6
org.apache.avro.io.ValidatingEncoder_ESTest.test63(),0,0,1
org.apache.avro.io.BinaryEncoder_ESTest.test06(),0,0,1
org.apache.avro.file.DeflateCodec.decompress(ByteBuffer),0,0,7
org.apache.avro.io.DirectBinaryDecoder_ESTest.test44(),0,0,1
org.apache.avro.io.DirectBinaryDecoder_ESTest.test33(),0,0,1
org.apache.avro.io.BinaryEncoder_ESTest.test28(),0,0,1
org.apache.avro.io.BinaryEncoder$SimpleByteWriter.<init>(OutputStream),0,0,66
org.apache.avro.io.DirectBinaryDecoder_ESTest.test18(),0,0,1
org.apache.avro.io.ParsingDecoder_ESTest.test00(),0,0,1
java.lang.ArrayIndexOutOfBoundsException.<init>(String),0,0,59
java.util.ArrayList.clear(),0,0,7
org.codehaus.jackson.JsonFactory.createJsonParser(String),2,2,22
org.apache.avro.file.DataFileWriter_ESTest.test12(),0,0,1
javax.servlet.GenericServlet.<clinit>(),16,16,2
"org.apache.avro.io.ValidatingEncoder.writeBytes(byte[], int, int)",0,0,2
org.apache.avro.io.parsing.Symbol$Root.<init>(Symbol[]),0,0,14
java.io.InputStream.skip(long),0,0,4
org.evosuite.runtime.mock.java.net.EvoURLStreamHandler.openConnection(URL),1,0,2
org.apache.avro.io.BinaryEncoder.<init>(OutputStream),2,0,74
org.apache.avro.io.parsing.ValidatingGrammarGenerator_ESTest.test3(),0,0,1
org.apache.avro.io.ResolvingDecoder_ESTest.test00(),0,0,1
"org.evosuite.runtime.mock.java.io.MockFile.combine(String, String)",43,0,8
org.apache.avro.io.BinaryEncoder$SimpleByteWriter.write(ByteBuffer),0,0,1
"org.apache.avro.io.ResolvingDecoder.<init>(Schema, Schema, Decoder)",0,0,1
org.apache.avro.ipc.HttpTransceiver_ESTest.test16(),2,0,1
org.apache.avro.io.parsing.Parser.advance(Symbol),183014,0,140
"org.apache.avro.io.parsing.Symbol$ErrorAction.<init>(String, Symbol$1)",0,0,14
"org.junit.Assert.assertEquals(long, long)",3,3,766
org.apache.avro.io.parsing.Symbol$DefaultStartAction.<init>(byte[]),0,0,9
"org.apache.avro.genavro.Token.<init>(int, String)",0,0,1
org.apache.avro.io.parsing.Symbol$Kind.<clinit>(),0,0,1
org.apache.avro.io.DecoderFactory_ESTest.test18(),0,0,1
org.apache.avro.ipc.LocalTransceiver.<init>(Responder),0,0,6
org.apache.avro.file.DataFileWriter_ESTest.test08(),0,0,1
java.io.ByteArrayInputStream.<init>(byte[]),0,0,72
"org.apache.avro.genavro.Token.newToken(int, String)",0,0,1
org.apache.avro.tool.DataFileReadTool_ESTest.test1(),0,0,1
sun.nio.ch.ServerSocketAdaptor.bind(SocketAddress),0,0,2
org.apache.avro.io.DirectBinaryDecoder.readLong(),0,0,13
java.lang.Thread.setDaemon(boolean),0,0,3
org.apache.avro.ipc.stats.Histogram$TreeMapSegmenter.<init>(SortedSet),0,0,1
java.util.TreeSet.<init>(Collection),0,0,1
org.apache.avro.genavro.JavaCharStream.ReadByte(),0,0,2
org.apache.avro.io.DirectBinaryDecoder_ESTest.test35(),0,0,1
org.apache.avro.io.BinaryDecoder.readFloat(),0,0,1
"java.net.URL.<init>(String, String, int, String, URLStreamHandler)",0,0,57
"org.apache.avro.io.BinaryDecoder.init(int, InputStream)",1,0,25
org.apache.avro.ipc.HttpTransceiver.readBuffers(InputStream),453,0,7
org.apache.avro.io.ValidatingEncoder_ESTest.test61(),0,0,1
org.apache.avro.ipc.stats.FloatHistogram_ESTest.<init>(),0,0,8
javax.servlet.http.HttpServlet.<clinit>(),15,15,2
org.apache.avro.io.DirectBinaryDecoder_ESTest.test46(),0,0,1
org.apache.avro.ipc.LocalTransceiver.readBuffers(),0,0,2
org.apache.avro.ipc.stats.StatsPlugin_ESTest.test3(),0,0,1
org.apache.avro.ipc.RPCContext_ESTest.<init>(),0,0,20
org.apache.avro.file.DataFileWriter_ESTest.test10(),0,0,1
org.apache.avro.ipc.stats.Stopwatch_ESTest.test2(),0,0,1
"org.apache.avro.io.BinaryEncoder.encodeLong(long, OutputStream)",0,0,28
org.apache.avro.ipc.stats.StatsPlugin.nanosToMillis(long),0,0,3
org.junit.Assert.assertNotNull(Object),0,0,11
org.apache.avro.io.ResolvingDecoder_ESTest.test18(),0,0,1
org.apache.avro.io.ValidatingEncoder_ESTest.test10(),0,0,1
java.nio.Buffer.limit(int),2,2,5408
org.apache.avro.io.ValidatingDecoder_ESTest.test59(),0,0,1
"org.apache.avro.io.BinaryDecoder$InputStreamByteSource.readRaw(byte[], int, int)",0,0,4
org.apache.avro.genavro.GenAvro.ProtocolDeclaration(),1,0,2
java.nio.HeapByteBuffer.putInt(int),0,0,3
org.apache.avro.io.JsonDecoder.init(String),3,0,22
org.apache.avro.io.BinaryEncoder_ESTest.test47(),0,0,1
java.io.DataOutputStream.<init>(OutputStream),0,0,30
org.apache.avro.ipc.HttpTransceiver_ESTest.test08(),0,0,1
org.apache.avro.ipc.Transceiver_ESTest.test4(),0,0,1
java.io.PrintStream.write(int),0,0,5
"org.apache.avro.file.DataFileWriter.setMetaInternal(String, String)",0,0,3
org.apache.avro.io.DirectBinaryDecoder.readBoolean(),0,0,6
org.apache.avro.SchemaParseException_ESTest.test0(),0,0,1
org.apache.avro.AvroRuntimeException_ESTest.test1(),15,0,1
org.apache.avro.ipc.DatagramServer.<clinit>(),0,0,1
org.apache.avro.ipc.DatagramTransceiver.<clinit>(),0,0,1
org.apache.avro.io.ValidatingDecoder_ESTest.test45(),0,0,1
java.lang.Class.desiredAssertionStatus(),0,0,57
org.apache.avro.io.parsing.Symbol_ESTest.test13(),0,0,1
"org.apache.avro.file.LengthLimitedInputStream.<init>(InputStream, long)",0,0,29
org.apache.avro.io.ResolvingDecoder.readEnum(),35014,0,6
org.apache.avro.genavro.GenAvroTokenManager.<init>(JavaCharStream),0,0,2
java.net.UnknownServiceException.<init>(String),0,0,2
org.apache.avro.io.ValidatingEncoder_ESTest.test03(),0,0,1
org.apache.avro.io.JsonDecoder.readIndex(),0,0,1
org.apache.avro.ipc.DatagramServer.main(String[]),26,0,1
org.apache.avro.io.ValidatingEncoder.startItem(),0,0,1
"org.apache.avro.file.DataFileReader$SeekableInputStream.read(byte[], int, int)",0,0,4
org.apache.avro.io.DecoderFactory_ESTest.test05(),0,0,1
org.apache.avro.io.ParsingDecoder_ESTest.test12(),0,0,1
org.apache.avro.ipc.SocketTransceiver_ESTest.test3(),273,0,1
org.apache.avro.io.parsing.Symbol$Root.makeProduction(Symbol[]),0,0,14
org.apache.avro.ipc.stats.Stopwatch_ESTest.test0(),0,0,1
"org.evosuite.runtime.mock.java.io.MockPrintStream.<init>(OutputStream, boolean)",0,0,3
org.apache.avro.io.DirectBinaryDecoder_ESTest.test04(),0,0,1
org.apache.avro.file.DeflateCodec_ESTest.test03(),0,0,1
"org.evosuite.runtime.mock.java.net.MockURLStreamHandler.parseURL(URL, String, int, int)",0,0,5
org.apache.avro.ipc.AvroRemoteException_ESTest.test2(),0,0,1
"org.apache.avro.io.BinaryEncoder.encodeLong(long, byte[], int)",0,0,3
org.apache.avro.io.parsing.Symbol$FieldOrderAction.<init>(Schema$Field[]),0,0,5
org.apache.avro.io.DecoderFactory.<clinit>(),0,0,1
org.apache.avro.io.ValidatingEncoder.init(OutputStream),0,0,2
org.apache.avro.tool.GenAvroTool_ESTest.test7(),0,0,1
org.apache.avro.io.ResolvingDecoder.skipAction(),0,0,14
org.apache.avro.io.ValidatingDecoder_ESTest.test61(),0,0,1
"java.io.BufferedOutputStream.<init>(OutputStream, int)",0,0,8
"java.io.BufferedOutputStream.write(byte[], int, int)",17,17,4484
org.apache.avro.ipc.stats.StatsPlugin_ESTest.<init>(),0,0,8
org.apache.avro.io.ValidatingEncoder_ESTest.test25(),0,0,1
java.io.PipedInputStream.<init>(int),0,0,5
java.net.URL.toString(),7,7,463
org.apache.avro.io.ParsingDecoder_ESTest.test07(),0,0,1
java.io.FileInputStream.<init>(FileDescriptor),0,0,18
org.apache.avro.generic.GenericData.<clinit>(),0,0,1
org.apache.avro.ipc.ByteBufferOutputStream.<init>(),0,0,11
java.lang.StringBuffer.<init>(),4,4,7101
org.apache.avro.io.DirectBinaryDecoder_ESTest.test17(),0,0,1
org.apache.avro.io.ValidatingEncoder_ESTest.test23(),0,0,1
org.apache.avro.io.ParsingDecoder_ESTest.test17(),0,0,1
"org.apache.avro.io.parsing.Symbol.flattenedSize(Symbol[], int)",0,0,32
org.apache.avro.io.BinaryEncoder_ESTest.test16(),0,0,1
org.apache.avro.file.DeflateCodec_ESTest.test04(),0,0,1
org.apache.avro.io.ValidatingEncoder_ESTest.test19(),0,0,1
org.apache.avro.io.JsonDecoder.checkFixed(int),0,0,1
org.apache.avro.file.DataFileWriter_ESTest.test18(),0,0,1
org.apache.avro.io.JsonDecoder.mapNext(),0,0,1
org.apache.avro.file.SeekableFileInput_ESTest.test01(),2,0,1
org.apache.avro.io.DecoderFactory_ESTest.test03(),0,0,1
"org.apache.avro.io.BinaryEncoder.writeFixed(byte[], int, int)",0,0,4
org.codehaus.classworlds.BytesURLStreamHandler.openConnection(URL),0,0,10
org.apache.avro.io.BlockingBinaryEncoder.check(),2,0,14
org.apache.avro.io.BinaryDecoder.doSkipItems(),0,0,1
java.io.FileOutputStream.close(),5,5,45
"org.apache.avro.io.parsing.ResolvingGrammarGenerator.generate(Schema, Schema, Map)",0,0,2
org.apache.avro.file.LengthLimitedInputStream.available(),0,0,5
org.apache.avro.io.ResolvingDecoder_ESTest.test06(),42991,0,1
org.apache.avro.io.parsing.ValidatingGrammarGenerator_ESTest.test4(),0,0,1
java.io.FilterInputStream.available(),0,0,5
org.apache.avro.io.ParsingDecoder_ESTest.test01(),0,0,1
org.apache.avro.io.ValidatingDecoder_ESTest.<init>(),0,0,85
"org.evosuite.runtime.mock.java.net.Inet4AddressUtil.createNewInstance(String, byte[])",0,0,1
org.apache.avro.io.parsing.Symbol.root(Symbol[]),0,0,14
"org.evosuite.runtime.mock.java.io.MockFileOutputStream.<init>(String, boolean)",0,0,3
java.lang.Class.getClassLoader(),1,1,2800
org.apache.avro.ipc.Transceiver_ESTest.<init>(),0,0,9
org.apache.avro.file.LengthLimitedInputStream_ESTest.test22(),0,0,1
org.apache.avro.file.CodecFactory_ESTest.test4(),9,0,1
org.apache.avro.file.SeekableFileInput_ESTest.<init>(),0,0,13
org.apache.avro.io.DirectBinaryDecoder_ESTest.test45(),0,0,1
sun.nio.ch.SocketChannelImpl.socket(),1,1,7
org.apache.avro.ipc.stats.FloatHistogram_ESTest.test1(),0,0,1
org.evosuite.runtime.mock.java.net.MockURLStreamHandler.toExternalForm(URL),0,0,1
org.apache.avro.io.DirectBinaryDecoder_ESTest.test32(),0,0,1
org.apache.avro.ipc.HttpTransceiver.getLength(List),0,0,4
org.apache.avro.io.parsing.Symbol$EnumLabelsAction.findLabel(String),0,0,6
sun.nio.ch.ServerSocketChannelImpl.socket(),1,1,3
org.apache.avro.file.DataFileWriter_ESTest.test13(),0,0,1
org.apache.avro.io.parsing.Symbol_ESTest.test08(),0,0,1
"org.evosuite.runtime.mock.java.net.MockURLStreamHandler.setURL(URL, String, String, int, String, String, String, String, String)",0,0,5
org.apache.avro.tool.DataFileReadTool_ESTest.test2(),1,0,1
org.apache.avro.ipc.stats.Stopwatch_ESTest.test4(),0,0,1
org.apache.avro.io.parsing.ValidatingGrammarGenerator_ESTest.test2(),0,0,1
org.apache.avro.io.BinaryDecoder.readLong(),0,0,14
org.apache.avro.io.BinaryEncoder_ESTest.test66(),0,0,1
"org.apache.avro.genavro.JavaCharStream.<init>(InputStream, String, int, int, int)",0,0,2
org.apache.avro.io.ValidatingEncoder_ESTest.test35(),0,0,1
org.apache.avro.io.ValidatingEncoder.writeDouble(double),0,0,3
org.apache.avro.io.DirectBinaryDecoder_ESTest.test34(),0,0,1
org.apache.avro.ipc.stats.Stopwatch.<clinit>(),1,0,2
"org.apache.avro.io.parsing.Symbol$ResolvingAction.<init>(Symbol, Symbol)",0,0,20
org.apache.avro.io.ValidatingEncoder_ESTest.test21(),0,0,1
org.apache.avro.ipc.HttpTransceiver_ESTest.test15(),0,0,1
org.apache.avro.io.BinaryEncoder_ESTest.test14(),1,0,1
org.apache.avro.file.CodecFactory.<init>(),0,0,10
java.io.OutputStream.<init>(),0,0,214
org.apache.avro.io.parsing.SkipParser_ESTest.test10(),0,0,1
org.apache.avro.ipc.stats.FloatHistogram_ESTest.test6(),0,0,1
org.apache.avro.file.LengthLimitedInputStream_ESTest.test28(),0,0,1
org.apache.avro.ipc.RPCContext_ESTest.test10(),0,0,1
org.apache.avro.ipc.stats.StatsPlugin_ESTest.test2(),0,0,1
java.nio.channels.SocketChannel.<clinit>(),0,0,1
org.apache.avro.ipc.DatagramServer.run(),9931,0,1
org.apache.avro.io.ValidatingEncoder_ESTest.test60(),0,0,1
org.apache.avro.file.LengthLimitedInputStream_ESTest.test20(),0,0,1
org.evosuite.runtime.testdata.FileSystemHandling.<clinit>(),0,0,1
java.io.FileInputStream.available() FileInputStream.java,0,0,4
org.apache.avro.io.DirectBinaryDecoder_ESTest.test47(),0,0,1
"org.apache.avro.io.parsing.Symbol.resolve(Symbol, Symbol)",0,0,15
org.apache.avro.io.parsing.ValidatingGrammarGenerator$LitS.hashCode(),0,0,1
org.apache.avro.io.ValidatingEncoder_ESTest.test43(),0,0,1
org.evosuite.runtime.vfs.VirtualFileSystem.findFSObject(String),0,0,2
org.apache.avro.io.BinaryEncoder_ESTest.test36(),0,0,1
org.apache.avro.io.Decoder_ESTest.test0(),0,0,1
java.nio.channels.spi.AbstractSelectableChannel.<clinit>(),0,0,1
org.apache.avro.file.DataFileWriter_ESTest.test11(),14,0,1
"org.apache.avro.tool.Util.datumFromFile(Schema, String)",1,0,2
java.nio.Buffer.position(int),2,2,14626
org.apache.avro.io.ValidatingEncoder_ESTest.test11(),3,0,1
org.apache.avro.io.BinaryEncoder_ESTest.test46(),0,0,1
org.apache.avro.io.DirectBinaryDecoder_ESTest.test16(),0,0,1
org.apache.avro.io.ValidatingEncoder_ESTest.test05(),0,0,1
org.apache.avro.file.LengthLimitedInputStream.skip(long),0,0,5
"org.apache.avro.io.BinaryDecoder.configureSource(int, BinaryDecoder$ByteSource)",1,0,32
org.apache.avro.ipc.Transceiver_ESTest.test5(),1,0,1
org.apache.avro.file.LengthLimitedInputStream_ESTest.test01(),0,0,1
"java.io.ByteArrayInputStream.<init>(byte[], int, int)",0,0,27
org.apache.avro.ipc.HttpTransceiver_ESTest.test09(),2,0,1
org.apache.avro.file.DeflateCodec_ESTest.test15(),0,0,1
"org.junit.Assert.assertArrayEquals(byte[], byte[])",3,3,2
org.evosuite.runtime.vfs.VirtualFileSystem.getWorkingDirPath(),0,0,6
org.evosuite.runtime.mock.java.lang.MockThrowable.<init>(String),0,0,1
org.apache.avro.file.LengthLimitedInputStream_ESTest.test02(),0,0,1
org.apache.avro.AvroRuntimeException_ESTest.test0(),0,0,1
org.evosuite.runtime.vnet.VirtualNetwork.<init>(),3,0,2
org.apache.avro.ipc.stats.Stopwatch$SystemTicks.<init>(),0,0,1
org.apache.avro.io.parsing.Symbol_ESTest.test12(),0,0,1
java.util.ArrayList.forEach(Consumer),0,0,1
"org.evosuite.runtime.mock.java.net.MockURL.URL(URL, String)",15,0,5
org.apache.avro.io.ResolvingDecoder_ESTest.test24(),0,0,1
org.apache.avro.file.Codec_ESTest.test8(),1,0,1
org.apache.avro.file.NullCodec_ESTest.test8(),0,0,1
java.util.concurrent.ConcurrentHashMap.remove(Object),0,0,3
org.apache.avro.tool.Util_ESTest.test0(),0,0,1
org.apache.avro.file.DeflateCodec_ESTest.test02(),1,0,1
org.apache.avro.io.ValidatingEncoder_ESTest.test02(),4,0,1
org.apache.avro.io.DecoderFactory.<init>(),0,0,16
org.apache.avro.file.LengthLimitedInputStream_ESTest.test24(),0,0,1
org.evosuite.runtime.mock.java.io.MockPrintStream.<init>(String),9,0,16
org.apache.avro.io.ValidatingEncoder_ESTest.test29(),0,0,1
org.apache.avro.ipc.SocketTransceiver_ESTest.test2(),7,0,1
org.apache.avro.ipc.stats.Stopwatch_ESTest.test1(),0,0,1
org.apache.avro.io.ValidatingDecoder_ESTest.test60(),0,0,1
java.lang.ThreadGroup.<init>(String),0,0,2
org.apache.avro.ipc.AvroRemoteException_ESTest.test1(),0,0,1
java.lang.Thread.setName(String),0,0,2
java.lang.AssertionError.<init>(),0,0,10
org.apache.avro.file.DataFileWriter.assertNotOpen(),0,0,10
org.apache.avro.tool.GenAvroTool_ESTest.test0(),2,0,1
org.apache.avro.ipc.stats.FakeTicks.<init>(),0,0,11
org.apache.avro.file.SeekableFileInput_ESTest.test02(),2,0,1
org.evosuite.runtime.mock.java.lang.MockThrowable.getLocalizedMessage(),0,0,4
org.apache.avro.io.ValidatingDecoder_ESTest.test21(),0,0,1
java.util.logging.LogManager$Cleaner.run(),0,0,1
org.apache.avro.io.Decoder_ESTest.test8(),0,0,1
java.io.ObjectOutputStream.flush(),0,0,1
java.lang.RuntimeException.<init>(String),1,1,124
org.apache.avro.ipc.DatagramTransceiver_ESTest.test2(),0,0,1
org.apache.avro.io.parsing.Symbol_ESTest.test14(),0,0,1
org.apache.avro.io.ValidatingEncoder_ESTest.test22(),0,0,1
org.apache.avro.io.BinaryEncoder_ESTest.test17(),0,0,1
org.apache.avro.io.BinaryEncoder_ESTest.test49(),0,0,1
org.apache.avro.io.BinaryDecoder.readInt(),0,0,4
org.apache.avro.file.DataFileWriter_ESTest.test19(),0,0,1
org.apache.avro.io.ValidatingEncoder_ESTest.test58(),0,0,1
org.apache.avro.io.BlockingBinaryEncoder.expandStack(),1,0,14
org.apache.avro.io.ValidatingDecoder_ESTest.test29(),0,0,1
org.apache.avro.tool.DataFileReadTool_ESTest.test4(),4,0,1
java.util.concurrent.atomic.AtomicInteger.getAndIncrement(),0,0,1
org.apache.avro.ipc.DatagramTransceiver.<init>(SocketAddress),0,0,5
org.apache.avro.io.BinaryDecoder$BufferAccessor.setPos(int),0,0,13
java.lang.Throwable.<init>(),1,1,261
"org.evosuite.runtime.mock.java.net.URLUtil.setHandler(URL, URLStreamHandler)",0,0,5
org.apache.avro.genavro.GenAvro.jj_la1_init_0(),0,0,1
org.apache.avro.io.BinaryEncoder.writeMapEnd(),0,0,2
org.apache.avro.file.DataFileReader_ESTest.test0(),0,0,1
org.apache.avro.io.BinaryDecoder.mapNext(),0,0,7
org.evosuite.runtime.mock.java.net.EvoURLStreamHandler.<init>(String),0,0,1
org.apache.avro.genavro.GenAvroTokenManager.jjFillToken(),0,0,1
org.evosuite.runtime.vfs.VirtualFileSystem.markAccessedFile(String),0,0,2
org.apache.avro.ipc.stats.FloatHistogram_ESTest.test0(),0,0,1
"org.apache.avro.tool.GenAvroTool.run(InputStream, PrintStream, PrintStream, List)",37,0,6
org.evosuite.runtime.mock.java.net.EvoHttpURLConnection.<clinit>(),0,0,1
org.evosuite.runtime.mock.java.time.MockLocalDate.ofEpochDay(long),10,0,1
org.apache.avro.io.ResolvingDecoder.readLong(),46983,0,5
org.apache.avro.tool.GenAvroTool_ESTest.test2(),2,0,1
org.apache.avro.Schema$Type.<clinit>(),0,0,1
org.apache.avro.genavro.GenAvro.jj_la1_init_1(),0,0,1
org.apache.avro.file.NullCodec$Option.<init>(),0,0,3
org.apache.avro.io.parsing.Symbol_ESTest.test09(),0,0,1
org.apache.avro.tool.DataFileReadTool_ESTest.test3(),1,0,1
org.apache.avro.io.BinaryEncoder_ESTest.test65(),0,0,1
org.apache.avro.io.ValidatingEncoder_ESTest.test36(),0,0,1
java.util.concurrent.ConcurrentHashMap.get(Object),3,3,1968
org.apache.avro.io.BinaryEncoder_ESTest.test24(),0,0,1
org.apache.avro.io.ValidatingEncoder_ESTest.test20(),0,0,1
org.apache.avro.ipc.HttpTransceiver_ESTest.test14(),15,0,1
org.apache.avro.io.BinaryDecoder$BufferAccessor.detach(),0,0,2
org.apache.avro.io.BinaryEncoder_ESTest.test15(),0,0,1
org.apache.avro.io.ValidatingDecoder.skipFixed(int),0,0,3
java.util.ArrayList.<init>(),36,36,51556
"java.net.URLStreamHandler.setURL(URL, String, String, int, String, String, String, String, String)",2,2,2312
"org.apache.avro.io.ValidatingDecoder.<init>(Symbol, Decoder)",0,0,131
org.apache.avro.io.BinaryDecoder$InputStreamByteSource.<init>(InputStream),0,0,25
org.apache.avro.io.parsing.SkipParser_ESTest.test13(),14265,0,1
org.apache.avro.generic.GenericDatumWriter.<init>(GenericData),0,0,23
org.apache.avro.io.ResolvingDecoder.readDouble(),31019,0,5
org.apache.avro.io.DirectBinaryDecoder.doSkipBytes(long),0,0,6
org.apache.avro.file.DataFileWriter.flush(),0,0,2
org.apache.avro.io.DirectBinaryDecoder_ESTest.test05(),0,0,1
"java.io.FileWriter.<init>(File, boolean)",2,2,3
"org.apache.avro.genavro.ParseException.initialise(Token, int[][], String[])",0,0,1
java.lang.Thread.join(),0,0,3
org.apache.avro.ipc.stats.StatsPlugin_ESTest.test5(),9,0,1
org.evosuite.runtime.mock.java.net.NetReflectionUtil.<clinit>(),0,0,1
org.apache.avro.io.ValidatingDecoder_ESTest.test80(),0,0,1
org.apache.avro.io.BinaryEncoder_ESTest.test41(),0,0,1
org.apache.avro.ipc.stats.StatsPlugin.<clinit>(),3,0,2
org.apache.avro.io.ValidatingEncoder_ESTest.test16(),1,0,1
org.evosuite.runtime.mock.java.io.MockPrintStream.<init>(File),6,0,11
org.apache.avro.file.NullCodec$Option.createInstance(),0,0,2
org.apache.avro.ipc.stats.Histogram.add(Object),0,0,3
"java.lang.String.indexOf(int, int)",1,1,11483
org.apache.avro.file.LengthLimitedInputStream_ESTest.test21(),0,0,1
org.apache.avro.io.Decoder_ESTest.test1(),0,0,1
org.evosuite.runtime.mock.java.net.Inet4AddressUtil.<clinit>(),0,0,1
org.apache.avro.io.DirectBinaryDecoder_ESTest.test28(),0,0,1
org.apache.avro.io.ValidatingEncoder_ESTest.test42(),0,0,1
org.apache.avro.io.BinaryEncoder_ESTest.test37(),0,0,1
org.apache.avro.file.DataFileWriter_ESTest.test16(),0,0,1
org.apache.avro.io.parsing.SkipParser_ESTest.test11(),0,0,1
org.apache.avro.file.DeflateCodec_ESTest.test12(),0,0,1
"java.net.URLStreamHandler.parseURL(URL, String, int, int)",48,48,2062
org.apache.avro.io.BinaryEncoder.writeFloat(float),0,0,3
org.apache.avro.io.BinaryEncoder_ESTest.test27(),0,0,1
org.apache.avro.file.LengthLimitedInputStream_ESTest.<init>(),0,0,29
org.apache.avro.ipc.RPCContext_ESTest.test04(),0,0,1
org.apache.avro.AvroTypeException_ESTest.test1(),2,0,1
org.apache.avro.io.ValidatingEncoder_ESTest.test04(),0,0,1
org.evosuite.runtime.mock.java.net.MockInetSocketAddress.<init>(int),9,0,1
"org.apache.avro.io.parsing.Symbol$Sequence.flatten(Map, Map)",0,0,8
java.lang.String.getBytes(String),0,0,8
java.util.ArrayList.add(Object),95,95,118485
org.apache.avro.io.ValidatingDecoder.readEnum(),0,0,4
java.util.TreeMap$KeyIterator.next(),0,0,15
org.apache.avro.file.LengthLimitedInputStream_ESTest.test03(),2,0,1
org.apache.avro.io.ResolvingDecoder_ESTest.test27(),0,0,1
org.apache.avro.io.Decoder_ESTest.<init>(),0,0,10
"org.apache.avro.io.BinaryEncoder.encodeDouble(double, byte[], int)",0,0,3
org.evosuite.runtime.vfs.VirtualFileSystem.tokenize(String),0,0,2
org.apache.avro.io.DirectBinaryDecoder_ESTest.test20(),0,0,1
org.apache.avro.io.DirectBinaryDecoder.readFloat(),0,0,7
org.apache.avro.file.LengthLimitedInputStream_ESTest.test13(),0,0,1
org.apache.avro.io.JsonDecoder.readFloat(),0,0,1
org.apache.avro.ipc.Transceiver.transceive(List),0,0,3
org.apache.avro.file.Codec_ESTest.test9(),0,0,1
org.apache.avro.io.parsing.Symbol_ESTest.test15(),0,0,1
org.codehaus.jackson.impl.ReaderBasedParser.nextToken(),2,2,23
org.apache.avro.io.ValidatingEncoder.writeString(Utf8),0,0,1
org.apache.avro.ipc.DatagramTransceiver.getRemoteName(),0,0,4
java.io.PipedInputStream.<clinit>(),0,0,1
org.evosuite.runtime.mock.java.net.MockInetAddress.getAllByName(String),14,0,2
org.apache.avro.file.DataFileWriter_ESTest.test22(),0,0,1
org.apache.avro.file.SeekableFileInput_ESTest.test04(),0,0,1
java.net.URLConnection.<init>(URL),0,0,36
org.apache.avro.io.BinaryEncoder_ESTest.test09(),1,0,1
org.apache.avro.io.ValidatingDecoder_ESTest.test50(),0,0,1
org.apache.avro.io.BinaryEncoder_ESTest.test31(),0,0,1
org.apache.avro.generic.GenericData$Fixed.toString(),0,0,1
org.apache.avro.io.ValidatingEncoder_ESTest.test44(),0,0,1
org.apache.avro.io.ValidatingEncoder_ESTest.test28(),0,0,1
org.apache.avro.genavro.JavaCharStream.FillBuff(),0,0,2
java.util.HashMap.get(Object),49,49,11767
org.apache.avro.ipc.RPCContext_ESTest.test06(),0,0,1
org.apache.avro.ipc.AvroRemoteException_ESTest.test0(),0,0,1
org.apache.avro.io.parsing.ValidatingGrammarGenerator$LitS.equals(Object),0,0,2
"java.io.PushbackInputStream.<init>(InputStream, int)",0,0,4
org.evosuite.runtime.vnet.DNS.<init>(),0,0,1
"java.io.PrintStream.<init>(OutputStream, boolean)",1,1,22
org.apache.avro.ipc.HttpTransceiver_ESTest.test10(),3,0,1
org.apache.avro.file.LengthLimitedInputStream_ESTest.test05(),0,0,1
org.apache.avro.file.SeekableFileInput_ESTest.test03(),0,0,1
org.apache.avro.io.Decoder_ESTest.test9(),1,0,1
"org.apache.avro.io.BinaryEncoder.encodeFloat(float, OutputStream)",0,0,6
"org.apache.avro.io.BlockingBinaryEncoder$BlockedValue.check(BlockingBinaryEncoder$BlockedValue, int)",2,0,5
org.apache.avro.io.ValidatingDecoder_ESTest.test20(),0,0,1
"java.io.PrintStream.write(byte[], int, int)",53,53,4507
org.apache.avro.tool.DataFileReadTool_ESTest.<init>(),0,0,6
org.apache.avro.io.parsing.ValidatingGrammarGenerator$LitS.<init>(Schema),0,0,3
org.apache.avro.ipc.DatagramTransceiver_ESTest.test1(),0,0,1
org.apache.avro.io.parsing.Symbol_ESTest.test17(),2,0,1
org.apache.avro.io.ValidatingDecoder_ESTest.test56(),0,0,1
"org.apache.avro.AvroTypeException.<init>(String, Throwable)",0,0,1
"org.apache.avro.io.DecoderFactory.createBinaryDecoder(byte[], BinaryDecoder)",0,0,8
org.apache.avro.ipc.stats.TestHistogram$SingleBucketSegmenter.segment(Object),0,0,3
org.apache.avro.file.DataFileReader_ESTest.test3(),3,0,1
"org.apache.avro.genavro.JavaCharStream.<init>(Reader, int, int, int)",0,0,2
org.apache.avro.ipc.HttpTransceiver_ESTest.test12(),0,0,1
org.apache.avro.io.ValidatingDecoder_ESTest.test74(),3,0,1
org.evosuite.runtime.mock.java.io.MockFile.toURL(),0,0,1
org.apache.avro.io.ValidatingDecoder_ESTest.test03(),0,0,1
org.apache.avro.io.ValidatingEncoder_ESTest.test59(),0,0,1
org.apache.avro.io.ValidatingDecoder_ESTest.test28(),0,0,1
"java.net.URLConnection.setRequestProperty(String, String)",0,0,4
org.apache.avro.tool.DataFileReadTool_ESTest.test5(),0,0,1
org.slf4j.LoggerFactory.getLogger(Class),14,14,11
org.apache.avro.file.LengthLimitedInputStream_ESTest.test10(),0,0,1
org.apache.avro.ipc.DatagramTransceiver.writeBuffers(List),0,0,4
org.apache.avro.ipc.stats.FloatHistogram_ESTest.test7(),0,0,1
org.apache.avro.io.ResolvingDecoder_ESTest.test10(),0,0,1
org.apache.avro.generic.GenericDatumReader.<init>(Schema),0,0,2
"org.apache.avro.io.parsing.Symbol$Alternative.flatten(Map, Map)",0,0,2
"org.apache.avro.ipc.ResponderServlet.doPost(HttpServletRequest, HttpServletResponse)",0,0,1
org.apache.avro.io.ResolvingDecoder_ESTest.test19(),0,0,1
java.util.Vector.add(Object),0,0,3
"org.evosuite.runtime.mock.java.io.MockFile.<init>(String, String)",43,0,8
org.apache.avro.io.BinaryEncoder_ESTest.test64(),0,0,1
org.apache.avro.io.ValidatingEncoder_ESTest.test37(),0,0,1
org.apache.avro.tool.GenAvroTool_ESTest.test3(),0,0,1
org.evosuite.runtime.mock.java.net.MockInetSocketAddress.<clinit>(),0,0,1
"org.apache.avro.io.BinaryDecoder.readFixed(byte[], int, int)",0,0,5
org.apache.avro.io.ValidatingDecoder.readIndex(),0,0,4
"java.lang.reflect.Field.set(Object, Object)",0,0,8
org.apache.avro.ipc.HttpTransceiver.getRemoteName(),0,0,2
org.apache.avro.io.BinaryEncoder_ESTest.test57(),0,0,1
org.apache.avro.io.ValidatingDecoder.readLong(),0,0,3
"java.util.zip.Deflater.<init>(int, boolean)",0,0,4
org.apache.avro.io.ValidatingDecoder_ESTest.test05(),0,0,1
org.evosuite.runtime.mock.java.net.EvoHttpURLConnection.<init>(URL),0,0,2
org.apache.avro.io.DirectBinaryDecoder_ESTest.test06(),0,0,1
org.apache.avro.io.ValidatingDecoder_ESTest.test44(),0,0,1
org.apache.avro.io.BinaryEncoder_ESTest.test12(),3,0,1
org.apache.avro.io.ValidatingEncoder_ESTest.test27(),0,0,1
org.apache.avro.io.ValidatingDecoder_ESTest.test83(),0,0,1
org.apache.avro.io.ParsingDecoder_ESTest.test08(),0,0,1
org.apache.avro.io.ValidatingDecoder_ESTest.test76(),0,0,1
org.apache.avro.io.parsing.SkipParser_ESTest.test12(),0,0,1
java.lang.String.contains(CharSequence),0,0,82
org.apache.avro.io.BinaryEncoder.flush(),0,0,6
org.apache.avro.file.DeflateCodec_ESTest.test13(),0,0,1
"org.apache.avro.io.BinaryDecoder$InputStreamByteSource.tryReadRaw(byte[], int, int)",0,0,13
org.apache.avro.io.Decoder_ESTest.test6(),0,0,1
"org.apache.avro.io.BinaryDecoder$ByteSource.attach(int, BinaryDecoder)",1,0,25
org.apache.avro.io.ResolvingDecoder_ESTest.test21(),0,0,1
org.apache.avro.file.LengthLimitedInputStream_ESTest.test26(),0,0,1
org.apache.avro.ipc.ByteBufferInputStream_ESTest.test1(),0,0,1
java.io.File.length(),6,6,172
org.apache.avro.ipc.AvroRemoteException.<init>(Throwable),0,0,3
java.io.InputStreamReader.close(),0,0,2
"org.apache.avro.io.ValidatingEncoder.<init>(Symbol, Encoder)",0,0,45
java.lang.StringBuffer.append(String),61,61,26830
org.apache.avro.io.parsing.Symbol.<init>(Symbol$Kind),0,0,190
org.apache.avro.io.DirectBinaryDecoder_ESTest.test29(),0,0,1
org.apache.avro.io.DirectBinaryDecoder_ESTest.test00(),0,0,1
org.apache.avro.io.BinaryEncoder_ESTest.test30(),0,0,1
org.apache.avro.ipc.stats.Stopwatch$SystemTicks.<init>(Stopwatch$1),0,0,1
org.apache.avro.io.ValidatingEncoder_ESTest.test45(),0,0,1
org.apache.avro.ipc.RPCContext_ESTest.test05(),0,0,1
org.apache.avro.io.parsing.SkipParser.skipTo(int),276803,156335,25
java.io.FileOutputStream.<init>(File),6,6,13
org.apache.avro.io.DecoderFactory_ESTest.test10(),0,0,1
org.apache.avro.io.BinaryEncoder.writeLong(long),0,0,4
org.apache.avro.AvroTypeException_ESTest.test0(),0,0,1
org.apache.avro.io.DirectBinaryDecoder_ESTest.test21(),0,0,1
org.apache.avro.io.JsonDecoder.readDouble(),0,0,1
"org.apache.avro.genavro.GenAvro.<init>(InputStream, String)",19,0,2
org.apache.avro.io.BinaryEncoder_ESTest.test38(),0,0,1
org.apache.avro.ipc.RPCContext_ESTest.test19(),0,0,1
org.apache.avro.ipc.AvroRemoteException.<init>(Object),0,0,5
org.apache.avro.io.ParsingDecoder_ESTest.test16(),0,0,1
org.apache.avro.io.ValidatingDecoder_ESTest.test31(),0,0,1
org.apache.avro.io.ResolvingDecoder_ESTest.test26(),0,0,1
org.apache.avro.io.parsing.Symbol$Kind.valueOf(String),1,0,2
org.junit.ComparisonFailure.getMessage(),2,2,7
java.util.concurrent.CopyOnWriteArraySet.add(Object),0,0,2
org.apache.avro.io.DecoderFactory_ESTest.test00(),0,0,1
"org.apache.avro.io.BinaryDecoder.doReadBytes(byte[], int, int)",0,0,5
org.apache.avro.file.LengthLimitedInputStream_ESTest.test04(),0,0,1
org.apache.avro.file.LengthLimitedInputStream_ESTest.test12(),0,0,1
java.util.LinkedList.addFirst(Object),0,0,1
org.apache.avro.io.BinaryEncoder_ESTest.test08(),0,0,1
java.nio.ByteBuffer.get(byte[]),0,0,1
org.apache.avro.ipc.RPCContext.requestCallMeta(),0,0,5
"org.apache.avro.io.parsing.Symbol.flatten(Symbol[], int, Symbol[], int, Map, Map)",0,0,18
org.apache.avro.io.ResolvingDecoder_ESTest.test05(),0,0,1
org.evosuite.runtime.mock.java.io.MockFile.toString(),0,0,1
java.util.zip.DeflaterOutputStream.finish(),0,0,2
org.apache.avro.io.DecoderFactory_ESTest.test08(),0,0,1
org.evosuite.runtime.mock.java.io.MockFile.getPath(),0,0,22
org.apache.avro.file.SeekableFileInput_ESTest.test05(),0,0,1
org.apache.avro.io.parsing.ValidatingGrammarGenerator_ESTest.test1(),0,0,1
org.apache.avro.io.ValidatingDecoder_ESTest.test51(),0,0,1
org.apache.avro.io.DecoderFactory$DefaultDecoderFactory.<init>(),0,0,1
org.apache.avro.io.BinaryEncoder_ESTest.test32(),0,0,1
org.apache.avro.io.ValidatingEncoder_ESTest.test47(),0,0,1
sun.nio.ch.SocketAdaptor.setTcpNoDelay(boolean),273,273,3
org.apache.avro.ipc.HttpTransceiver_ESTest.test02(),2,0,1
org.apache.avro.ipc.AvroRemoteException_ESTest.<init>(),0,0,5
org.apache.avro.ipc.RPCContext_ESTest.test07(),0,0,1
org.codehaus.jackson.JsonFactory.createJsonParser(InputStream),21,21,17
"org.evosuite.runtime.mock.java.io.MockFileInputStream.readBytes(byte[], int, int)",0,0,2
"org.apache.avro.io.parsing.Symbol.<init>(Symbol$Kind, Symbol[])",0,0,231
org.apache.avro.io.ValidatingDecoder_ESTest.test27(),0,0,1
java.lang.Class.getName(),13,13,31383
"org.apache.avro.file.DataFileWriter.appendAllFrom(DataFileStream, boolean)",0,0,1
"org.evosuite.runtime.mock.java.net.MockInetSocketAddress.createUnresolved(String, int)",0,0,4
org.apache.avro.io.ValidatingDecoder.readBytes(ByteBuffer),0,0,3
java.lang.StringBuilder.append(char),11,11,13594
org.apache.avro.io.BlockingBinaryEncoder$BlockedValue$State.values(),0,0,1
sun.nio.ch.DatagramChannelImpl.socket(),7,7,2
java.lang.Character.isLetter(char),0,0,13
"org.apache.avro.io.parsing.Symbol$Root.<init>(Symbol[], Symbol$1)",0,0,14
"org.apache.avro.io.JsonDecoder.<init>(Schema, String)",4,0,1
org.apache.avro.file.NullCodec_ESTest.test1(),0,0,1
org.apache.avro.file.LengthLimitedInputStream_ESTest.test06(),0,0,1
java.lang.IllegalStateException.<init>(),0,0,4
org.apache.avro.ipc.DatagramTransceiver_ESTest.test0(),9,0,1
org.apache.avro.io.parsing.Symbol_ESTest.test16(),13,0,1
org.apache.avro.io.ValidatingDecoder_ESTest.test57(),0,0,1
"org.apache.avro.io.BinaryEncoder.encodeFloat(float, byte[], int)",0,0,2
org.apache.avro.file.DataFileReader_ESTest.test2(),54,0,1
org.apache.avro.io.ValidatingDecoder_ESTest.test75(),0,0,1
org.apache.avro.io.ValidatingDecoder_ESTest.test02(),0,0,1
java.util.zip.Deflater.<clinit>(),0,0,1
org.apache.avro.io.JsonDecoder.readInt(),0,0,2
java.io.ObjectOutputStream.<init>(OutputStream),1,1,3
org.apache.avro.io.ValidatingDecoder_ESTest.test69(),5,0,1
org.apache.avro.io.BinaryEncoder_ESTest.test54(),0,0,1
"java.io.BufferedInputStream.read(byte[], int, int)",0,0,17
java.lang.String.startsWith(String),40,40,81474
"org.apache.avro.io.parsing.Symbol.repeat(Symbol, Symbol[])",0,0,10
org.evosuite.runtime.mock.java.net.MockURL.getMockedURLStreamHandler(String),4,0,5
org.apache.avro.reflect.ReflectDatumReader.<init>(),0,0,1
org.apache.avro.io.JsonDecoder.skipString(),0,0,1
org.apache.avro.io.ValidatingDecoder_ESTest.test04(),0,0,1
org.apache.avro.file.DeflateCodec_ESTest.test06(),0,0,1
"org.apache.avro.io.parsing.Symbol$SkipAction.flatten(Map, Map)",0,0,8
"org.evosuite.runtime.mock.java.io.MockFileOutputStream.<init>(File, boolean)",7,0,18
org.apache.avro.ipc.stats.Stopwatch_ESTest.test8(),0,0,1
org.apache.avro.file.LengthLimitedInputStream_ESTest.test14(),0,0,1
"java.util.zip.DeflaterOutputStream.write(byte[], int, int)",0,0,3
org.codehaus.classworlds.BytesURLConnection.getInputStream(),0,0,9
org.apache.avro.io.BlockingBinaryEncoder$EncoderBuffer.<init>(),0,0,14
org.junit.Assert.assertFalse(boolean),0,0,14
"org.apache.avro.tool.Util.fileOrStdin(String, InputStream)",0,0,4
org.apache.avro.io.ValidatingDecoder_ESTest.test47(),0,0,1
org.apache.avro.genavro.Token.<init>(),0,0,2
org.apache.avro.io.ValidatingDecoder_ESTest.test82(),0,0,1
org.apache.avro.io.ParsingDecoder_ESTest.test09(),0,0,1
java.io.OutputStream.write(byte[]),0,0,1
org.apache.avro.io.ValidatingDecoder_ESTest.test77(),0,0,1
org.apache.avro.io.JsonDecoder.advance(Symbol),0,0,22
org.apache.avro.io.ValidatingEncoder.writeNull(),0,0,2
"org.apache.avro.io.parsing.Symbol$Repeater.flatten(Map, Map)",0,0,2
org.apache.avro.io.ResolvingDecoder_ESTest.<init>(),0,0,38
org.apache.avro.ipc.AvroRemoteException.<init>(),0,0,1
org.apache.avro.ipc.ResponderServlet.<init>(Responder),0,0,1
org.evosuite.runtime.testdata.EvoSuiteFile.<init>(String),0,0,2
org.apache.avro.file.DataFileWriter.isReserved(String),0,0,8
org.evosuite.runtime.mock.java.io.MockFileInputStream.close(),0,0,6
org.apache.avro.tool.Util_ESTest.test3(),0,0,1
"org.apache.avro.file.DataFileWriter.setMeta(String, String)",0,0,6
org.apache.avro.file.DeflateCodec_ESTest.test14(),0,0,1
org.apache.avro.ipc.ByteBufferInputStream_ESTest.test2(),0,0,1
"java.lang.Enum.valueOf(Class, String)",1,1,4
"org.apache.avro.io.BinaryDecoder$ByteSource.compactAndFill(byte[], int, int, int)",0,0,13
org.apache.avro.io.BlockingBinaryEncoder.<init>(OutputStream),5,0,11
org.apache.avro.io.ResolvingDecoder_ESTest.test20(),39018,0,1
java.io.IOException.<init>(String),1,1,99
org.apache.avro.io.DecoderFactory_ESTest.test13(),0,0,1
"org.apache.avro.io.BinaryDecoder$ByteArrayByteSource.compactAndFill(byte[], int, int, int)",0,0,1
org.evosuite.runtime.mock.java.io.MockFile.getAbsolutePath(),0,0,2
org.apache.avro.io.JsonDecoder.skipFixed(),0,0,2
org.evosuite.runtime.mock.java.net.MockURL.openStream(URL),0,0,9
org.apache.avro.io.DirectBinaryDecoder_ESTest.test01(),0,0,1
org.apache.avro.file.DataFileWriter$NonCopyingByteArrayOutputStream.<init>(int),0,0,16
"org.apache.avro.io.BinaryDecoder.<init>(byte[], int, int)",0,0,8
"java.util.TreeMap.put(Object, Object)",0,0,30
"org.apache.avro.io.parsing.Symbol$FieldAdjustAction.<init>(int, String)",0,0,10
org.evosuite.runtime.mock.java.io.MockFileWriter.<init>(File),2,0,3
org.apache.avro.ipc.stats.Stopwatch.elapsedNanos(),0,0,5
java.util.Vector.<init>(),0,0,34
java.io.PushbackInputStream.<init>(InputStream),0,0,1
"org.apache.avro.Schema$Type.<init>(String, int)",0,0,14
org.apache.avro.io.DirectBinaryDecoder_ESTest.test26(),0,0,1
sun.nio.ch.DatagramSocketAdaptor.bind(SocketAddress),0,0,2
"java.util.HashMap.put(Object, Object)",14,14,4964
org.apache.avro.ipc.RPCContext_ESTest.test18(),0,0,1
java.lang.String.isEmpty(),0,0,35
org.apache.avro.io.ParsingDecoder_ESTest.test15(),0,0,1
java.lang.Class.getDeclaredField(String),5,5,21
org.apache.avro.io.BinaryEncoder_ESTest.test48(),0,0,1
"java.io.FilterInputStream.read(byte[], int, int)",0,0,18
org.apache.avro.io.DecoderFactory_ESTest.test01(),0,0,1
org.apache.avro.io.parsing.SkipParser_ESTest.test08(),0,0,1
java.io.EOFException.<init>(String),0,0,4
org.apache.avro.io.parsing.Symbol$Sequence.<init>(Symbol[]),0,0,20
"java.io.ByteArrayInputStream.read(byte[], int, int)",0,0,90
org.apache.avro.io.DecoderFactory_ESTest.test15(),0,0,1
org.junit.internal.runners.statements.FailOnTimeout$1.run(),278298,31,663
org.apache.avro.ipc.RPCContext_ESTest.test08(),0,0,1
org.apache.avro.io.ResolvingDecoder_ESTest.test04(),0,0,1
org.apache.avro.ipc.DatagramTransceiver_ESTest.test6(),1,0,1
org.apache.avro.io.parsing.Symbol$Kind.values(),0,0,8
org.apache.avro.io.parsing.ValidatingGrammarGenerator_ESTest.<init>(),0,0,5
org.apache.avro.ipc.HttpTransceiver_ESTest.test03(),0,0,1
org.apache.avro.io.ValidatingEncoder.setItemCount(long),0,0,2
org.apache.avro.io.DecoderFactory_ESTest.test09(),2,0,1
org.apache.avro.tool.GenAvroTool_ESTest.test1(),1,0,1
org.apache.avro.io.ValidatingDecoder.checkFixed(int),0,0,6
org.apache.avro.io.parsing.ValidatingGrammarGenerator_ESTest.test0(),0,0,1
org.apache.avro.io.ValidatingDecoder.readFloat(),0,0,4
org.apache.avro.ipc.ByteBufferInputStream_ESTest.test0(),0,0,1
org.apache.avro.io.BinaryEncoder_ESTest.test33(),0,0,1
org.apache.avro.io.ValidatingEncoder_ESTest.test46(),1,0,1
org.apache.avro.ipc.RPCContext_ESTest.test00(),0,0,1
"org.apache.avro.io.BinaryEncoder.encodeDouble(double, OutputStream)",0,0,6
java.util.Stack.<init>(),0,0,2
org.apache.avro.io.DirectBinaryDecoder_ESTest.test57(),0,0,1
java.util.ArrayList.iterator(),6,6,5548
org.apache.avro.io.ResolvingDecoder.readIndex(),42991,0,5
java.lang.Thread.exit(),12,12,653
org.apache.avro.io.parsing.SkipParser_ESTest.test00(),0,0,1
org.apache.avro.file.DataFileReader_ESTest.test4(),22,0,1
org.apache.avro.io.ParsingDecoder_ESTest.test13(),0,0,1
org.apache.avro.file.DataFileWriter_ESTest.test05(),0,0,1
org.apache.avro.io.parsing.Symbol_ESTest.test06(),2,0,1
java.lang.StringBuilder.<init>(),29,29,34156
org.apache.avro.ipc.Transceiver.close(),0,0,1
org.apache.avro.io.ResolvingDecoder_ESTest.test34(),0,0,1
org.apache.avro.ipc.SocketServer_ESTest.<init>(),0,0,2
org.apache.avro.ipc.SocketTransceiver.<init>(SocketChannel),273,0,2
org.apache.avro.tool.DataFileReadTool_ESTest.test0(),0,0,1
"org.apache.avro.io.DirectBinaryDecoder.doReadBytes(byte[], int, int)",0,0,32
org.apache.avro.file.NullCodec_ESTest.test0(),0,0,1
org.apache.avro.file.LengthLimitedInputStream_ESTest.test07(),0,0,1
org.apache.avro.io.BinaryEncoder_ESTest.test52(),0,0,1
org.apache.avro.genavro.GenAvro.<clinit>(),0,0,1
"org.apache.avro.io.parsing.Symbol$Repeater.<init>(Symbol, Symbol[])",0,0,11
"org.apache.avro.io.parsing.Parser.<init>(Symbol, Parser$ActionHandler)",0,0,226
org.apache.avro.ipc.stats.StatsPlugin_ESTest.test4(),14,0,1
java.lang.Throwable.toString(),1,1,97
"org.apache.avro.file.LengthLimitedInputStream.read(byte[], int, int)",0,0,11
org.junit.Assert.assertTrue(boolean),0,0,11
java.util.HashMap.containsKey(Object),7,7,4350
org.evosuite.runtime.mock.java.net.MockURLStreamHandler.<init>(),0,0,1
java.io.BufferedOutputStream.write(int),0,0,4
org.apache.avro.io.ValidatingDecoder_ESTest.test68(),10,0,1
org.apache.avro.io.DirectBinaryDecoder_ESTest.test41(),0,0,1
org.apache.avro.SchemaParseException_ESTest.<init>(),0,0,2
org.apache.avro.ipc.SocketServer.main(String[]),5,0,1
java.lang.String.split(String),1,1,4
org.apache.avro.io.BinaryEncoder_ESTest.test55(),0,0,1
org.apache.avro.io.DirectBinaryDecoder_ESTest.test55(),0,0,1
"org.apache.avro.file.DataFileWriter.create(Schema, File)",0,0,2
org.apache.avro.io.DirectBinaryDecoder.isEnd(),0,0,1
org.apache.avro.file.DataFileWriter_ESTest.test17(),2,0,1
org.apache.avro.io.ValidatingDecoder_ESTest.test84(),0,0,1
org.apache.avro.ipc.stats.StatsServlet.<init>(StatsPlugin),0,0,3
org.apache.avro.file.LengthLimitedInputStream.remainingInt(),0,0,7
org.apache.avro.io.ValidatingDecoder_ESTest.test78(),0,0,1
org.apache.avro.ipc.SocketTransceiver.<init>(SocketAddress),8,0,2
org.apache.avro.AvroRuntimeException_ESTest.<init>(),0,0,2
org.apache.avro.io.parsing.Symbol_ESTest.test04(),1,0,1
org.apache.avro.file.DataFileWriter_ESTest.test07(),7,0,1
org.apache.avro.io.ValidatingEncoder_ESTest.test07(),0,0,1
org.apache.avro.io.ValidatingDecoder_ESTest.test46(),0,0,1
"org.apache.avro.io.BinaryDecoder$ByteArrayByteSource.<init>(byte[], int, int)",0,0,10
org.apache.avro.file.CodecFactory_ESTest.<init>(),0,0,5
org.apache.avro.ipc.stats.Stopwatch_ESTest.test9(),0,0,1
"org.apache.avro.io.parsing.Symbol$UnionAdjustAction.<init>(int, Symbol)",0,0,12
org.apache.avro.io.ValidatingDecoder_ESTest.test35(),0,0,1
org.apache.avro.file.DataFileStream.initialize(InputStream),14,0,4
"org.apache.avro.io.ValidatingEncoder.writeFixed(byte[], int, int)",0,0,3
org.apache.avro.ipc.stats.FloatHistogram.getUnbiasedStdDev(),0,0,3
org.apache.avro.tool.Util_ESTest.test2(),0,0,1
"org.apache.avro.ipc.stats.StatsPlugin.publish(RPCContext, Stopwatch)",0,0,1
org.apache.avro.AvroTypeException_ESTest.<init>(),0,0,2
org.apache.avro.io.BinaryEncoder.writeEnum(int),0,0,3
org.apache.avro.io.BinaryDecoder.skipArray(),0,0,1
java.lang.Float.valueOf(float),0,0,16
org.apache.avro.file.Codec_ESTest.test6(),0,0,1
org.apache.avro.io.ValidatingDecoder_ESTest.test70(),0,0,1
org.apache.avro.io.ValidatingDecoder_ESTest.test18(),0,0,1
"org.apache.avro.io.DecoderFactory.createBinaryDecoder(byte[], int, int, BinaryDecoder)",0,0,9
org.apache.avro.specific.SpecificDatumWriter.<init>(),0,0,5
org.apache.avro.file.DataFileWriter_ESTest.test21(),0,0,1
org.apache.avro.ipc.ByteBufferInputStream_ESTest.test3(),0,0,1
org.apache.avro.tool.Util_ESTest.test4(),1,0,1
java.io.File.toString(),0,0,1
"org.evosuite.runtime.vfs.VirtualFileSystem.tokenize(String, char)",0,0,2
org.evosuite.runtime.mock.java.io.MockFileInputStream.<init>(FileDescriptor),0,0,7
org.apache.avro.file.SeekableFileInput.<init>(FileDescriptor),0,0,10
java.lang.Exception.<init>(String),2,2,279
org.apache.avro.ipc.ByteBufferOutputStream.write(ByteBuffer),0,0,1
org.apache.avro.io.ValidatingDecoder.skipMap(),0,0,4
org.apache.avro.specific.SpecificFixed.<init>(),14,0,2
org.apache.avro.io.ValidatingEncoder.writeMapStart(),0,0,3
org.apache.avro.io.DecoderFactory_ESTest.test12(),0,0,1
org.apache.avro.ipc.ByteBufferInputStream.readBuffer(int),0,0,9
org.apache.avro.io.DirectBinaryDecoder.readDouble(),0,0,12
org.apache.avro.io.BlockingBinaryEncoder$BlockedValue.<init>(),1,0,140
java.io.File.exists(),50,50,1081
"org.evosuite.runtime.mock.java.net.MockInetSocketAddress.<init>(String, int)",5,0,1
sun.nio.ch.FileChannelImpl.position(long),0,0,5
org.evosuite.runtime.mock.java.net.EvoHttpURLConnection.getOutputStream(),0,0,2
java.lang.Thread.run(),0,0,1
"org.apache.avro.io.ResolvingDecoder.doAction(Symbol, Symbol)",222031,0,29
org.evosuite.runtime.vnet.VirtualNetwork.<clinit>(),3,0,2
org.apache.avro.io.ValidatingDecoder_ESTest.test10(),0,0,1
"org.apache.avro.io.ValidatingDecoder.<init>(Schema, Decoder)",3,0,1
java.nio.channels.ServerSocketChannel.open(),2,2,2
org.apache.avro.io.DecoderFactory_ESTest.test06(),0,0,1
org.junit.Assert.assertNull(Object),0,0,17
org.apache.avro.io.BinaryDecoder.skipFixed(int),0,0,1
"java.lang.ClassLoader.checkPackageAccess(Class, ProtectionDomain)",2,2,628
org.apache.avro.ipc.stats.FloatHistogram.<init>(Histogram$Segmenter),0,0,8
org.apache.avro.io.ResolvingDecoder_ESTest.test03(),0,0,1
org.apache.avro.AvroRuntimeException.<init>(String),0,0,53
org.apache.avro.ipc.RPCContext.responseHandshakeMeta(),0,0,2
org.apache.avro.io.ParsingDecoder_ESTest.test14(),0,0,1
org.apache.avro.file.Codec_ESTest.test4(),0,0,1
org.apache.avro.MD5.<init>(),14,0,2
"org.apache.avro.io.parsing.Symbol$ResolvingAction.flatten(Map, Map)",0,0,10
org.apache.avro.io.parsing.SkipParser_ESTest.test09(),0,0,1
org.apache.avro.io.ValidatingEncoder_ESTest.test56(),0,0,1
org.apache.avro.file.DataFileWriter.appendTo(File),2,0,3
java.io.FilterOutputStream.write(int),0,0,1
"org.evosuite.runtime.mock.java.io.MockFileWriter.<init>(File, boolean)",2,0,3
org.apache.avro.file.SeekableFileInput_ESTest.test12(),0,0,1
org.apache.avro.io.DecoderFactory_ESTest.test14(),0,0,1
org.apache.avro.io.ValidatingEncoder.writeLong(long),0,0,4
org.apache.avro.ipc.HttpTransceiver_ESTest.test04(),449,0,1
org.apache.avro.io.Decoder.readFixed(byte[]),0,0,6
org.evosuite.runtime.mock.java.net.EvoHttpURLConnection.setRequestMethod(String),0,0,2
org.apache.avro.file.DataFileWriter.setCodec(CodecFactory),0,0,1
org.apache.avro.io.parsing.Symbol$ImplicitAction.<init>(boolean),0,0,116
java.nio.channels.SocketChannel.open(SocketAddress),8,8,3
"java.net.URL.<init>(URL, String, URLStreamHandler)",100,100,2307
org.evosuite.runtime.mock.java.io.MockFileInputStream.<init>(File),0,0,1
"org.apache.avro.ipc.ByteBufferInputStream.read(byte[], int, int)",0,0,6
org.evosuite.runtime.mock.java.net.EvoURLStreamHandler.isValidProtocol(String),0,0,1
org.apache.avro.io.ResolvingDecoder_ESTest.test35(),0,0,1
org.apache.avro.io.DirectBinaryDecoder_ESTest.test56(),0,0,1
"org.apache.avro.genavro.ParseException.<init>(Token, int[][], String[])",0,0,1
org.apache.avro.generic.GenericDatumReader.<init>(),0,0,7
java.io.DataInputStream.<init>(InputStream),0,0,2
java.lang.ref.Reference$ReferenceHandler.run(),3,3,1
org.apache.avro.file.LengthLimitedInputStream_ESTest.test19(),0,0,1
org.apache.avro.file.DataFileWriter_ESTest.test04(),0,0,1
org.apache.avro.io.parsing.Symbol_ESTest.test07(),0,0,1
org.apache.avro.io.BinaryEncoder_ESTest.test01(),0,0,1
"org.apache.avro.io.BinaryDecoder$InputStreamByteSource.<init>(InputStream, BinaryDecoder$1)",0,0,25
org.apache.avro.ipc.LocalTransceiver_ESTest.<init>(),0,0,4
org.apache.avro.io.BinaryEncoder_ESTest.test13(),0,0,1
org.apache.avro.io.ValidatingEncoder_ESTest.test26(),0,0,1
org.apache.avro.io.BinaryEncoder_ESTest.test53(),0,0,1
java.io.ByteArrayInputStream.read(),0,0,45
org.apache.avro.io.parsing.Symbol$Alternative.size(),0,0,1
org.apache.avro.io.ValidatingEncoder_ESTest.test54(),0,0,1
org.apache.avro.file.DataFileWriter.sync(),0,0,3
org.evosuite.runtime.mock.java.net.MockURL.URL(String),15,0,5
org.apache.avro.file.DeflateCodec.compress(ByteBuffer),2,0,7
"org.apache.avro.io.JsonDecoder.<init>(Symbol, InputStream)",23,0,14
java.lang.Integer.toString(int),0,0,8
java.io.BufferedInputStream.<init>(InputStream),0,0,9
java.lang.String.toLowerCase(),0,0,213
java.io.Writer.append(CharSequence),0,0,1
org.apache.avro.ipc.stats.StatsPlugin_ESTest.test7(),0,0,1
java.io.InputStream.<init>(),5,5,969
org.apache.avro.io.parsing.Symbol$ImplicitAction.<init>(),0,0,112
org.apache.avro.io.BlockingBinaryEncoder$1.<clinit>(),0,0,1
org.apache.avro.file.CodecFactory_ESTest.test1(),0,0,1
"org.evosuite.runtime.mock.java.net.MockURL.URL(URL, String, URLStreamHandler)",15,0,5
org.apache.avro.io.Decoder_ESTest.test7(),0,0,1
org.apache.avro.io.DirectBinaryDecoder_ESTest.test42(),0,0,1
org.apache.avro.io.BinaryEncoder.writeBoolean(boolean),0,0,2
org.apache.avro.ipc.LocalTransceiver_ESTest.test3(),3,0,1
org.apache.avro.io.DirectBinaryDecoder_ESTest.test54(),0,0,1
org.apache.avro.file.DataFileWriter_ESTest.test14(),0,0,1
"org.apache.avro.file.DataFileWriter.setMeta(String, long)",0,0,3
org.apache.avro.io.BinaryEncoder_ESTest.test25(),0,0,1
java.io.FilterOutputStream.<init>(OutputStream),0,0,64
org.apache.avro.ipc.RPCContext.responseCallMeta(),0,0,2
org.apache.avro.io.parsing.Parser.processTrailingImplicitActions(),0,0,35
org.apache.avro.io.parsing.Symbol_ESTest.test05(),0,0,1
org.apache.avro.file.DataFileWriter_ESTest.test06(),0,0,1
org.apache.avro.io.ValidatingEncoder_ESTest.test06(),0,0,1
org.apache.avro.io.BinaryEncoder_ESTest.test39(),0,0,1
org.apache.avro.io.JsonDecoder.init(InputStream),26,0,17
"java.util.concurrent.ConcurrentSkipListMap.put(Object, Object)",2,2,1
org.apache.avro.io.ValidatingEncoder_ESTest.test38(),0,0,1
org.apache.avro.io.ResolvingDecoder.readFieldOrder(),27004,0,6
org.apache.avro.ipc.stats.StatsPlugin_ESTest.test1(),0,0,1
org.apache.avro.io.ValidatingDecoder.readBoolean(),0,0,4
java.lang.StringBuilder.append(int),3,3,1829
"java.io.ObjectOutputStream.write(byte[], int, int)",0,0,1
java.nio.ByteBuffer.toString(),0,0,1
java.lang.ref.Finalizer$FinalizerThread.run(),17,14,1
java.io.FileInputStream.<init>(File),18,18,188
org.apache.avro.genavro.GenAvro.<init>(InputStream),19,0,2
org.apache.avro.file.LengthLimitedInputStream_ESTest.test11(),0,0,1
org.apache.avro.file.Codec_ESTest.test7(),0,0,1
org.apache.avro.file.SeekableFileInput.seek(long),2,0,4
org.apache.avro.io.ValidatingDecoder_ESTest.test19(),0,0,1
org.apache.avro.file.DataFileWriter_ESTest.test20(),0,0,1
org.apache.avro.io.ValidatingDecoder_ESTest.test30(),0,0,1
org.apache.avro.io.BinaryDecoder$BufferAccessor.setLimit(int),0,0,12
org.apache.avro.io.ResolvingDecoder_ESTest.test11(),0,0,1
org.apache.avro.io.DirectBinaryDecoder.readBytes(ByteBuffer),0,0,11
org.apache.avro.ipc.stats.StatsPlugin.serverSendResponse(RPCContext),0,0,3
org.evosuite.runtime.mock.java.io.MockFileInputStream.read(),0,0,5
"org.apache.avro.io.parsing.Symbol.alt(Symbol[], String[])",0,0,10
org.apache.avro.ipc.LocalTransceiver_ESTest.test1(),0,0,1
org.apache.avro.io.DecoderFactory_ESTest.<init>(),0,0,20
sun.launcher.LauncherHelper.<clinit>(),0,0,1
org.evosuite.runtime.vfs.VirtualFileSystem.<init>(),0,0,1
org.apache.avro.io.ValidatingDecoder_ESTest.test11(),0,0,1
java.util.ArrayList.get(int),12,12,25387
org.apache.avro.io.BinaryEncoder.writeString(Utf8),0,0,4
"org.apache.avro.io.DecoderFactory.createBinaryDecoder(InputStream, BinaryDecoder)",7,0,12
"java.io.RandomAccessFile.<init>(File, String)",0,0,1
java.util.zip.Inflater.reset(),0,0,235
org.apache.avro.io.parsing.SkipParser_ESTest.test01(),0,0,1
org.apache.avro.io.JsonDecoder.skipMap(),0,0,2
java.io.FileInputStream.read(),0,0,5
"java.util.zip.DeflaterOutputStream.<init>(OutputStream, Deflater)",0,0,3
java.io.FileNotFoundException.<init>(String),0,0,3
org.apache.avro.tool.GenAvroTool_ESTest.test5(),0,0,1
org.evosuite.runtime.mock.java.io.MockFileWriter.<init>(String),2,0,3
org.apache.avro.file.SeekableFileInput_ESTest.test11(),2,0,1
org.apache.avro.file.Codec_ESTest.test5(),0,0,1
org.apache.avro.io.ValidatingDecoder_ESTest.test54(),0,0,1
org.apache.avro.io.parsing.Symbol_ESTest.test19(),0,0,1
java.lang.StringBuilder.toString(),32,32,35732
java.io.FilterInputStream.read(byte[]),0,0,22
org.apache.avro.file.DataFileWriter_ESTest.test26(),9,0,1
org.apache.avro.tool.GenAvroTool.<init>(),0,0,8
org.apache.avro.io.parsing.Symbol_ESTest.test21(),0,0,1
org.apache.avro.io.ValidatingEncoder_ESTest.test57(),0,0,1
java.util.LinkedList.get(int),0,0,19
org.apache.avro.io.ValidatingEncoder_ESTest.test09(),3,0,1
"org.evosuite.runtime.mock.java.io.MockFile.<init>(File, String)",0,0,1
org.apache.avro.genavro.GenAvro.CompilationUnit(),1,0,2
java.net.URLConnection.setDoOutput(boolean),0,0,2
java.lang.Throwable.<init>(String),2,2,303
org.apache.avro.io.parsing.SkipParser_ESTest.test06(),18252,0,1
org.apache.avro.file.DeflateCodec_ESTest.<init>(),0,0,16
org.apache.avro.file.CodecFactory_ESTest.test0(),4,0,1
java.util.concurrent.ConcurrentSkipListMap.<init>(),0,0,1
"java.io.FileInputStream.read(byte[], int, int)",10,10,406
org.apache.avro.file.LengthLimitedInputStream_ESTest.test18(),0,0,1
org.apache.avro.io.ResolvingDecoder_ESTest.test32(),0,0,1
org.evosuite.runtime.mock.java.io.MockFileInputStream.available(),0,0,1
org.apache.avro.io.BlockingBinaryEncoder$BlockedValue$State.<clinit>(),0,0,1
org.apache.avro.file.CodecFactory.toString(),0,0,1
"org.evosuite.runtime.EvoAssertions.assertThrownBy(String, Throwable)",77,57,379
org.apache.avro.file.CodecFactory.<clinit>(),7,0,2
org.apache.avro.io.parsing.Symbol$IntCheckAction.<init>(int),0,0,45
org.evosuite.runtime.testdata.FileSystemHandling.shouldThrowIOException(EvoSuiteFile),0,0,2
org.apache.avro.io.DirectBinaryDecoder_ESTest.test08(),0,0,1
"java.io.FileOutputStream.<init>(File, boolean)",24,24,51
org.apache.avro.io.BinaryEncoder_ESTest.test00(),0,0,1
org.apache.avro.io.ValidatingEncoder.writeMapEnd(),0,0,3
"org.apache.avro.io.ResolvingDecoder.resolve(Schema, Schema)",5,0,2
org.apache.avro.io.ValidatingDecoder.readNull(),0,0,4
org.apache.avro.io.BinaryEncoder_ESTest.test10(),0,0,1
org.apache.avro.genavro.GenAvro.jj_consume_token(int),0,0,1
"org.evosuite.runtime.mock.java.net.MockURL.URL(String, String, int, String, URLStreamHandler)",0,0,11
java.util.LinkedList.add(Object),0,0,27
org.apache.avro.io.ValidatingDecoder.skipString(),0,0,4
org.apache.avro.io.BinaryDecoder.skipString(),0,0,2
org.apache.avro.io.ValidatingEncoder_ESTest.<init>(),0,0,66
org.apache.avro.io.ValidatingEncoder_ESTest.test55(),0,0,1
org.apache.avro.io.parsing.Symbol$Terminal.<init>(String),1,0,19
org.apache.avro.io.parsing.Symbol$SkipAction.<init>(Symbol),0,0,22
"org.evosuite.runtime.testdata.FileSystemHandling.appendLineToFile(EvoSuiteFile, String)",0,0,1
java.util.TreeSet.iterator(),0,0,1
org.apache.avro.io.DirectBinaryDecoder_ESTest.test43(),0,0,1
org.apache.avro.io.parsing.ValidatingGrammarGenerator$1.<clinit>(),1,0,2
org.apache.avro.ipc.SocketServer.run(),3,0,1
javax.servlet.http.HttpServlet.<init>(),0,0,4
org.apache.avro.ipc.stats.StatsPlugin_ESTest.test6(),0,0,1
org.apache.avro.io.DirectBinaryDecoder$ByteReader.<init>(DirectBinaryDecoder),0,0,82
java.nio.channels.spi.AbstractInterruptibleChannel.close(),3,3,21
org.apache.avro.Schema$Type.values(),0,0,2
org.apache.avro.file.DataFileWriter_ESTest.test15(),0,0,1
org.apache.avro.ipc.stats.Stopwatch.start(),0,0,12
"sun.launcher.LauncherHelper.makePlatformString(boolean, byte[])",1,1,6
"sun.launcher.LauncherHelper.checkAndLoadMain(boolean, int, String)",95,95,1
org.apache.avro.file.CodecFactory_ESTest.test2(),0,0,1
org.apache.avro.io.Decoder_ESTest.test4(),50,0,1
java.io.FileOutputStream.write(int),0,0,24
org.apache.avro.io.ResolvingDecoder_ESTest.test23(),2,0,1
org.apache.avro.ipc.RPCContext.<init>(),0,0,24
"java.nio.ByteBuffer.wrap(byte[], int, int)",1,1,681
"java.io.PipedOutputStream.write(byte[], int, int)",0,0,14
java.io.PrintStream.<init>(OutputStream),1,1,19
org.apache.avro.io.ValidatingEncoder_ESTest.test01(),0,0,1
java.lang.reflect.AccessibleObject.setAccessible(boolean),0,0,41
org.apache.avro.file.SeekableFileInput.<init>(File),2,0,9
java.io.OutputStreamWriter.close(),0,0,1
org.evosuite.runtime.vnet.VirtualNetwork.dnsResolve(String),3,0,1
org.apache.avro.io.DirectBinaryDecoder_ESTest.test02(),0,0,1
org.apache.avro.ipc.LocalTransceiver_ESTest.test2(),3,0,1
java.io.ObjectOutputStream.<clinit>(),0,0,1
org.apache.avro.io.DirectBinaryDecoder_ESTest.test53(),0,0,1
org.apache.avro.io.ParsingDecoder_ESTest.test02(),0,0,1
org.apache.avro.ipc.stats.StatsPlugin_ESTest.test0(),0,0,1
java.lang.AssertionError.<init>(Object),0,0,21
java.lang.Error.<init>(),0,0,12
org.apache.avro.io.ValidatingDecoder_ESTest.test37(),0,0,1
org.apache.avro.tool.Util.<init>(),0,0,1
org.apache.avro.io.ParsingEncoder.setItemCount(long),0,0,2
org.apache.avro.file.DataFileWriter_ESTest.test01(),0,0,1
org.apache.avro.io.parsing.Symbol_ESTest.test02(),0,0,1
org.apache.avro.file.DeflateCodec_ESTest.test01(),0,0,1
org.codehaus.classworlds.BytesURLStreamHandler.<init>(byte[]),0,0,11
org.apache.avro.io.DirectBinaryDecoder_ESTest.test27(),0,0,1
java.lang.String.equals(Object),3,3,24895
org.apache.avro.ipc.HttpTransceiver.writeBuffers(List),0,0,4
org.apache.avro.ipc.RPCContext_ESTest.test17(),0,0,1
java.util.concurrent.ConcurrentHashMap.<init>(),0,0,23
org.apache.avro.io.ValidatingEncoder_ESTest.test39(),0,0,1
org.apache.avro.io.parsing.Symbol$Sequence.size(),0,0,1
org.apache.avro.io.ResolvingDecoder_ESTest.test28(),0,0,1
org.evosuite.runtime.mock.java.io.MockFile.<init>(String),0,0,21
org.apache.avro.io.ValidatingDecoder.readArrayStart(),0,0,3
org.apache.avro.io.ResolvingDecoder_ESTest.test12(),35014,0,1
"org.apache.avro.file.DataFileWriter.setMetaInternal(String, byte[])",0,0,5
org.apache.avro.io.ParsingEncoder.push(),0,0,9
org.apache.avro.io.DirectBinaryDecoder_ESTest.test37(),0,0,1
"org.codehaus.classworlds.BytesURLConnection.<init>(URL, byte[])",0,0,10
org.apache.avro.io.BinaryDecoder.skipBytes(),0,0,1
org.apache.avro.file.DataFileWriter_ESTest.test27(),0,0,1
org.apache.avro.io.parsing.Symbol_ESTest.test20(),0,0,1
org.apache.avro.ipc.DatagramServer_ESTest.<init>(),0,0,2
java.io.FilterInputStream.skip(long),0,0,5
org.apache.avro.file.SeekableFileInput_ESTest.test07(),0,0,1
"java.io.PipedInputStream.<init>(PipedOutputStream, int)",0,0,2
java.nio.ByteBuffer.allocate(int),453,453,128
org.apache.avro.ipc.Transceiver_ESTest.test2(),0,0,1
org.apache.avro.io.parsing.Symbol$ErrorAction.<init>(String),0,0,14
org.apache.avro.ipc.LocalTransceiver_ESTest.test0(),0,0,1
org.apache.avro.io.ValidatingEncoder_ESTest.test49(),0,0,1
java.util.zip.Deflater.reset(),0,0,2
org.apache.avro.file.DataFileWriter.append(Object),0,0,1
java.lang.Character.isLetterOrDigit(char),0,0,39
org.apache.avro.io.BinaryEncoder_ESTest.test22(),0,0,1
org.apache.avro.ipc.RPCContext_ESTest.test01(),0,0,1
org.apache.avro.io.ValidatingDecoder_ESTest.test16(),0,0,1
"java.io.BufferedInputStream.<init>(InputStream, int)",0,0,13
org.apache.avro.io.BinaryEncoder.writeInt(int),0,0,3
java.io.DataOutputStream.flush(),0,0,1
org.codehaus.jackson.JsonFactory.<init>(),8,8,23
"org.evosuite.runtime.mock.java.net.MockInetSocketAddress.<init>(InetAddress, int)",0,0,2
org.apache.avro.ipc.RPCContext_ESTest.test15(),0,0,1
java.io.SequenceInputStream.read(),0,0,26
org.apache.avro.file.DataFileWriter.setSyncInterval(int),0,0,4
org.apache.avro.io.parsing.Symbol_ESTest.test18(),0,0,1
org.apache.avro.file.LengthLimitedInputStream_ESTest.test08(),0,0,1
org.apache.avro.file.NullCodec_ESTest.test3(),0,0,1
org.apache.avro.io.ValidatingDecoder.init(InputStream),4,0,4
java.lang.String.length(),96,96,702584
org.apache.avro.file.DataFileWriter_ESTest.test09(),10,0,1
org.apache.avro.file.Codec_ESTest.test2(),0,0,1
org.apache.avro.ipc.stats.Stopwatch_ESTest.test6(),0,0,1
org.apache.avro.file.DeflateCodec_ESTest.test09(),0,0,1
org.apache.avro.file.LengthLimitedInputStream_ESTest.test16(),0,0,1
org.apache.avro.ipc.Transceiver_ESTest.test8(),0,0,1
"java.net.InetSocketAddress.<init>(String, int)",5,5,1
org.apache.avro.file.SeekableFileInput_ESTest.test10(),0,0,1
java.lang.ClassLoader.loadClass(String),923,1068,868
org.apache.avro.io.ValidatingDecoder_ESTest.test55(),0,0,1
org.evosuite.runtime.mock.java.lang.MockThrowable.init(),0,0,5
sun.nio.ch.DatagramChannelImpl.receive(ByteBuffer),9930,9930,2
org.apache.avro.ipc.stats.StatsPlugin.serverReceiveRequest(RPCContext),5,0,3
org.apache.avro.io.parsing.Symbol_ESTest.test22(),0,0,1
org.apache.avro.io.ValidatingDecoder_ESTest.test49(),0,0,1
org.apache.avro.file.DataFileWriter_ESTest.test25(),0,0,1
"java.lang.String.substring(int, int)",86,86,135412
java.io.File.createNewFile(),1,1,2
org.apache.avro.io.ValidatingDecoder_ESTest.test67(),0,0,1
org.apache.avro.io.parsing.JsonGrammarGenerator.generate(Schema),1,0,1
org.apache.avro.ipc.Transceiver_ESTest.test0(),19,0,1
com.intellij.rt.execution.application.AppMain.<clinit>(),1,1,1
org.apache.avro.io.JsonDecoder.<clinit>(),24,0,2
org.slf4j.impl.SimpleLogger.info(String),0,0,1
org.evosuite.runtime.mock.java.net.URLUtil.<clinit>(),1,0,1
java.lang.Long.toString(long),2,2,637
org.apache.avro.io.parsing.SkipParser.<clinit>(),0,0,1
java.lang.Float.<init>(double),0,0,1
org.evosuite.runtime.mock.java.lang.MockThrowable.toString(),0,0,4
org.apache.avro.generic.GenericDatumWriter.<init>(Schema),5,0,8
org.apache.avro.io.BinaryEncoder_ESTest.test11(),0,0,1
org.apache.avro.io.ParsingDecoder_ESTest.<init>(),0,0,19
org.apache.avro.io.ValidatingEncoder_ESTest.test24(),0,0,1
org.apache.avro.io.Decoder_ESTest.test2(),0,0,1
java.lang.RuntimeException.<init>(Throwable),0,0,2
"org.apache.avro.io.DirectBinaryDecoder$ByteReader.<init>(DirectBinaryDecoder, DirectBinaryDecoder$1)",0,0,82
org.apache.avro.io.DecoderFactory$DefaultDecoderFactory.configureDirectDecoder(boolean),0,0,1
org.apache.avro.ipc.SocketServer_ESTest.test0(),0,0,1
org.apache.avro.io.BinaryEncoder_ESTest.test40(),0,0,1
org.apache.avro.file.SeekableFileInput_ESTest.test08(),6,0,1
org.apache.avro.io.ValidatingEncoder_ESTest.test17(),0,0,1
"org.apache.avro.ipc.stats.StatsPlugin.<init>(Stopwatch$Ticks, Histogram$Segmenter)",0,0,8
org.apache.avro.io.DirectBinaryDecoder_ESTest.test09(),0,0,1
org.evosuite.runtime.mock.java.io.MockFile.isDirectory(),0,0,1
sun.nio.ch.FileChannelImpl.position(),0,0,3
org.apache.avro.io.DirectBinaryDecoder_ESTest.test15(),0,0,1
org.evosuite.runtime.mock.java.net.URLStreamHandlerUtil.<clinit>(),0,0,1
org.apache.avro.file.DeflateCodec.toString(),0,0,2
java.lang.IllegalArgumentException.<init>(),0,0,10
"org.apache.avro.io.parsing.Symbol$Repeater.<init>(Symbol, Symbol[], Symbol$1)",0,0,10
org.apache.avro.io.ValidatingDecoder_ESTest.test71(),0,0,1
"org.apache.avro.ipc.SocketServer.<init>(Responder, SocketAddress)",5,0,2
org.apache.avro.io.ValidatingEncoder_ESTest.test52(),0,0,1
org.apache.avro.io.ValidatingDecoder_ESTest.test65(),0,0,1
org.apache.avro.file.LengthLimitedInputStream_ESTest.test25(),0,0,1
org.apache.avro.tool.Util_ESTest.test5(),0,0,1
org.apache.avro.io.ParsingDecoder_ESTest.test03(),0,0,1
org.apache.avro.io.Decoder_ESTest.test5(),0,0,1
java.io.FileInputStream.close(),9,10,356
org.apache.avro.io.BinaryEncoder_ESTest.test58(),0,0,1
"java.util.concurrent.ConcurrentHashMap.put(Object, Object)",0,0,10
org.apache.avro.file.CodecFactory_ESTest.test3(),0,0,1
org.apache.avro.io.ResolvingDecoder_ESTest.test22(),0,0,1
org.apache.avro.io.BinaryEncoder.init(OutputStream),0,0,3
org.slf4j.LoggerFactory.<clinit>(),5,5,2
org.apache.avro.file.DeflateCodec_ESTest.test00(),0,0,1
"org.apache.avro.tool.DataFileReadTool.run(InputStream, PrintStream, PrintStream, List)",1,0,4
"org.apache.avro.io.parsing.Symbol$Kind.<init>(String, int)",0,0,7
org.apache.avro.ipc.DatagramTransceiver.readBuffers(),9930,0,3
java.lang.NullPointerException.<init>(),1,1,165
org.apache.avro.io.BinaryDecoder.readMapStart(),0,0,3
org.apache.avro.io.ResolvingDecoder_ESTest.test14(),0,0,1
org.apache.avro.io.DirectBinaryDecoder_ESTest.test03(),0,0,1
sun.nio.ch.ServerSocketAdaptor.getInetAddress(),0,0,1
