sep=;
id; seed; size; upperDepth; upperWidth; lowerDepth; lowerWidth
1;org.apache.avro.io.BinaryDecoder.BufferAccessor.BufferAccessor(BinaryDecoder);4;1;3;0;0
2;org.apache.avro.tool.RpcSendTool.makeClient(Protocol, URI);331;10;76;2;2
3;org.apache.avro.reflect.ReflectResponder.getDatumWriter(Schema);8;0;0;5;2
4;org.apache.avro.reflect.ReflectDatumWriter.ReflectDatumWriter();5;0;0;3;2
5;org.apache.avro.io.parsing.ResolvingGrammarGenerator.mkEnumAdjust(List, List);60;6;20;0;0
6;org.apache.avro.io.BinaryDecoder.ByteArrayByteSource.read();5;0;0;1;4
7;org.apache.avro.io.parsing.SkipParser.skipSymbol(Symbol);25;7;6;2;4
8;org.apache.avro.Schema.addProp(String, String);54;4;30;1;1
9;org.apache.avro.io.parsing.Symbol.EnumLabelsAction.findLabel(String);13;5;4;0;0
10;org.apache.avro.generic.GenericRequestor.GenericRequestor(Protocol, Transceiver);236;11;59;1;1
11;org.apache.avro.ipc.Requestor.writeHandshake(Encoder);218;9;32;8;30
12;org.apache.avro.io.parsing.Parser.ActionHandler.doAction(Symbol, Symbol);8;3;3;0;0
13;org.apache.avro.ipc.RPCContext.setRequestHandshakeMeta(Map);184;9;61;0;0
14;org.apache.avro.io.BinaryEncoder.SimpleByteWriter.SimpleByteWriter(OutputStream);3;2;1;0;0
15;org.apache.avro.ipc.ByteBufferOutputStream.write(byte[], int, int);2;1;1;0;0
16;org.apache.avro.ipc.DatagramTransceiver.getRemoteName();1;0;0;0;0
17;org.apache.avro.Schema.parse(JsonNode, Names);55;3;8;3;21
18;org.apache.avro.file.DataFileStream.nextBlock(DataBlock);49;6;11;5;5
19;org.apache.avro.io.JsonEncoder.writeNull();7;0;0;3;3
20;org.apache.avro.io.parsing.Symbol.Sequence.flattenedSize();8;3;3;1;1
21;org.apache.avro.Protocol.toString(boolean);69;7;13;6;9
22;org.apache.avro.Schema.FloatSchema.FloatSchema();11;2;8;1;1
23;org.apache.avro.reflect.ReflectDatumWriter.ReflectDatumWriter(ReflectData);5;2;1;2;1
24;org.apache.avro.io.JsonDecoder.init(String);6;4;1;1;1
25;org.apache.avro.io.Encoder.writeFixed(byte[], int, int);18;4;8;0;0
26;org.apache.avro.ipc.Requestor.getLocal();218;10;59;0;0
27;org.apache.avro.io.parsing.JsonGrammarGenerator.generate(Schema);18;4;3;5;2
28;org.apache.avro.specific.SpecificRequestor.SpecificRequestor(Protocol, Transceiver);7;2;3;1;1
29;org.apache.avro.file.DataFileStream.DataFileStream(InputStream, DatumReader);87;0;0;6;29
30;org.apache.avro.io.ValidatingDecoder.checkFixed(int);12;2;2;3;3
31;org.apache.avro.Schema.RecordSchema.getField(String);1;0;0;0;0
32;org.apache.avro.Protocol.parse(JsonNode);55;0;0;5;25
33;org.apache.avro.specific.SpecificRecordBase.toString();11;0;0;4;6
34;org.apache.avro.io.parsing.Symbol.EnumAdjustAction.EnumAdjustAction(int, Object[]);4;0;0;3;1
35;org.apache.avro.ipc.Transceiver.readBuffers();212;11;59;0;0
36;org.apache.avro.io.Encoder.writeDouble(double);71;5;37;0;0
37;org.apache.avro.file.DataFileWriter.DataFileWriter(DatumWriter);73;6;27;0;0
38;org.apache.avro.io.BlockingBinaryEncoder.writeBoolean(boolean);6;0;0;3;2
39;org.apache.avro.Schema.MapSchema.MapSchema(Schema);41;4;20;1;1
40;org.apache.avro.io.BlockingBinaryEncoder.writeIndex(int);7;0;0;3;3
41;org.apache.avro.file.SeekableInput.tell();6;2;3;0;0
42;org.apache.avro.io.DirectBinaryDecoder.doReadBytes(byte[], int, int);3;1;2;0;0
43;org.apache.avro.specific.SpecificDatumReader.getField(Object, String, int);2;0;0;1;1
44;org.apache.avro.file.LengthLimitedInputStream.read(byte[]);3;0;0;2;1
45;org.apache.avro.io.ResolvingDecoder.readLong();70;4;32;3;4
46;org.apache.avro.io.JsonDecoder.readNull();11;0;0;4;4
47;org.apache.avro.Protocol.Message.getErrors();249;10;55;0;0
48;org.apache.avro.io.BinaryDecoder.readBoolean();218;10;59;1;1
49;org.apache.avro.io.BinaryDecoder.ByteSource.compactAndFill(byte[], int, int, int);5;1;1;1;3
50;org.apache.avro.io.DecoderFactory.defaultFactory();335;9;73;0;0
51;org.apache.avro.generic.GenericDatumReader.readMap(Object, Schema, ResolvingDecoder);70;0;0;4;32
52;org.apache.avro.io.BinaryDecoder.ensureBounds(int);9;1;4;2;3
53;org.apache.avro.io.BlockingBinaryEncoder.BlockingBinaryEncoder(OutputStream);9;0;0;3;4
54;org.apache.avro.Schema.RecordSchema.setFields(List);7;0;0;2;5
55;org.apache.avro.io.Encoder.writeEnum(int);40;4;28;0;0
56;org.apache.avro.io.JsonEncoder.flush();86;8;28;3;2
57;org.apache.avro.generic.GenericData.isMap(Object);13;3;10;0;0
58;org.apache.avro.file.DataFileStream.getMeta(String);2;1;1;0;0
59;org.apache.avro.specific.SpecificRecordBase.hashCode();26;0;0;4;11
60;org.apache.avro.io.BinaryDecoder.ByteSource.tryReadRaw(byte[], int, int);11;2;6;0;0
61;org.apache.avro.io.ValidatingEncoder.writeEnum(int);9;0;0;3;4
62;org.apache.avro.tool.RpcReceiveTool.run2(PrintStream);265;12;58;1;1
63;org.apache.avro.ipc.HttpTransceiver.transceive(List);5;0;0;2;2
64;org.apache.avro.generic.GenericData.Record.compareTo(Record);27;2;1;4;12
65;org.apache.avro.ipc.stats.Histogram.TreeMapSegmenter.TreeMapSegmenter(SortedSet);1;0;0;0;0
66;org.apache.avro.Protocol.Message.equals(Object);84;8;29;1;1
67;org.apache.avro.io.parsing.ValidatingGrammarGenerator.LitS.hashCode();4;1;1;2;1
68;org.apache.avro.AvroRuntimeException.AvroRuntimeException(String);275;9;100;0;0
69;org.apache.avro.io.JsonDecoder.skipString();12;0;0;3;5
70;org.apache.avro.ipc.stats.StatsPlugin.StatsPlugin();32;13;9;1;1
71;org.apache.avro.reflect.ReflectDatumReader.setField(Object, String, int, Object);4;0;0;3;1
72;org.apache.avro.ipc.Requestor.readError(Schema, Decoder);218;10;59;0;0
73;org.apache.avro.Schema.FixedSchema.FixedSchema(Name, String, int);41;4;20;3;2
74;org.apache.avro.file.DataFileStream.next();112;9;25;7;8
75;org.apache.avro.io.parsing.ResolvingGrammarGenerator.getBinary(Schema, JsonNode);60;5;11;3;29
76;org.apache.avro.specific.SpecificData.getProtocol(Class);32;13;9;0;0
77;org.apache.avro.Protocol.toString();189;9;58;7;9
78;org.apache.avro.Schema.Names.Names();49;5;23;0;0
79;org.apache.avro.io.BlockingBinaryEncoder.setItemCount(long);3;0;0;2;1
80;org.apache.avro.generic.GenericData.induce(Object);24;0;0;3;13
81;org.apache.avro.specific.SpecificDatumWriter.SpecificDatumWriter(Schema, SpecificData);5;1;1;2;2
82;org.apache.avro.io.DirectBinaryDecoder.init(InputStream);14;5;4;0;0
83;org.apache.avro.ipc.stats.Histogram.TreeMapSegmenter.getBuckets.(Anon_1).next();2;0;0;1;1
84;org.apache.avro.io.Encoder.setItemCount(long);91;6;39;0;0
85;org.apache.avro.ipc.stats.Stopwatch.start();4;2;1;1;1
86;org.apache.avro.Schema.NamedSchema.writeNameRef(Names, JsonGenerator);33;4;6;4;9
87;org.apache.avro.specific.ProtocolTask.compile(File);46;1;1;6;31
88;org.apache.avro.io.Perf.ReadFloat.ReadFloat();9;3;6;0;0
89;org.apache.avro.ipc.SocketServer.main(String[]);2;0;0;1;1
90;org.apache.avro.specific.SpecificData.validate(Schema, Object);20;3;2;2;12
91;org.apache.avro.io.JsonDecoder.advance(Symbol);41;2;21;3;3
92;org.apache.avro.io.parsing.SkipParser.SkipHandler.skipTopSymbol();5;3;2;0;0
93;org.apache.avro.ipc.stats.Histogram.EntryIterator.next();2;0;0;1;1
94;org.apache.avro.io.ParsingDecoder.skipAction();2;0;0;1;1
95;org.apache.avro.reflect.ReflectData.getField(Class, String);23;4;8;2;1
96;org.apache.avro.specific.SpecificCompiler.compileToDestination(File);84;6;21;3;28
97;org.apache.avro.Schema.createMap(Schema);44;5;17;2;1
98;org.apache.avro.io.BlockingBinaryEncoder.endBlockedValue();14;3;2;2;8
99;org.apache.avro.file.DataFileReader.SeekableInputStream.read(byte[], int, int);3;1;1;1;1
100;org.apache.avro.Schema.IntSchema.IntSchema();11;2;8;1;1
101;org.apache.avro.file.DataFileReader.DataFileReader(File, DatumReader);136;8;10;7;29
102;org.apache.avro.ipc.RPCContext.responseCallMeta();212;10;59;0;0
103;org.apache.avro.io.DatumReader.read(D, Decoder);88;8;23;0;0
104;org.apache.avro.io.Decoder.skipString();31;4;22;0;0
105;org.apache.avro.ipc.Server.close();1;0;0;0;0
106;org.apache.avro.tool.RpcReceiveTool.SinkResponder.SinkResponder(Protocol);262;11;57;11;9
107;org.apache.avro.util.Utf8.toString();277;9;74;0;0
108;org.apache.avro.reflect.ReflectDatumReader.ReflectDatumReader(Schema);25;6;11;2;1
109;org.apache.avro.ipc.DatagramServer.close();1;0;0;0;0
110;org.apache.avro.reflect.ReflectDatumWriter.getArrayElements(Object);1;0;0;0;0
111;org.apache.avro.file.DataFileWriter.setMeta(String, byte[]);5;0;0;2;3
112;org.apache.avro.Schema.MapSchema.hashCode();3;0;0;1;2
113;org.apache.avro.io.parsing.SkipParser.skipTo(int);8;2;2;2;3
114;org.apache.avro.ipc.DatagramServer.main(String[]);3;0;0;2;1
115;org.apache.avro.file.DataFileReader.SeekableInputStream.read(byte[]);2;0;0;1;1
116;org.apache.avro.Protocol.hashCode();1;0;0;0;0
117;org.apache.avro.io.Decoder.readBoolean();40;4;28;0;0
118;org.apache.avro.io.DatumWriter.setSchema(Schema);61;6;21;0;0
119;org.apache.avro.ipc.Requestor.getTransceiver();218;10;59;0;0
120;org.apache.avro.specific.SpecificResponder.SpecificResponder(Protocol, Object, SpecificData);71;7;17;10;9
121;org.apache.avro.io.BinaryEncoder.ReuseByteWriter.write(ByteBuffer);4;0;0;2;2
122;org.apache.avro.Schema.toString();25;4;8;3;2
123;org.apache.avro.reflect.Union.value();10;4;5;0;0
124;org.apache.avro.specific.SpecificDatumReader.SpecificDatumReader(Schema);25;6;11;1;1
125;org.apache.avro.specific.SpecificCompiler.compile();37;0;0;3;28
126;org.apache.avro.Schema.EnumSchema.getEnumOrdinal(String);1;0;0;0;0
127;org.apache.avro.specific.SpecificResponder.writeError(Schema, AvroRemoteException, Encoder);8;0;0;4;2
128;org.apache.avro.io.Decoder.skipFixed(int);29;4;20;0;0
129;org.apache.avro.ipc.HttpTransceiver.HttpTransceiver(URL);236;11;59;0;0
130;org.apache.avro.file.DataFileWriter.sync();11;1;1;2;6
131;org.apache.avro.io.BinaryEncoder.encodeLong(long, byte[], int);12;4;4;0;0
132;org.apache.avro.io.BinaryDecoder.BinaryDecoder(int, InputStream);14;3;2;4;3
133;org.apache.avro.file.DataFileStream.close();131;9;30;1;1
134;org.apache.avro.io.parsing.Symbol.ResolvingAction.flatten(Map, Map);3;0;0;1;2
135;org.apache.avro.Schema.parse(File);107;5;35;4;21
136;org.apache.avro.generic.GenericDatumReader.setSchema(Schema);1;0;0;0;0
137;org.apache.avro.specific.SpecificDatumWriter.SpecificDatumWriter(Class);23;0;0;5;11
138;org.apache.avro.io.BlockingBinaryEncoder.writeFixed(byte[], int, int);8;0;0;4;3
139;org.apache.avro.specific.SpecificCompiler.escapeForJavaDoc(String);3;2;1;0;0
140;org.apache.avro.generic.GenericArray.add(T);20;3;12;0;0
141;org.apache.avro.Schema.hashCode();11;2;8;1;1
142;org.apache.avro.io.BinaryDecoder.ByteArrayByteSource.isEof();3;0;0;1;2
143;org.apache.avro.generic.GenericData.hashCodeAdd(int, Object, Schema);23;0;0;4;10
144;org.apache.avro.tool.Tool.getName();6;2;3;0;0
145;org.apache.avro.io.BinaryDecoder.readEnum();7;0;0;4;3
146;org.apache.avro.ipc.stats.StatsPlugin.publish(RPCContext, Stopwatch);11;2;1;4;4
147;org.apache.avro.io.DirectBinaryDecoder.readBoolean();1;0;0;0;0
148;org.apache.avro.Schema.writeProps(JsonGenerator);35;6;9;0;0
149;org.apache.avro.Protocol.Message.toString();15;0;0;4;5
150;org.apache.avro.reflect.ReflectData.isRecord(Object);20;0;0;5;11
151;org.apache.avro.io.BlockingBinaryEncoder.writeFloat(float);7;0;0;3;3
152;org.apache.avro.io.BinaryDecoder.ByteSource.available();3;0;0;1;2
153;org.apache.avro.file.DataFileWriter.flush();12;1;1;3;6
154;org.apache.avro.io.BinaryEncoder.writeMapEnd();2;0;0;1;1
155;org.apache.avro.io.JsonDecoder.mapNext();11;0;0;4;3
156;org.apache.avro.io.Perf.ReadLong.ReadLong();9;3;6;0;0
157;org.apache.avro.file.LengthLimitedInputStream.read(byte[], int, int);3;1;1;1;1
158;org.apache.avro.io.ValidatingDecoder.init(InputStream);3;0;0;1;2
159;org.apache.avro.io.parsing.Symbol.alt(Symbol[], String[]);60;7;19;3;1
160;org.apache.avro.io.ParsingEncoder.pop();13;4;4;2;1
161;org.apache.avro.generic.GenericDatumReader.createBytes(byte[]);1;0;0;0;0
162;org.apache.avro.reflect.ReflectData.getFields(Class);40;5;17;2;1
163;org.apache.avro.io.JsonEncoder.doAction(Symbol, Symbol);3;0;0;2;1
164;org.apache.avro.io.ResolvingDecoder.readFieldOrder();70;5;28;3;3
165;org.apache.avro.Protocol.getName();28;4;15;0;0
166;org.apache.avro.Schema.equals(Object);94;6;31;0;0
167;org.apache.avro.reflect.ReflectData.findField(Class, String);3;1;1;1;1
168;org.apache.avro.reflect.ReflectDatumReader.newArray(Object, int, Schema);15;0;0;4;5
169;org.apache.avro.io.BinaryDecoder.BinaryDecoder();3;2;1;0;0
170;org.apache.avro.io.Perf.ReadDouble.readInternal(Decoder);2;0;0;1;1
171;org.apache.avro.generic.GenericData.toString(Object);13;2;2;3;6
172;org.apache.avro.io.BinaryDecoder.isEnd();30;6;7;1;2
173;org.apache.avro.file.DataFileWriter.writeBlock();41;6;11;1;5
174;org.apache.avro.file.DataFileReader.SeekableInputStream.skip(long);4;0;0;1;3
175;org.apache.avro.io.ValidatingDecoder.readString(Utf8);8;0;0;3;3
176;org.apache.avro.reflect.ReflectData.createFieldSchema(Field, Map);41;4;18;0;0
177;org.apache.avro.ipc.RPCContext.requestCallMeta();223;10;59;0;0
178;org.apache.avro.io.Encoder.writeArrayEnd();76;6;32;0;0
179;org.apache.avro.generic.GenericData.hashCode(Object, Schema);31;2;4;3;11
180;org.apache.avro.io.DirectBinaryDecoder.ReuseByteReader.read(ByteBuffer, int);5;0;0;2;2
181;org.apache.avro.ipc.stats.Histogram.Segmenter.size();3;1;2;0;0
182;org.apache.avro.io.JsonDecoder.readArrayStart();12;0;0;4;4
183;org.apache.avro.ipc.HttpTransceiver.readBuffers(InputStream);214;11;59;0;0
184;org.apache.avro.RandomData.main(String[]);63;0;0;5;28
185;org.apache.avro.generic.GenericDatumReader.createString(String);2;0;0;1;1
186;org.apache.avro.Schema.LockableArrayList.LockableArrayList();42;4;23;0;0
187;org.apache.avro.io.BinaryEncoder.BinaryEncoder(OutputStream);288;9;60;1;2
188;org.apache.avro.ipc.stats.Histogram.EntryIterator.hasNext();2;0;0;1;1
189;org.apache.avro.RPCMetaTestPlugin.serverReceiveRequest(RPCContext);3;0;0;1;2
190;org.apache.avro.io.BinaryDecoder.skipFixed(int);28;3;17;2;1
191;org.apache.avro.io.JsonEncoder.writeBytes(byte[], int, int);8;0;0;3;3
192;org.apache.avro.Schema.getName();153;6;46;0;0
193;org.apache.avro.reflect.ReflectDatumWriter.ReflectDatumWriter(Schema);9;1;2;4;2
194;org.apache.avro.io.ValidatingDecoder.readBoolean();70;4;34;3;3
195;org.apache.avro.io.JsonEncoder.writeEnum(int);9;0;0;3;4
196;org.apache.avro.Schema.NamedSchema.equalNames(NamedSchema);6;2;3;1;1
197;org.apache.avro.io.BlockingBinaryEncoder.writeEnum(int);8;0;0;4;3
198;org.apache.avro.ipc.Responder.writeResponse(Schema, Object, Encoder);208;10;59;0;0
199;org.apache.avro.Schema.Name.equals(Object);2;1;1;0;0
200;org.apache.avro.io.parsing.Parser.advance(Symbol);122;4;61;2;3
201;org.apache.avro.io.ValidatingEncoder.writeNull();8;0;0;3;3
202;org.apache.avro.generic.GenericData.Fixed.Fixed(Schema);4;0;0;2;2
203;org.apache.avro.generic.GenericData.Fixed.toString();1;0;0;0;0
204;org.apache.avro.io.JsonDecoder.readEnum();13;0;0;4;5
205;org.apache.avro.reflect.ReflectData.getClass(Schema);15;2;2;3;5
206;org.apache.avro.generic.GenericDatumWriter.write(Schema, Object, Encoder);61;1;2;4;27
207;org.apache.avro.io.BinaryData.(Anon_1).initialValue();12;0;0;6;3
208;org.apache.avro.io.BinaryDecoder.readBytes(ByteBuffer);86;6;27;4;3
209;org.apache.avro.Schema.getElementType();192;5;84;1;1
210;org.apache.avro.Schema.UnionSchema.hashCode();3;0;0;1;2
211;org.apache.avro.file.DataFileReader.seek(long);10;3;3;2;2
212;org.apache.avro.io.BlockingBinaryEncoder.writeMapEnd();13;0;0;2;9
213;org.apache.avro.specific.SpecificDatumWriter.SpecificDatumWriter(Schema);7;1;2;2;2
214;org.apache.avro.io.BinaryDecoder.BinaryDecoder(byte[], int, int);12;2;2;4;3
215;org.apache.avro.io.BinaryDecoder.readIndex();7;0;0;4;3
216;org.apache.avro.io.BinaryDecoder.readFixed(byte[], int, int);17;6;4;2;1
217;org.apache.avro.generic.GenericDatumWriter.writeEnum(Schema, Object, Encoder);59;5;24;2;2
218;org.apache.avro.io.BinaryEncoder.writeBoolean(boolean);1;0;0;0;0
219;org.apache.avro.io.ValidatingDecoder.readDouble();8;0;0;3;3
220;org.apache.avro.tool.RpcReceiveTool.SinkResponder.respond(Message, Object);84;0;0;7;29
221;org.apache.avro.io.JsonEncoder.writeMapStart();9;0;0;3;3
222;org.apache.avro.Schema.parse(InputStream);42;0;0;4;21
223;org.apache.avro.ipc.stats.Histogram.Segmenter.segment(T);2;1;1;0;0
224;org.apache.avro.io.BinaryDecoder.skipArray();11;0;0;5;3
225;org.apache.avro.ipc.stats.StatsPluginOverhead.createServer(boolean);235;10;58;12;9
226;org.apache.avro.reflect.ReflectRequestor.getDatumReader(Schema);4;0;0;3;1
227;org.apache.avro.reflect.ReflectRequestor.ReflectRequestor(Protocol, Transceiver);61;7;21;2;1
228;org.apache.avro.Schema.LockableArrayList.remove(Object);2;0;0;1;1
229;org.apache.avro.ipc.stats.StatsServlet.writeActiveRpc(Writer, RPCContext, Stopwatch);13;3;4;2;5
230;org.apache.avro.io.Decoder.readFixed(byte[]);94;6;30;1;1
231;org.apache.avro.reflect.ReflectRequestor.getClient(Class, Transceiver);61;0;0;7;21
232;org.apache.avro.io.ValidatingEncoder.writeMapEnd();9;0;0;3;3
233;org.apache.avro.io.parsing.Symbol.UnionAdjustAction.UnionAdjustAction(int, Symbol);3;2;1;0;0
234;org.apache.avro.generic.GenericDatumWriter.GenericDatumWriter();81;6;26;1;2
235;org.apache.avro.generic.GenericDatumReader.GenericDatumReader(Schema);308;10;77;0;0
236;org.apache.avro.io.BlockingBinaryEncoder.finishOverflow();11;2;6;2;1
237;org.apache.avro.io.parsing.Symbol.IntCheckAction.IntCheckAction(int);5;1;2;2;1
238;org.apache.avro.io.parsing.Parser.topSymbol();30;4;18;0;0
239;org.apache.avro.specific.SpecificRequestor.readResponse(Schema, Decoder);5;0;0;3;2
240;org.apache.avro.ipc.ResponderServlet.doPost(HttpServletRequest, HttpServletResponse);213;0;0;10;59
241;org.apache.avro.RandomData.randomBytes(Random, int);19;3;12;0;0
242;org.apache.avro.io.parsing.Parser.processTrailingImplicitActions();13;4;4;1;1
243;org.apache.avro.ipc.RPCPlugin.serverConnecting(RPCContext);184;9;61;0;0
244;org.apache.avro.file.DataFileStream.resolveCodec();106;6;29;2;4
245;org.apache.avro.specific.SpecificCompiler.errors(Schema);28;4;14;2;3
246;org.apache.avro.io.DecoderFactory.createBinaryDecoder(InputStream, BinaryDecoder);104;8;28;4;4
247;org.apache.avro.io.BinaryEncoder.encodeDouble(double, byte[], int);7;4;2;0;0
248;org.apache.avro.generic.GenericDatumReader.newMap(Object, int);70;5;32;0;0
249;org.apache.avro.Protocol.Message.getRequest();369;10;67;0;0
250;org.apache.avro.Schema.parseJson(String);43;5;21;0;0
251;org.apache.avro.io.ValidatingDecoder.readNull();70;4;34;3;3
252;org.apache.avro.Protocol.getType(String);14;0;0;4;9
253;org.apache.avro.specific.SpecificCompiler.esc(Object);36;3;27;0;0
254;org.apache.avro.Schema.FixedSchema.toJson(Names, JsonGenerator);24;0;0;5;9
255;org.apache.avro.io.BinaryDecoder.BufferAccessor.setLimit(int);4;2;2;0;0
256;org.apache.avro.ipc.Responder.Responder(Protocol);25;1;2;9;9
257;org.apache.avro.AvroTypeException.AvroTypeException(String, Throwable);43;6;18;1;1
258;org.apache.avro.generic.GenericData.Fixed.hashCode();1;0;0;0;0
259;org.apache.avro.io.Perf.main(String[]);9;0;0;2;7
260;org.apache.avro.io.BinaryDecoder.doReadBytes(byte[], int, int);14;5;4;1;1
261;org.apache.avro.io.DatumWriter.write(D, Encoder);143;9;31;0;0
262;org.apache.avro.Schema.Field.order();51;4;26;0;0
263;org.apache.avro.Protocol.Message.getResponse();365;10;63;0;0
264;org.apache.avro.ipc.stats.Histogram.toString();2;0;0;1;1
265;org.apache.avro.ipc.RPCContext.responseHandshakeMeta();188;9;61;0;0
266;org.apache.avro.reflect.ReflectResponder.getDatumReader(Schema);4;0;0;3;1
267;org.apache.avro.ipc.stats.StatsPlugin.StatsPlugin(Ticks, Segmenter);2;1;1;0;0
268;org.apache.avro.io.Encoder.writeString(String);218;10;56;1;2
269;org.apache.avro.io.JsonDecoder.error(String);40;3;19;2;1
270;org.apache.avro.generic.GenericDatumWriter.writeFixed(Schema, Object, Encoder);59;5;23;2;3
271;org.apache.avro.Schema.Names.put(Name, Schema);20;5;8;2;2
272;org.apache.avro.io.BinaryDecoder.inputStream();12;4;4;0;0
273;org.apache.avro.file.Codec.equals(Object);37;6;14;0;0
274;org.apache.avro.io.Perf.ReadBoolean.genData(Encoder);6;0;0;1;5
275;org.apache.avro.ipc.ResponderServlet.ResponderServlet(Responder);3;2;1;0;0
276;org.apache.avro.specific.SpecificRequestor.getClient(Class, SpecificRequestor);1;0;0;0;0
277;org.apache.avro.io.JsonDecoder.readString(Utf8);13;0;0;3;5
278;org.apache.avro.io.BinaryDecoder.readDouble();6;0;0;3;3
279;org.apache.avro.io.BinaryDecoder.ByteArrayByteSource.tryReadRaw(byte[], int, int);2;1;1;0;0
280;org.apache.avro.io.parsing.Parser.depth();9;4;3;0;0
281;org.apache.avro.Schema.Name.writeName(Names, JsonGenerator);4;1;1;1;2
282;org.apache.avro.io.JsonEncoder.writeArrayStart();9;0;0;3;3
283;org.apache.avro.io.BinaryDecoder.readArrayStart();8;0;0;5;3
284;org.apache.avro.Protocol.toJson(JsonGenerator);20;1;1;5;9
285;org.apache.avro.generic.GenericDatumReader.createFixed(Object, byte[], Schema);5;0;0;2;3
286;org.apache.avro.Schema.create(Type);59;4;33;2;9
287;org.apache.avro.specific.SpecificRequestor.getDatumReader(Schema);6;2;2;2;1
288;org.apache.avro.ipc.RPCPlugin.clientFinishConnect(RPCContext);138;10;39;0;0
289;org.apache.avro.file.DataFileStream.hasNext();33;2;2;5;8
290;org.apache.avro.ipc.DatagramTransceiver.DatagramTransceiver(SocketAddress);1;0;0;0;0
291;org.apache.avro.io.ParsingDecoder.skipFixed();15;2;13;0;0
292;org.apache.avro.Schema.RecordSchema.equals(Object);4;0;0;2;2
293;org.apache.avro.file.DataFileWriter.create(Schema, OutputStream);25;0;0;4;9
294;org.apache.avro.io.BinaryDecoder.InputStreamByteSource.read();5;0;0;1;4
295;org.apache.avro.io.Decoder.readIndex();52;7;29;0;0
296;org.apache.avro.io.ValidatingDecoder.readMapStart();70;5;29;3;3
297;org.apache.avro.generic.GenericData.Array.Array(int, Schema);3;0;0;1;2
298;org.apache.avro.io.BinaryEncoder.writeArrayEnd();2;0;0;1;1
299;org.apache.avro.specific.SpecificExceptionBase.equals(Object);27;0;0;5;11
300;org.apache.avro.RPCMetaTestPlugin.clientFinishConnect(RPCContext);3;0;0;1;2
301;org.apache.avro.specific.SpecificCompiler.enqueue(Schema);11;2;2;2;6
302;org.apache.avro.io.parsing.Parser.popSymbol();61;7;21;0;0
303;org.apache.avro.io.BlockingBinaryEncoder.writeString(Utf8);12;0;0;4;4
304;org.apache.avro.Schema.DoubleSchema.DoubleSchema();11;2;8;1;1
305;org.apache.avro.io.BinaryEncoder.setItemCount(long);3;0;0;2;1
306;org.apache.avro.util.Utf8.Utf8();14;5;5;0;0
307;org.apache.avro.io.BinaryData.Decoders.Decoders();12;1;1;5;3
308;org.apache.avro.generic.GenericDatumWriter.writeString(Object, Encoder);59;6;18;1;1
309;org.apache.avro.ipc.RPCContext.setError(AvroRemoteException);233;10;59;0;0
310;org.apache.avro.ipc.stats.Histogram.Entry.Entry(B, int);2;1;1;0;0
311;org.apache.avro.Schema.createRecord(String, String, String, boolean);41;5;15;4;2
312;org.apache.avro.io.JsonDecoder.checkFixed(int);16;2;3;4;4
313;org.apache.avro.Schema.NamedSchema.NamedSchema(Type, Name, String);9;2;3;2;2
314;org.apache.avro.BarRecord.hashCode();1;0;0;0;0
315;org.apache.avro.Schema.MapSchema.equals(Object);2;0;0;1;1
316;org.apache.avro.generic.GenericDatumWriter.setSchema(Schema);6;3;2;0;0
317;org.apache.avro.io.BinaryDecoder.skipBytes();9;0;0;4;3
318;org.apache.avro.ipc.Transceiver.close();235;11;59;0;0
319;org.apache.avro.ipc.stats.Histogram.TreeMapSegmenter.segment(T);2;0;0;1;1
320;org.apache.avro.io.Encoder.writeFixed(byte[]);36;3;28;1;1
321;org.apache.avro.io.parsing.Symbol.Repeater.flatten(Map, Map);9;0;0;2;5
322;org.apache.avro.file.Codec.toString();4;2;1;1;1
323;org.apache.avro.file.LengthLimitedInputStream.LengthLimitedInputStream(InputStream, long);1;0;0;0;0
324;org.apache.avro.reflect.ReflectData.getSchema(Type, Map);48;3;3;5;18
325;org.apache.avro.specific.SpecificDatumWriter.writeEnum(Schema, Object, Encoder);2;0;0;1;1
326;org.apache.avro.file.DataFileWriter.setMeta(String, long);1;0;0;0;0
327;org.apache.avro.ipc.HttpServer.HttpServer(Responder, int);32;13;9;1;2
328;org.apache.avro.Protocol.setTypes(Collection);55;6;18;4;2
329;org.apache.avro.reflect.ReflectDatumReader.getField(Object, String, int);4;0;0;3;1
330;org.apache.avro.io.BinaryDecoder.readInt();21;3;7;3;3
331;org.apache.avro.file.DataFileStream.getSchema();147;8;29;0;0
332;org.apache.avro.specific.SpecificData.get();91;10;22;0;0
333;org.apache.avro.generic.GenericData.Record.equals(Object);27;0;0;5;11
334;org.apache.avro.io.BlockingBinaryEncoder.writeArrayEnd();13;0;0;2;9
335;org.apache.avro.file.LengthLimitedInputStream.remainingInt();3;1;2;0;0
336;org.apache.avro.tool.Main.printStream(InputStream);5;2;3;0;0
337;org.apache.avro.io.BinaryDecoder.InputStreamByteSource.trySkipBytes(long);1;0;0;0;0
338;org.apache.avro.ipc.HttpTransceiver.readBuffers();2;0;0;1;1
339;org.apache.avro.io.Encoder.writeString(Utf8);12;4;4;0;0
340;org.apache.avro.reflect.ReflectDatumReader.readBytes(Object, Decoder);2;0;0;1;1
341;org.apache.avro.generic.GenericDatumReader.read(Object, Schema, ResolvingDecoder);133;9;21;3;36
342;org.apache.avro.util.Utf8.setLength(int);14;5;5;0;0
343;org.apache.avro.Protocol.getNamespace();28;4;15;0;0
344;org.apache.avro.io.ValidatingDecoder.readArrayStart();70;5;29;3;3
345;org.apache.avro.Schema.SeenPair.hashCode();1;0;0;0;0
346;org.apache.avro.io.JsonEncoder.writeBoolean(boolean);7;0;0;3;3
347;org.apache.avro.Schema.NamedSchema.hashCode();7;1;3;1;3
348;org.apache.avro.specific.SpecificData.getRecordSchema(Object);2;0;0;1;1
349;org.apache.avro.io.BinaryDecoder.BufferAccessor.setPos(int);14;2;7;0;0
350;org.apache.avro.file.CodecFactory.deflateCodec(int);1;0;0;0;0
351;org.apache.avro.io.BinaryEncoder.writeDouble(double);2;0;0;1;1
352;org.apache.avro.generic.GenericArray.size();9;3;5;0;0
353;org.apache.avro.generic.GenericDatumReader.peekArray(Object);70;5;32;1;1
354;org.apache.avro.io.parsing.Symbol.flatten(Symbol[], int, Symbol[], int, Map, Map);11;3;4;1;2
355;org.apache.avro.generic.GenericDatumReader.newRecord(Object, Schema);70;5;31;1;1
356;org.apache.avro.ipc.SocketServer.close();1;0;0;0;0
357;org.apache.avro.io.DirectBinaryDecoder.readInt();3;2;1;0;0
358;org.apache.avro.io.BlockingBinaryEncoder.BlockingBinaryEncoder(OutputStream, int);9;1;1;2;4
359;org.apache.avro.Protocol.parse(String);1;0;0;0;0
360;org.apache.avro.generic.GenericDatumReader.readArray(Object, Schema, ResolvingDecoder);70;0;0;4;32
361;org.apache.avro.io.BlockingBinaryEncoder.writeBytes(ByteBuffer);3;0;0;2;1
362;org.apache.avro.io.ValidatingEncoder.writeFloat(float);8;0;0;3;3
363;org.apache.avro.file.DataFileWriter.appendAllFrom(DataFileStream, boolean);37;0;0;5;14
364;org.apache.avro.Schema.isError();71;5;26;1;1
365;org.apache.avro.file.SeekableFileInput.SeekableFileInput(FileDescriptor);102;8;28;0;0
366;org.apache.avro.io.BlockingBinaryEncoder.flush();10;2;4;2;2
367;org.apache.avro.io.parsing.Parser.pushProduction(Symbol);11;3;4;1;1
368;org.apache.avro.reflect.ReflectData.getAnnotatedUnion(Union, Map);48;4;17;3;5
369;org.apache.avro.io.BlockingBinaryEncoder.expandStack();10;3;3;1;1
370;org.apache.avro.reflect.ReflectData.validate(Schema, Object);20;0;0;3;8
371;org.apache.avro.generic.GenericData.getRecordSchema(Object);13;2;10;1;1
372;org.apache.avro.io.Encoder.writeFloat(float);71;5;37;0;0
373;org.apache.avro.ipc.stats.StatsPlugin.serverSendResponse(RPCContext);11;0;0;5;5
374;org.apache.avro.io.BinaryDecoder.ByteArrayByteSource.trySkipBytes(long);5;1;1;1;3
375;org.apache.avro.io.ValidatingEncoder.ValidatingEncoder(Symbol, Encoder);30;7;14;1;1
376;org.apache.avro.generic.GenericData.Array.toString();2;0;0;1;1
377;org.apache.avro.io.parsing.Parser.processImplicitActions();5;1;1;2;2
378;org.apache.avro.generic.GenericData.Record.Record(Schema);4;0;0;1;3
379;org.apache.avro.ipc.stats.FloatHistogram.add(Float);3;0;0;2;1
380;org.apache.avro.Protocol.main(String[]);2;0;0;1;1
381;org.apache.avro.specific.SpecificData.getClassName(Schema);8;2;3;2;2
382;org.apache.avro.io.JsonDecoder.arrayNext();11;0;0;4;3
383;org.apache.avro.file.Codec.getName();7;3;3;0;0
384;org.apache.avro.FooRecord.FooRecord(int);1;0;0;0;0
385;org.apache.avro.io.parsing.Symbol.ImplicitAction.ImplicitAction();4;0;0;3;1
386;org.apache.avro.io.Decoder.readMapStart();8;4;3;0;0
387;org.apache.avro.ipc.Responder.addRPCPlugin(RPCPlugin);32;13;9;0;0
388;org.apache.avro.specific.SpecificDatumWriter.getField(Object, String, int);2;0;0;1;1
389;org.apache.avro.ipc.stats.StatsServlet.writeStats(Writer);14;1;1;3;9
390;org.apache.avro.io.BinaryDecoder.ByteSource.trySkipBytes(long);5;2;3;0;0
391;org.apache.avro.tool.Tool.run(InputStream, PrintStream, PrintStream, List);5;2;3;0;0
392;org.apache.avro.io.DirectBinaryDecoder.ReuseByteReader.ReuseByteReader(ByteBufferInputStream);3;2;1;0;0
393;org.apache.avro.RandomData.randomUtf8(Random, int);19;3;12;1;4
394;org.apache.avro.BarRecord.equals(Object);1;0;0;0;0
395;org.apache.avro.generic.GenericData.Array.add(T);1;0;0;0;0
396;org.apache.avro.io.BinaryEncoder.writeEnum(int);2;0;0;1;1
397;org.apache.avro.io.JsonEncoder.writeArrayEnd();8;0;0;3;3
398;org.apache.avro.io.BinaryEncoder.writeFloat(float);2;0;0;1;1
399;org.apache.avro.ipc.Responder.handshake(Decoder, Encoder);208;3;22;8;61
400;org.apache.avro.ipc.RPCPlugin.clientSendRequest(RPCContext);218;10;59;0;0
401;org.apache.avro.io.JsonEncoder.JsonEncoder(Schema, JsonGenerator);185;9;41;6;2
402;org.apache.avro.ipc.stats.StatsPluginOverhead.sendRpcs(boolean);236;1;1;10;59
403;org.apache.avro.generic.GenericResponder.writeResponse(Schema, Object, Encoder);66;0;0;6;27
404;org.apache.avro.reflect.ReflectDatumWriter.ReflectDatumWriter(Class, ReflectData);26;2;1;5;13
405;org.apache.avro.io.JsonDecoder.skipMap();11;0;0;4;4
406;org.apache.avro.RandomData.generate(Schema, Random, int);20;1;1;2;13
407;org.apache.avro.FooRecord.toString();1;0;0;0;0
408;org.apache.avro.io.parsing.Parser.pushSymbol(Symbol);40;7;13;1;1
409;org.apache.avro.file.CodecFactory.toString();4;0;0;2;2
410;org.apache.avro.io.BinaryEncoder.encodeLong(long, OutputStream);24;3;12;0;0
411;org.apache.avro.Schema.Field.Field(String, Schema, String, JsonNode);49;5;21;1;1
412;org.apache.avro.file.DataFileWriter.BufferedFileOutputStream.PositionFilter.write(byte[], int, int);1;0;0;0;0
413;org.apache.avro.file.SeekableInput.read(byte[], int, int);3;1;2;0;0
414;org.apache.avro.reflect.ReflectDatumReader.readString(Object, Schema, Decoder);6;0;0;3;2
415;org.apache.avro.io.BinaryDecoder.ByteArrayByteSource.close();3;0;0;1;2
416;org.apache.avro.io.ValidatingDecoder.mapNext();70;5;29;3;3
417;org.apache.avro.generic.GenericDatumReader.createFixed(Object, Schema);7;2;2;2;2
418;org.apache.avro.io.BinaryDecoder.readMapStart();86;6;27;5;3
419;org.apache.avro.io.BinaryEncoder.init(OutputStream);5;3;1;1;1
420;org.apache.avro.file.DataFileWriter.setMeta(String, String);1;0;0;0;0
421;org.apache.avro.ipc.stats.StatsPlugin.createNewHistogram();9;3;3;3;1
422;org.apache.avro.ipc.HttpTransceiver.writeLength(int, OutputStream);2;1;1;0;0
423;org.apache.avro.reflect.ReflectData.AllowNull.get();1;0;0;0;0
424;org.apache.avro.specific.SpecificRecordBase.equals(Object);28;0;0;6;11
425;org.apache.avro.specific.SchemaTask.doCompile(File, File);81;0;0;6;52
426;org.apache.avro.io.BinaryDecoder.ByteSource.skip(long);5;0;0;1;4
427;org.apache.avro.generic.GenericDatumReader.skip(Schema, Decoder);28;4;5;2;18
428;org.apache.avro.Schema.hasEnumSymbol(String);2;0;0;1;1
429;org.apache.avro.io.JsonDecoder.doAction(Symbol, Symbol);4;0;0;2;2
430;org.apache.avro.io.JsonEncoder.getJsonGenerator(OutputStream);17;8;3;0;0
431;org.apache.avro.ipc.ByteBufferOutputStream.reset();3;1;2;0;0
432;org.apache.avro.generic.GenericDatumWriter.writeArray(Schema, Object, Encoder);59;0;0;5;19
433;org.apache.avro.Schema.UnionSchema.addProp(String, String);2;0;0;1;1
434;org.apache.avro.generic.GenericRecord.put(String, Object);19;3;12;0;0
435;org.apache.avro.Protocol.getTypes();10;4;6;0;0
436;org.apache.avro.Schema.StringSchema.StringSchema();11;2;8;1;1
437;org.apache.avro.ipc.SocketTransceiver.close();214;11;59;1;1
438;org.apache.avro.generic.GenericData.get();38;5;14;0;0
439;org.apache.avro.io.BlockingBinaryEncoder.init(OutputStream);5;0;0;2;2
440;org.apache.avro.io.ValidatingEncoder.writeDouble(double);8;0;0;3;3
441;org.apache.avro.file.DataFileStream.blockFinished();33;7;8;0;0
442;org.apache.avro.AvroRuntimeException.AvroRuntimeException(Throwable);2;1;1;0;0
443;org.apache.avro.io.Decoder.skipBytes();31;4;22;0;0
444;org.apache.avro.ipc.stats.Histogram.Histogram(Segmenter);3;1;1;1;1
445;org.apache.avro.Protocol.Message.getName();351;10;65;0;0
446;org.apache.avro.generic.GenericData.isRecord(Object);13;3;10;0;0
447;org.apache.avro.generic.GenericData.isString(Object);24;3;20;0;0
448;org.apache.avro.tool.Util.fileOrStdin(String, InputStream);28;5;11;0;0
449;org.apache.avro.reflect.ReflectDatumReader.readString(Object, Decoder);6;3;1;2;1
450;org.apache.avro.Schema.EnumSchema.EnumSchema(Name, String, LockableArrayList);42;4;20;2;3
451;org.apache.avro.generic.GenericDatumWriter.GenericDatumWriter(GenericData);6;2;3;0;0
452;org.apache.avro.io.BinaryDecoder.readString(Utf8);86;6;27;4;5
453;org.apache.avro.Schema.getTypes();191;5;92;1;1
454;org.apache.avro.io.JsonDecoder.readFixed(byte[], int, int);14;0;0;5;4
455;org.apache.avro.ipc.SocketServer.getPort();1;0;0;0;0
456;org.apache.avro.io.parsing.Parser.Parser(Symbol, ActionHandler);11;7;3;0;0
457;org.apache.avro.io.BinaryDecoder.BufferAccessor.detach();2;1;1;0;0
458;org.apache.avro.io.Decoder.readBytes(ByteBuffer);10;4;3;0;0
459;org.apache.avro.io.Encoder.writeNull();69;5;36;0;0
460;org.apache.avro.specific.SpecificCompiler.unbox(Schema);36;3;23;3;5
461;org.apache.avro.io.BinaryData.compare(Decoders, Schema);38;6;3;3;18
462;org.apache.avro.Schema.fieldsToJson(Names, JsonGenerator);14;4;4;1;1
463;org.apache.avro.io.BlockingBinaryEncoder.ensure(int);22;2;9;3;2
464;org.apache.avro.Schema.FixedSchema.equals(Object);3;0;0;2;1
465;org.apache.avro.specific.SpecificCompiler.header(StringBuilder, String);36;3;26;1;1
466;org.apache.avro.ipc.ByteBufferInputStream.ByteBufferInputStream(List);233;10;59;0;0
467;org.apache.avro.Schema.parse(String);86;6;15;4;21
468;org.apache.avro.Schema.Field.name();187;5;72;0;0
469;org.apache.avro.file.DataFileStream.getMetaLong(String);3;0;0;2;1
470;org.apache.avro.ipc.stats.Histogram.entries();8;2;5;0;0
471;org.apache.avro.specific.SpecificData.compare(Object, Object, Schema);29;2;3;4;11
472;org.apache.avro.Schema.LockableArrayList.remove(int);2;0;0;1;1
473;org.apache.avro.io.JsonEncoder.init(OutputStream);7;0;0;4;2
474;org.apache.avro.Schema.setFields(List);55;4;31;1;1
475;org.apache.avro.ipc.HttpServer.close();236;11;59;0;0
476;org.apache.avro.specific.SpecificCompiler.SpecificCompiler(Schema);80;6;46;3;6
477;org.apache.avro.Schema.EnumSchema.toJson(Names, JsonGenerator);24;0;0;5;9
478;org.apache.avro.file.DataFileWriter.BufferedFileOutputStream.BufferedFileOutputStream(OutputStream);10;3;5;1;1
479;org.apache.avro.generic.GenericData.Array.getSchema();26;5;12;0;0
480;org.apache.avro.io.JsonEncoder.writeDouble(double);7;0;0;3;3
481;org.apache.avro.Schema.Field.defaultValue();64;5;35;0;0
482;org.apache.avro.io.BinaryEncoder.ByteWriter.write(ByteBuffer);2;1;1;0;0
483;org.apache.avro.file.DataFileWriter.writeRawBlock(DataBlock);37;6;11;1;3
484;org.apache.avro.specific.SpecificCompiler.type(Schema);26;3;15;2;6
485;org.apache.avro.generic.GenericRecord.get(String);1;0;0;0;0
486;org.apache.avro.reflect.ReflectDatumWriter.writeString(Object, Encoder);5;2;1;1;2
487;org.apache.avro.ipc.stats.Histogram.SegmenterException.SegmenterException(String);2;1;1;0;0
488;org.apache.avro.Protocol.parse(File);363;10;69;0;0
489;org.apache.avro.ipc.Requestor.readHandshake(Decoder);218;10;26;9;39
490;org.apache.avro.specific.SpecificResponder.getDatumReader(Schema);8;3;3;2;1
491;org.apache.avro.io.BinaryEncoder.encodeFloat(float, byte[], int);7;4;2;0;0
492;org.apache.avro.file.SeekableFileInput.SeekableFileInput(File);91;8;29;0;0
493;org.apache.avro.io.Perf.ReadLongSmall.readInternal(Decoder);2;0;0;1;1
494;org.apache.avro.reflect.ReflectDatumWriter.write(Schema, Object, Encoder);60;0;0;5;27
495;org.apache.avro.specific.SpecificRecordBase.getSchema();30;5;12;0;0
496;org.apache.avro.io.Perf.newRandom();14;2;8;0;0
497;org.apache.avro.file.DataFileReader.DataFileReader(SeekableInput, DatumReader);104;4;6;6;29
498;org.apache.avro.io.parsing.ResolvingGrammarGenerator.LitS2.LitS2(Schema, Schema);60;5;23;1;1
499;org.apache.avro.io.ValidatingEncoder.writeLong(long);8;0;0;3;3
500;org.apache.avro.io.ResolvingDecoder.readDouble();70;4;31;3;5
501;org.apache.avro.io.ValidatingEncoder.writeBytes(ByteBuffer);8;0;0;3;3
502;org.apache.avro.Schema.createUnion(List);72;5;29;2;5
503;org.apache.avro.io.parsing.Symbol.error(String);60;5;22;1;1
504;org.apache.avro.Schema.Field.Order.valueOf();40;4;20;0;0
505;org.apache.avro.file.Codec.decompress(ByteBuffer);49;6;17;0;0
506;org.apache.avro.io.parsing.Symbol.EnumLabelsAction.EnumLabelsAction(List);4;0;0;3;1
507;org.apache.avro.io.BinaryDecoder.configureSource(int, ByteSource);10;3;2;2;2
508;org.apache.avro.reflect.ReflectResponder.ReflectResponder(Protocol, Object);26;0;0;11;9
509;org.apache.avro.io.ValidatingEncoder.init(OutputStream);4;0;0;1;3
510;org.apache.avro.specific.SpecificRequestor.invoke(Object, Method, Object[]);219;0;0;10;59
511;org.apache.avro.ipc.stats.FloatHistogram.FloatHistogram(Segmenter);4;1;1;2;1
512;org.apache.avro.io.JsonEncoder.writeString(Utf8);9;0;0;3;3
513;org.apache.avro.reflect.ReflectRequestor.getDatumWriter(Schema);8;0;0;5;2
514;org.apache.avro.io.parsing.Symbol.Sequence.Sequence(Symbol[]);9;3;3;1;1
515;org.apache.avro.io.Decoder.readInt();45;4;29;0;0
516;org.apache.avro.io.ValidatingDecoder.skipMap();12;0;0;3;4
517;org.apache.avro.file.DeflateCodec.getName();2;1;1;0;0
518;org.apache.avro.Schema.createEnum(String, String, String, List);40;5;14;3;3
519;org.apache.avro.file.DataFileReader.SeekableInputStream.available();3;0;0;1;2
520;org.apache.avro.io.BinaryDecoder.ByteSource.read(byte[], int, int);6;0;0;1;5
521;org.apache.avro.io.parsing.Symbol.root(Symbol...);68;7;20;4;2
522;org.apache.avro.Schema.toJson(Names, JsonGenerator);38;5;10;1;2
523;org.apache.avro.io.BinaryDecoder.ByteSource.detach();5;3;1;1;1
524;org.apache.avro.ipc.HttpTransceiver.getLength(List);217;11;59;0;0
525;org.apache.avro.generic.GenericDatumReader.readInt(Object, Schema, Decoder);70;4;35;1;1
526;org.apache.avro.io.Encoder.writeBytes(byte[], int, int);9;4;3;0;0
527;org.apache.avro.reflect.ReflectDatumWriter.ReflectDatumWriter(Schema, ReflectData);26;6;11;3;2
528;org.apache.avro.GenerateBlockingData.writeBlock(Encoder, FileOutputStream);55;6;21;1;1
529;org.apache.avro.specific.SpecificDatumWriter.SpecificDatumWriter(SpecificData);3;1;1;1;1
530;org.apache.avro.ipc.RPCContext.setResponse(Object);233;10;59;0;0
531;org.apache.avro.generic.IndexedRecord.put(int, Object);4;1;3;0;0
532;org.apache.avro.ipc.ByteBufferOutputStream.writeBuffer(ByteBuffer);4;2;1;1;1
533;org.apache.avro.io.BinaryDecoder.getBufferAccessor();11;6;3;1;1
534;org.apache.avro.io.DirectBinaryDecoder.ByteReader.read(ByteBuffer, int);7;3;2;0;0
535;org.apache.avro.io.BinaryDecoder.InputStreamByteSource.skipSourceBytes(long);1;0;0;0;0
536;org.apache.avro.specific.SpecificDatumReader.SpecificDatumReader();1;0;0;0;0
537;org.apache.avro.generic.GenericDatumWriter.getArraySize(Object);59;6;19;1;1
538;org.apache.avro.file.SeekableFileInput.seek(long);1;0;0;0;0
539;org.apache.avro.io.JsonDecoder.skipBytes();11;0;0;4;4
540;org.apache.avro.io.JsonDecoder.doSkipFixed(int);16;5;3;2;3
541;org.apache.avro.io.parsing.ResolvingGrammarGenerator.encode(Encoder, Schema, JsonNode);36;3;2;2;27
542;org.apache.avro.io.parsing.Symbol.ResolvingAction.ResolvingAction(Symbol, Symbol);4;2;2;0;0
543;org.apache.avro.file.LengthLimitedInputStream.available();2;0;0;1;1
544;org.apache.avro.Schema.createFixed(String, String, String, int);44;5;15;4;2
545;org.apache.avro.generic.GenericData.Record.get(String);4;0;0;2;2
546;org.apache.avro.Schema.Field.Order.Order();1;0;0;0;0
547;org.apache.avro.io.ResolvingDecoder.skipAction();20;0;0;6;7
548;org.apache.avro.io.parsing.Symbol.Root.makeProduction(Symbol[]);5;2;1;2;1
549;org.apache.avro.Schema.LockableArrayList.lock();15;3;9;0;0
550;org.apache.avro.RandomData.iterator.(Anon_1).next();20;0;0;3;13
551;org.apache.avro.ipc.stats.StatsServlet.formatMillis(float);12;3;8;0;0
552;org.apache.avro.AvroRuntimeException.AvroRuntimeException(String, Throwable);2;1;1;0;0
553;org.apache.avro.io.BinaryEncoder.writeInt(int);2;0;0;1;1
554;org.apache.avro.io.parsing.Symbol.ErrorAction.ErrorAction(String);2;1;1;0;0
555;org.apache.avro.Schema.Names.add(Schema);41;4;19;3;2
556;org.apache.avro.generic.GenericResponder.GenericResponder(Protocol);26;1;2;10;9
557;org.apache.avro.Protocol.parseTypes(JsonNode);55;5;5;4;21
558;org.apache.avro.RPCMetaTestPlugin.RPCMetaTestPlugin(String);2;0;0;1;1
559;org.apache.avro.generic.GenericDatumWriter.getMapEntries(Object);59;6;19;0;0
560;org.apache.avro.generic.GenericDatumReader.readString(Object, Decoder);71;5;32;1;1
561;org.apache.avro.Schema.Field.hashCode();3;0;0;2;1
562;org.apache.avro.io.ParsingEncoder.setItemCount(long);5;2;1;2;1
563;org.apache.avro.specific.SpecificResponder.writeResponse(Schema, Object, Encoder);8;0;0;4;2
564;org.apache.avro.tool.RpcReceiveTool.SinkResponder.respond.(Anon_1).run();1;0;0;0;0
565;org.apache.avro.file.DataFileWriter.setMetaInternal(String, String);27;5;10;0;0
566;org.apache.avro.Protocol.equals(Object);1;0;0;0;0
567;org.apache.avro.Schema.Names.space(String);47;4;22;0;0
568;org.apache.avro.io.BinaryEncoder.flush();2;1;1;0;0
569;org.apache.avro.io.parsing.ValidatingGrammarGenerator.generate(Schema);34;4;2;5;14
570;org.apache.avro.io.ValidatingEncoder.writeInt(int);8;0;0;3;3
571;org.apache.avro.specific.SpecificRequestor.getDatumWriter(Schema);11;3;3;3;2
572;org.apache.avro.RPCMetaTestPlugin.clientSendRequest(RPCContext);3;0;0;1;2
573;org.apache.avro.RPCMetaTestPlugin.serverConnecting(RPCContext);3;0;0;1;2
574;org.apache.avro.generic.GenericData.isArray(Object);13;3;10;0;0
575;org.apache.avro.io.BinaryDecoder.BinaryDecoder(InputStream);10;0;0;5;3
576;org.apache.avro.Schema.Schema(Type);18;2;12;0;0
577;org.apache.avro.tool.RpcReceiveTool.run(InputStream, PrintStream, PrintStream, List);265;0;0;11;58
578;org.apache.avro.ipc.Responder.respond(List);223;3;8;9;59
579;org.apache.avro.generic.GenericDatumWriter.writeMap(Schema, Object, Encoder);59;0;0;5;19
580;org.apache.avro.io.BinaryEncoder.writeBytes(byte[], int, int);2;0;0;1;1
581;org.apache.avro.io.ValidatingDecoder.readBytes(ByteBuffer);8;0;0;3;3
582;org.apache.avro.file.DeflateCodec.equals(Object);1;0;0;0;0
583;org.apache.avro.generic.GenericDatumReader.removeField(Object, String, int);2;0;0;1;1
584;org.apache.avro.reflect.ReflectRequestor.getClient(Class, ReflectRequestor);1;0;0;0;0
585;org.apache.avro.io.DecoderFactory.createBinaryDecoder(byte[], BinaryDecoder);26;4;7;5;3
586;org.apache.avro.generic.GenericDatumReader.readString(Object, Schema, Decoder);70;4;35;2;1
587;org.apache.avro.io.parsing.Symbol.Repeater.makeProduction(Symbol[]);3;2;1;0;0
588;org.apache.avro.io.Encoder.startItem();85;6;38;0;0
589;org.apache.avro.generic.GenericDatumReader.newArray(Object, int, Schema);70;5;32;1;1
590;org.apache.avro.io.parsing.ValidatingGrammarGenerator.LitS.LitS(Schema);24;4;13;0;0
591;org.apache.avro.ipc.SocketTransceiver.writeBuffers(List);214;11;59;1;1
592;org.apache.avro.Protocol.Message.Message(String, String, Schema, Schema, Schema);50;5;22;0;0
593;org.apache.avro.io.BinaryEncoder.encodeFloat(float, OutputStream);2;1;1;0;0
594;org.apache.avro.ipc.stats.StatsServlet.doGet(HttpServletRequest, HttpServletResponse);14;0;0;4;9
595;org.apache.avro.tool.GenAvroTool.run(InputStream, PrintStream, PrintStream, List);21;0;0;7;9
596;org.apache.avro.io.Perf.ReadDouble.genData(Encoder);6;0;0;1;5
597;org.apache.avro.ipc.stats.Histogram.TreeMapSegmenter.size();1;0;0;0;0
598;org.apache.avro.io.parsing.Symbol.Root.Root(Symbol...);6;1;1;3;2
599;org.apache.avro.file.SeekableFileInput.tell();1;0;0;0;0
600;org.apache.avro.reflect.ReflectDatumReader.ReflectDatumReader();1;0;0;0;0
601;org.apache.avro.io.ValidatingEncoder.writeMapStart();9;0;0;3;3
602;org.apache.avro.io.Decoder.readEnum();27;4;18;0;0
603;org.apache.avro.generic.GenericDatumWriter.getMapSize(Object);59;6;19;0;0
604;org.apache.avro.io.BinaryDecoder.ByteArrayByteSource.skipSourceBytes(long);5;0;0;2;3
605;org.apache.avro.specific.SpecificDatumReader.SpecificDatumReader(Class);22;0;0;5;11
606;org.apache.avro.io.Decoder.arrayNext();9;4;3;0;0
607;org.apache.avro.io.JsonDecoder.readFloat();11;0;0;4;4
608;org.apache.avro.reflect.ReflectData.getMessage(Method, Protocol, Map);55;5;3;5;19
609;org.apache.avro.AvroTestUtil.tempFile(String);1;0;0;0;0
610;org.apache.avro.io.BinaryEncoder.writeBytes(ByteBuffer);2;0;0;1;1
611;org.apache.avro.generic.GenericDatumReader.readEnum(Schema, Decoder);70;4;33;2;3
612;org.apache.avro.io.ValidatingEncoder.writeArrayStart();9;0;0;3;3
613;org.apache.avro.Schema.getField(String);63;5;23;1;1
614;org.apache.avro.ipc.DatagramTransceiver.DatagramTransceiver(DatagramChannel);2;1;1;0;0
615;org.apache.avro.io.JsonDecoder.readByteArray();16;5;5;0;0
616;org.apache.avro.io.BlockingBinaryEncoder.write(byte[], int, int);7;2;1;2;2
617;org.apache.avro.specific.SpecificResponder.respond(Message, Object);13;0;0;3;5
618;org.apache.avro.io.DirectBinaryDecoder.readDouble();2;0;0;1;1
619;org.apache.avro.ipc.RPCPlugin.serverReceiveRequest(RPCContext);208;10;59;0;0
620;org.apache.avro.ipc.Transceiver.getRemoteName();86;9;30;0;0
621;org.apache.avro.ipc.RPCContext.setResponseHandshakeMeta(Map);138;10;39;0;0
622;org.apache.avro.ipc.SocketTransceiver.readBuffers();214;11;59;0;0
623;org.apache.avro.io.JsonEncoder.writeIndex(int);11;0;0;3;5
624;org.apache.avro.generic.GenericResponder.writeError(Schema, AvroRemoteException, Encoder);67;0;0;6;27
625;org.apache.avro.io.JsonDecoder.JsonDecoder(Symbol, String);14;7;2;3;2
626;org.apache.avro.ipc.RPCPlugin.clientStartConnect(RPCContext);85;9;30;0;0
627;org.apache.avro.io.BinaryDecoder.arrayNext();8;0;0;5;3
628;org.apache.avro.ipc.Server.getPort();1;0;0;0;0
629;org.apache.avro.ipc.stats.Histogram.add(T);3;1;1;1;1
630;org.apache.avro.io.Encoder.writeInt(int);71;5;37;0;0
631;org.apache.avro.io.BinaryDecoder.skipString();9;0;0;4;3
632;org.apache.avro.io.Encoder.writeBytes(ByteBuffer);9;4;3;0;0
633;org.apache.avro.generic.GenericData.Array.size();2;1;1;0;0
634;org.apache.avro.generic.GenericRequestor.readError(Schema, Decoder);136;0;0;9;39
635;org.apache.avro.io.ValidatingDecoder.skipFixed();9;0;0;3;3
636;org.apache.avro.io.BinaryEncoder.writeString(Utf8);4;0;0;1;3
637;org.apache.avro.ipc.DatagramTransceiver.readBuffers();1;0;0;0;0
638;org.apache.avro.specific.ProtocolTask.doCompile(File, File);45;1;1;5;31
639;org.apache.avro.specific.SpecificFixed.SpecificFixed();2;0;0;1;1
640;org.apache.avro.ipc.HttpTransceiver.writeBuffers(List, OutputStream);214;11;59;1;1
641;org.apache.avro.specific.SpecificCompiler.makePath(String, String);36;3;27;0;0
642;org.apache.avro.specific.SpecificRequestor.getClient(Class, Transceiver);6;0;0;3;2
643;org.apache.avro.io.parsing.Symbol.Repeater.Repeater(Symbol, Symbol...);10;3;3;1;2
644;org.apache.avro.tool.RpcSendTool.run(InputStream, PrintStream, PrintStream, List);331;0;0;9;76
645;org.apache.avro.file.DeflateCodec.DeflateCodec(int);2;1;1;0;0
646;org.apache.avro.generic.GenericDatumWriter.error(Schema, Object);59;5;25;2;1
647;org.apache.avro.Schema.ArraySchema.toJson(Names, JsonGenerator);4;0;0;2;2
648;org.apache.avro.ipc.Requestor.request(String, Object);346;10;24;9;59
649;org.apache.avro.io.parsing.Symbol.EnumLabelsAction.getLabel(int);9;4;3;0;0
650;org.apache.avro.ipc.ByteBufferOutputStream.getBufferList();233;10;59;1;1
651;org.apache.avro.file.Codec.compress(ByteBuffer);37;6;13;0;0
652;org.apache.avro.io.Decoder.skipMap();35;4;23;0;0
653;org.apache.avro.tool.DataFileGetSchemaTool.run(InputStream, PrintStream, PrintStream, List);98;0;0;8;29
654;org.apache.avro.io.BinaryDecoder.readLong();14;3;3;3;3
655;org.apache.avro.ipc.stats.FloatHistogram.getMean();7;2;4;0;0
656;org.apache.avro.generic.GenericData.isEnum(Object);13;3;10;0;0
657;org.apache.avro.io.BinaryDecoder.ByteArrayByteSource.compactAndFill(byte[], int, int, int);2;0;0;1;1
658;org.apache.avro.Schema.NamedSchema.writeName(Names, JsonGenerator);33;6;9;2;2
659;org.apache.avro.ipc.Requestor.setRemote(HandshakeResponse);138;10;39;1;1
660;org.apache.avro.io.BinaryDecoder.InputStreamByteSource.tryReadRaw(byte[], int, int);1;0;0;0;0
661;org.apache.avro.file.DeflateCodec.Option.createInstance();2;0;0;1;1
662;org.apache.avro.Schema.LongSchema.LongSchema();11;2;8;1;1
663;org.apache.avro.io.BlockingBinaryEncoder.EncoderBuffer.buffer();10;3;7;0;0
664;org.apache.avro.reflect.ReflectResponder.ReflectResponder(Class, Object);68;0;0;8;22
665;org.apache.avro.Schema.BytesSchema.BytesSchema();11;2;8;1;1
666;org.apache.avro.io.JsonDecoder.readIndex();15;0;0;3;7
667;org.apache.avro.generic.GenericData.compare(Object, Object, Schema);28;2;3;3;12
668;org.apache.avro.ipc.stats.StatsPluginOverhead.IdentityResponder.IdentityResponder(Protocol);32;3;3;11;9
669;org.apache.avro.io.ValidatingEncoder.setItemCount(long);5;0;0;3;2
670;org.apache.avro.reflect.ReflectData.getRecordSchema(Object);19;0;0;5;11
671;org.apache.avro.SchemaParseException.SchemaParseException(String);51;3;27;1;1
672;org.apache.avro.generic.GenericDatumWriter.writeRecord(Schema, Object, Encoder);59;0;0;5;21
673;org.apache.avro.io.ValidatingEncoder.startItem();3;0;0;1;2
674;org.apache.avro.io.parsing.Symbol.Symbol(Kind, Symbol[]);9;4;4;0;0
675;org.apache.avro.ipc.Requestor.writeRequest(Schema, Object, Encoder);218;10;59;0;0
676;org.apache.avro.generic.GenericData.instanceOf(Schema, Object);15;2;1;2;11
677;org.apache.avro.io.Decoder.readArrayStart();8;4;3;0;0
678;org.apache.avro.Schema.LockableArrayList.addAll(int, Collection);2;0;0;1;1
679;org.apache.avro.io.DirectBinaryDecoder.readLong();1;0;0;0;0
680;org.apache.avro.specific.SpecificCompiler.mangle(String);36;3;28;0;0
681;org.apache.avro.io.DecoderFactory.createBinaryDecoder(byte[], int, int, BinaryDecoder);31;6;6;4;3
682;org.apache.avro.generic.GenericArray.clear();2;1;1;0;0
683;org.apache.avro.io.BinaryDecoder.BufferAccessor.setBuf(byte[], int, int);2;1;1;0;0
684;org.apache.avro.specific.SpecificRequestor.writeRequest(Schema, Object, Encoder);11;0;0;4;4
685;org.apache.avro.generic.GenericData.Record.put(String, Object);4;0;0;2;2
686;org.apache.avro.generic.GenericData.validate(Schema, Object);16;1;1;2;13
687;org.apache.avro.reflect.ReflectDatumWriter.getArrayElements.(Anon_1).next();1;0;0;0;0
688;org.apache.avro.io.parsing.Symbol.ImplicitAction.ImplicitAction(boolean);4;1;1;2;1
689;org.apache.avro.file.DataFileReader.SeekableInputStream.length();3;1;1;1;1
690;org.apache.avro.io.parsing.Symbol.Alternative.getSymbol(int);39;7;13;0;0
691;org.apache.avro.io.ValidatingEncoder.isTopEmpty();1;0;0;0;0
692;org.apache.avro.Schema.LockableArrayList.retainAll(Collection);2;0;0;1;1
693;org.apache.avro.specific.SpecificCompiler.params(Schema);28;3;13;3;5
694;org.apache.avro.io.BlockingBinaryEncoder.startItem();4;0;0;2;2
695;org.apache.avro.ipc.LocalTransceiver.transceive(List);209;0;0;10;59
696;org.apache.avro.generic.GenericData.Record.hashCode();25;0;0;4;11
697;org.apache.avro.io.parsing.Symbol.SkipAction.flatten(Map, Map);3;0;0;1;2
698;org.apache.avro.io.BinaryEncoder.writeLong(long);3;1;1;1;1
699;org.apache.avro.io.JsonDecoder.readDouble();11;0;0;4;4
700;org.apache.avro.Schema.FixedSchema.hashCode();5;0;0;2;3
701;org.apache.avro.generic.GenericDatumWriter.writeBytes(Object, Encoder);59;5;26;1;1
702;org.apache.avro.ipc.stats.Histogram.TreeMapSegmenter.rangeAsString(T, T);2;1;1;0;0
703;org.apache.avro.Protocol.getMD5();86;7;26;8;9
704;org.apache.avro.reflect.ReflectRequestor.getClient(Class, Transceiver, ReflectData);61;2;1;6;21
705;org.apache.avro.io.parsing.ValidatingGrammarGenerator.generate(Schema, Map);67;6;20;3;13
706;org.apache.avro.file.DataFileWriter.setMetaInternal(String, byte[]);5;2;1;2;1
707;org.apache.avro.io.Decoder.readNull();22;4;14;0;0
708;org.apache.avro.file.DataFileStream.DataBlock.DataBlock(long, int);17;6;5;0;0
709;org.apache.avro.io.BinaryDecoder.ByteSource.attach(int, BinaryDecoder);5;3;1;1;1
710;org.apache.avro.ipc.Requestor.Requestor(Protocol, Transceiver);3;1;2;0;0
711;org.apache.avro.io.parsing.Symbol.seq(Symbol...);61;5;22;2;1
712;org.apache.avro.io.JsonEncoder.writeMapEnd();8;0;0;3;3
713;org.apache.avro.specific.SpecificResponder.SpecificResponder(Class, Object);28;0;0;12;9
714;org.apache.avro.io.ValidatingDecoder.readFloat();70;4;34;3;3
715;org.apache.avro.io.BinaryEncoder.writeIndex(int);2;0;0;1;1
716;org.apache.avro.specific.ProtocolTask.execute();46;0;0;7;31
717;org.apache.avro.Schema.Field.schema();217;5;95;0;0
718;org.apache.avro.specific.SpecificCompiler.compileInterface(Protocol);39;3;7;3;16
719;org.apache.avro.generic.GenericData.Fixed.compareTo(Fixed);2;0;0;1;1
720;org.apache.avro.io.JsonEncoder.JsonEncoder(Schema, OutputStream);11;0;0;7;2
721;org.apache.avro.specific.SpecificResponder.readRequest(Schema, Decoder);8;0;0;3;4
722;org.apache.avro.specific.SpecificCompiler.SpecificCompilerTool.run(InputStream, PrintStream, PrintStream, List);85;0;0;6;52
723;org.apache.avro.Schema.LockableArrayList.removeAll(Collection);2;0;0;1;1
724;org.apache.avro.io.BlockingBinaryEncoder.EncoderBuffer.length();10;3;7;0;0
725;org.apache.avro.io.JsonDecoder.skipArray();11;0;0;4;4
726;org.apache.avro.io.parsing.Symbol.flattenedSize(Symbol[], int);10;3;4;1;1
727;org.apache.avro.io.parsing.Symbol.Symbol(Kind);6;1;4;1;1
728;org.apache.avro.Schema.getEnumSymbols();95;6;43;1;1
729;org.apache.avro.util.Utf8.Utf8(byte[]);1;0;0;0;0
730;org.apache.avro.RandomData.RandomData(Schema, int);69;6;27;1;1
731;org.apache.avro.generic.GenericData.Record.toString();11;0;0;4;6
732;org.apache.avro.io.DirectBinaryDecoder.readFloat();2;0;0;1;1
733;org.apache.avro.io.Encoder.writeArrayStart();76;6;32;0;0
734;org.apache.avro.Schema.getFields();166;5;89;1;1
735;org.apache.avro.io.ValidatingEncoder.writeBoolean(boolean);8;0;0;3;3
736;org.apache.avro.Schema.Field.equals(Object);2;0;0;1;1
737;org.apache.avro.io.BinaryDecoder.ByteSource.ByteSource();3;1;2;0;0
738;org.apache.avro.io.BlockingBinaryEncoder.BlockedValue.BlockedValue();2;1;1;0;0
739;org.apache.avro.specific.SpecificDatumReader.setField(Object, String, int, Object);2;0;0;1;1
740;org.apache.avro.io.ValidatingEncoder.writeString(Utf8);8;0;0;3;3
741;org.apache.avro.file.DataFileReader.pastSync(long);3;0;0;2;1
742;org.apache.avro.file.DataFileStream.initialize(InputStream);90;2;2;5;29
743;org.apache.avro.RPCMetaTestPlugin.clientReceiveResponse(RPCContext);3;0;0;1;2
744;org.apache.avro.generic.GenericData.Array.equals(Object);28;0;0;5;12
745;org.apache.avro.file.DataFileWriter.NonCopyingByteArrayOutputStream.NonCopyingByteArrayOutputStream(int);13;3;6;0;0
746;org.apache.avro.reflect.ReflectDatumReader.addToArray(Object, long, Object);1;0;0;0;0
747;org.apache.avro.Protocol.createMessage(String, String, Schema, Schema, Schema);48;6;19;1;1
748;org.apache.avro.io.ValidatingEncoder.writeBytes(byte[], int, int);8;0;0;3;3
749;org.apache.avro.file.DeflateCodec.decompress(ByteBuffer);3;0;0;1;2
750;org.apache.avro.generic.GenericResponder.readRequest(Schema, Decoder);135;0;0;9;39
751;org.apache.avro.io.BinaryDecoder.InputStreamByteSource.InputStreamByteSource(InputStream);8;4;2;1;1
752;org.apache.avro.ipc.HttpServer.getPort();337;10;76;0;0
753;org.apache.avro.io.ValidatingEncoder.writeFixed(byte[], int, int);9;0;0;3;4
754;org.apache.avro.ipc.HttpTransceiver.getRemoteName();1;0;0;0;0
755;org.apache.avro.Schema.RecordSchema.fieldsToJson(Names, JsonGenerator);31;6;9;2;5
756;org.apache.avro.generic.GenericDatumWriter.write(D, Encoder);255;9;55;5;27
757;org.apache.avro.io.BlockingBinaryEncoder.writeArrayStart();5;0;0;2;2
758;org.apache.avro.io.Perf.ReadFloat.genData(Encoder);6;0;0;1;5
759;org.apache.avro.io.Perf.ReadInt.readInternal(Decoder);2;0;0;1;1
760;org.apache.avro.file.DataFileWriter.create(Schema, File);63;6;28;0;0
761;org.apache.avro.Schema.getFullName();37;6;9;1;1
762;org.apache.avro.io.ResolvingDecoder.ResolvingDecoder(Schema, Schema, Decoder);73;0;0;8;21
763;org.apache.avro.io.parsing.ResolvingGrammarGenerator.LitS2.hashCode();4;0;0;2;2
764;org.apache.avro.io.JsonEncoder.writeLong(long);7;0;0;3;3
765;org.apache.avro.io.ParsingEncoder.depth();12;4;3;0;0
766;org.apache.avro.io.BinaryDecoder.ByteSource.skipSourceBytes(long);2;1;1;0;0
767;org.apache.avro.Protocol.parseMessages(JsonNode);55;2;4;5;22
768;org.apache.avro.ipc.stats.Histogram.TreeMapSegmenter.getBuckets.(Anon_1).hasNext();1;0;0;0;0
769;org.apache.avro.io.BinaryData.Decoders.set(byte[], int, int, byte[], int, int);38;5;18;4;3
770;org.apache.avro.io.JsonDecoder.doArrayNext();13;3;2;3;3
771;org.apache.avro.generic.GenericDatumReader.getField(Object, String, int);70;5;31;1;1
772;org.apache.avro.io.BinaryEncoder.encodeDouble(double, OutputStream);2;1;1;0;0
773;org.apache.avro.specific.SpecificCompiler.SpecificCompiler(Protocol);43;5;25;3;6
774;org.apache.avro.Schema.Names.space();43;4;22;0;0
775;org.apache.avro.ipc.stats.FakeTicks.passTime(long);1;0;0;0;0
776;org.apache.avro.Schema.LockableArrayList.add(E);42;4;23;1;1
777;org.apache.avro.Schema.UnionSchema.UnionSchema(LockableArrayList);42;4;21;1;5
778;org.apache.avro.ipc.Responder.writeError(Schema, AvroRemoteException, Encoder);208;10;59;0;0
779;org.apache.avro.io.BinaryEncoder.SimpleByteWriter.write(ByteBuffer);2;0;0;1;1
780;org.apache.avro.io.ValidatingDecoder.readFixed(byte[], int, int);10;0;0;4;3
781;org.apache.avro.specific.SpecificCompiler.compileProtocol(File, File);87;7;21;4;31
782;org.apache.avro.Protocol.parseMessage(String, JsonNode);50;1;1;4;22
783;org.apache.avro.file.DataFileWriter.NonCopyingByteArrayOutputStream.getByteArrayAsByteBuffer();9;2;5;0;0
784;org.apache.avro.file.DataFileReader.blockFinished();4;0;0;2;2
785;org.apache.avro.util.Utf8.getBytes();25;5;8;0;0
786;org.apache.avro.io.JsonDecoder.skipFixed();14;0;0;4;6
787;org.apache.avro.ipc.AvroRemoteException.AvroRemoteException(Throwable);1;0;0;0;0
788;org.apache.avro.Schema.Name.hashCode();4;2;2;0;0
789;org.apache.avro.io.ValidatingDecoder.readLong();8;0;0;3;3
790;org.apache.avro.file.SeekableInput.seek(long);5;2;2;0;0
791;org.apache.avro.io.Encoder.writeMapStart();89;6;37;0;0
792;org.apache.avro.Schema.LockableArrayList.LockableArrayList(List);14;4;7;0;0
793;org.apache.avro.io.Encoder.writeLong(long);126;6;46;0;0
794;org.apache.avro.ipc.ByteBufferOutputStream.ByteBufferOutputStream();233;10;59;1;1
795;org.apache.avro.generic.GenericArray.peek();2;1;1;0;0
796;org.apache.avro.generic.GenericDatumReader.readRecord(Object, Schema, ResolvingDecoder);70;0;0;4;31
797;org.apache.avro.reflect.ReflectData.getProtocol(Class);77;5;6;5;21
798;org.apache.avro.ipc.RPCPlugin.serverSendResponse(RPCContext);208;10;59;0;0
799;org.apache.avro.Schema.getFixedSize();117;5;78;1;1
800;org.apache.avro.io.ResolvingDecoder.ResolvingDecoder(Object, Decoder);134;9;38;4;1
801;org.apache.avro.io.ValidatingDecoder.arrayNext();70;5;29;3;3
802;org.apache.avro.ipc.AvroRemoteException.getValue();67;7;27;0;0
803;org.apache.avro.io.DecoderFactory.configureDecoderBufferSize(int);1;0;0;0;0
804;org.apache.avro.io.parsing.SkipParser.SkipParser(Symbol, ActionHandler, SkipHandler);3;1;1;1;1
805;org.apache.avro.io.JsonDecoder.JsonDecoder(Symbol, InputStream);14;7;2;3;2
806;org.apache.avro.ipc.DatagramTransceiver.writeBuffers(List);1;0;0;0;0
807;org.apache.avro.io.Perf.ReadLong.genData(Encoder);6;0;0;1;5
808;org.apache.avro.io.JsonDecoder.readMapStart();12;0;0;4;4
809;org.apache.avro.io.Perf.ReadFloat.readInternal(Decoder);2;0;0;1;1
810;org.apache.avro.Schema.toString(boolean);130;9;33;2;2
811;org.apache.avro.ipc.ByteBufferInputStream.read();2;0;0;1;1
812;org.apache.avro.io.Perf.ReadLongSmall.ReadLongSmall(ReadInt);9;3;6;0;0
813;org.apache.avro.RPCMetaTestPlugin.checkRPCMetaMap(Map);5;2;2;0;0
814;org.apache.avro.generic.GenericDatumReader.createEnum(String, Schema);5;3;2;0;0
815;org.apache.avro.io.JsonEncoder.writeFloat(float);7;0;0;3;3
816;org.apache.avro.ipc.stats.Histogram.getHistogram();1;0;0;0;0
817;org.apache.avro.ipc.Responder.respond(Message, Object);208;10;59;0;0
818;org.apache.avro.ipc.ByteBufferInputStream.getBuffer();4;1;3;0;0
819;org.apache.avro.reflect.ReflectRequestor.ReflectRequestor(Class, Transceiver);60;0;0;6;21
820;org.apache.avro.io.ValidatingDecoder.skipString();8;0;0;3;3
821;org.apache.avro.reflect.ReflectData.isBytes(Object);1;0;0;0;0
822;org.apache.avro.tool.DataFileReadTool.run(InputStream, PrintStream, PrintStream, List);112;0;0;8;30
823;org.apache.avro.io.ParsingDecoder.ParsingDecoder(Symbol);9;3;3;2;1
824;org.apache.avro.reflect.ReflectData.getClassProp(Schema, String);19;4;6;1;1
825;org.apache.avro.io.BinaryDecoder.doReadItemCount();11;1;4;4;3
826;org.apache.avro.ipc.stats.Stopwatch.SystemTicks.ticks();1;0;0;0;0
827;org.apache.avro.generic.GenericDatumReader.readBytes(Object, Decoder);70;4;35;1;1
828;org.apache.avro.Protocol.getDoc();28;4;15;0;0
829;org.apache.avro.Schema.getType();228;5;113;0;0
830;org.apache.avro.generic.GenericDatumReader.GenericDatumReader();128;8;30;0;0
831;org.apache.avro.specific.SpecificCompiler.compile(Schema);39;3;9;2;19
832;org.apache.avro.file.DataFileReader.SeekableInputStream.seek(long);4;2;1;1;1
833;org.apache.avro.Schema.Name.toString();4;3;1;0;0
834;org.apache.avro.io.ResolvingDecoder.readIndex();70;4;33;3;4
835;org.apache.avro.io.JsonEncoder.startItem();9;0;0;3;3
836;org.apache.avro.io.ValidatingDecoder.ValidatingDecoder(Symbol, Decoder);33;7;14;3;1
837;org.apache.avro.io.ValidatingDecoder.skipBytes();8;0;0;3;3
838;org.apache.avro.io.parsing.Symbol.UnionAdjustAction.flatten(Map, Map);3;0;0;1;2
839;org.apache.avro.io.BinaryDecoder.readFloat();6;0;0;3;3
840;org.apache.avro.reflect.ReflectData.setElement(Schema, Type);40;5;17;2;1
841;org.apache.avro.io.parsing.SkipParser.skipRepeater();14;4;3;2;3
842;org.apache.avro.specific.SpecificCompiler.doc(StringBuilder, int, String);36;3;26;1;2
843;org.apache.avro.generic.GenericDatumWriter.GenericDatumWriter(Schema, GenericData);25;6;11;1;2
844;org.apache.avro.io.BlockingBinaryEncoder.writeBytes(byte[], int, int);12;2;2;3;4
845;org.apache.avro.file.DataFileReader.SeekableInputStream.read();3;0;0;2;1
846;org.apache.avro.io.JsonDecoder.readBoolean();11;0;0;4;4
847;org.apache.avro.io.JsonDecoder.doMapNext();13;2;2;4;3
848;org.apache.avro.ipc.SocketServer.Connection.run();214;0;0;10;59
849;org.apache.avro.Schema.getProp(String);18;4;6;0;0
850;org.apache.avro.file.DataFileReader.SeekableInputStream.tell();11;4;3;1;1
851;org.apache.avro.io.BinaryDecoder.skipMap();11;0;0;5;3
852;org.apache.avro.ipc.stats.Stopwatch.Ticks.ticks();4;1;3;0;0
853;org.apache.avro.Schema.LockableArrayList.ensureUnlocked();9;1;8;0;0
854;org.apache.avro.io.BinaryDecoder.BufferAccessor.getBuf();34;4;20;0;0
855;org.apache.avro.file.DataFileStream.DataFileStream(DatumReader);89;7;29;0;0
856;org.apache.avro.io.Encoder.writeBytes(byte[]);4;1;2;1;1
857;org.apache.avro.file.DataFileWriter.appendTo(File);102;0;0;7;28
858;org.apache.avro.io.Perf.ReadLong.readInternal(Decoder);2;0;0;1;1
859;org.apache.avro.io.parsing.SkipParser.SkipHandler.skipAction();5;3;2;0;0
860;org.apache.avro.file.DataFileWriter.BufferedFileOutputStream.tell();10;3;6;0;0
861;org.apache.avro.RPCMetaTestPlugin.clientStartConnect(RPCContext);2;0;0;1;1
862;org.apache.avro.io.Encoder.writeIndex(int);72;5;39;0;0
863;org.apache.avro.generic.GenericData.isBytes(Object);24;3;20;0;0
864;org.apache.avro.file.DataFileWriter.setSyncInterval(int);1;0;0;0;0
865;org.apache.avro.file.DataFileWriter.append(D);73;6;22;2;6
866;org.apache.avro.BarRecord.BarRecord(String);1;0;0;0;0
867;org.apache.avro.io.Encoder.writeBoolean(boolean);211;10;65;0;0
868;org.apache.avro.specific.SpecificData.getSchema(java.lang.reflect.Type);82;7;13;4;11
869;org.apache.avro.specific.SpecificData.createSchema(java.lang.reflect.Type, Map);41;5;9;3;11
870;org.apache.avro.generic.GenericData.Array.hashCode();25;0;0;4;11
871;org.apache.avro.ipc.stats.StatsPluginOverhead.main(String[]);236;0;0;11;59
872;org.apache.avro.Schema.getOptionalText(JsonNode, String);40;4;19;0;0
873;org.apache.avro.io.parsing.Parser.expandStack();3;1;2;0;0
874;org.apache.avro.io.Decoder.skipArray();35;4;23;0;0
875;org.apache.avro.generic.GenericDatumWriter.GenericDatumWriter(Schema);282;10;73;2;2
876;org.apache.avro.Protocol.parseDocNode(JsonNode);50;5;22;0;0
877;org.apache.avro.io.Perf.ReadBoolean.readInternal(Decoder);2;0;0;1;1
878;org.apache.avro.specific.ProtocolTask.addFileset(FileSet);1;0;0;0;0
879;org.apache.avro.ipc.DatagramServer.run();211;0;0;10;59
880;org.apache.avro.generic.GenericData.Fixed.Fixed(byte[]);2;0;0;1;1
881;org.apache.avro.generic.GenericDatumReader.read(D, Decoder);252;9;47;8;39
882;org.apache.avro.generic.GenericData.Fixed.equals(Object);2;0;0;1;1
883;org.apache.avro.file.DataFileWriter.setCodec(CodecFactory);28;5;8;2;4
884;org.apache.avro.io.parsing.Symbol.flatten(Map, Map);13;4;5;0;0
885;org.apache.avro.generic.GenericDatumWriter.getField(Object, String, int);59;6;21;1;1
886;org.apache.avro.reflect.ReflectDatumWriter.ReflectDatumWriter(Class);26;0;0;6;13
887;org.apache.avro.Schema.Field.Field(String, Schema, String, JsonNode, Order);41;4;20;0;0
888;org.apache.avro.SchemaParseException.SchemaParseException(Throwable);2;0;0;1;1
889;org.apache.avro.ipc.SocketTransceiver.SocketTransceiver(SocketAddress);1;0;0;0;0
890;org.apache.avro.tool.Main.main(String[]);7;0;0;2;4
891;org.apache.avro.generic.GenericDatumWriter.getArrayElements(Object);59;6;19;0;0
892;org.apache.avro.Schema.EnumSchema.hashCode();5;0;0;2;3
893;org.apache.avro.io.BinaryDecoder.InputStreamByteSource.readRaw(byte[], int, int);1;0;0;0;0
894;org.apache.avro.specific.SpecificRequestor.getClient(Class, Transceiver, SpecificData);6;2;1;2;2
895;org.apache.avro.io.BinaryDecoder.ByteArrayByteSource.attach(int, BinaryDecoder);2;0;0;1;1
896;org.apache.avro.specific.SpecificRequestor.readError(Schema, Decoder);5;0;0;3;2
897;org.apache.avro.reflect.ReflectDatumReader.readInt(Object, Schema, Decoder);3;0;0;1;2
898;org.apache.avro.io.BinaryDecoder.ByteArrayByteSource.ByteArrayByteSource(byte[], int, int);8;4;2;1;1
899;org.apache.avro.Schema.EnumSchema.hasEnumSymbol(String);1;0;0;0;0
900;org.apache.avro.io.parsing.Symbol.resolve(Symbol, Symbol);60;6;20;1;1
901;org.apache.avro.util.Utf8.Utf8(String);197;9;59;0;0
902;org.apache.avro.specific.SpecificExceptionBase.getSchema();30;5;12;0;0
903;org.apache.avro.reflect.ReflectDatumWriter.writeString(Schema, Object, Encoder);5;0;0;2;2
904;org.apache.avro.specific.SpecificDatumReader.createEnum(String, Schema);10;0;0;3;5
905;org.apache.avro.Schema.MapSchema.toJson(Names, JsonGenerator);4;0;0;2;2
906;org.apache.avro.reflect.ReflectDatumWriter.writeBytes(Object, Encoder);3;0;0;2;1
907;org.apache.avro.generic.GenericData.Fixed.bytes(byte[]);6;3;3;0;0
908;org.apache.avro.io.ParsingEncoder.push();14;4;4;0;0
909;org.apache.avro.io.JsonDecoder.JsonDecoder(Schema, String);140;10;37;6;3
910;org.apache.avro.generic.GenericRequestor.readResponse(Schema, Decoder);135;0;0;9;39
911;org.apache.avro.io.DirectBinaryDecoder.DirectBinaryDecoder(InputStream);14;5;3;1;2
912;org.apache.avro.io.ValidatingDecoder.readEnum();9;0;0;3;4
913;org.apache.avro.file.DataFileStream.skipSync();17;6;4;2;1
914;org.apache.avro.file.CodecFactory.createInstance();107;8;28;0;0
915;org.apache.avro.io.JsonDecoder.readBytes(ByteBuffer);12;0;0;4;4
916;org.apache.avro.file.DataFileStream.next(D);34;1;1;6;8
917;org.apache.avro.generic.GenericDatumReader.GenericDatumReader(Schema, Schema);1;0;0;0;0
918;org.apache.avro.ipc.RPCPlugin.clientReceiveResponse(RPCContext);218;10;59;0;0
919;org.apache.avro.generic.GenericDatumReader.addToArray(Object, long, Object);70;5;32;1;1
920;org.apache.avro.io.Decoder.readLong();43;4;28;0;0
921;org.apache.avro.BarRecord.toString();1;0;0;0;0
922;org.apache.avro.Protocol.Message.hashCode();3;0;0;2;1
923;org.apache.avro.io.BinaryDecoder.init(int, InputStream);15;3;3;3;3
924;org.apache.avro.ipc.SocketTransceiver.writeLength(int);2;1;1;0;0
925;org.apache.avro.Schema.ArraySchema.ArraySchema(Schema);41;4;20;1;1
926;org.apache.avro.tool.Tool.getShortDescription();5;2;3;0;0
927;org.apache.avro.io.JsonDecoder.JsonDecoder(Schema, InputStream);173;10;56;6;3
928;org.apache.avro.Schema.getValueType();168;5;70;1;1
929;org.apache.avro.file.SeekableFileInput.length();1;0;0;0;0
930;org.apache.avro.generic.IndexedRecord.get(int);37;4;20;0;0
931;org.apache.avro.io.DirectBinaryDecoder.doSkipBytes(long);1;0;0;0;0
932;org.apache.avro.io.parsing.ResolvingGrammarGenerator.resolveRecords(Schema, Schema, Map);60;0;0;4;23
933;org.apache.avro.generic.GenericDatumWriter.writeString(Schema, Object, Encoder);59;5;26;2;1
934;org.apache.avro.io.Encoder.writeMapEnd();89;6;37;0;0
935;org.apache.avro.Schema.ArraySchema.hashCode();3;0;0;1;2
936;org.apache.avro.io.Perf.ReadBoolean.ReadBoolean();9;3;6;0;0
937;org.apache.avro.io.Decoder.readDouble();42;4;28;0;0
938;org.apache.avro.Schema.getEnumOrdinal(String);49;4;31;1;1
939;org.apache.avro.Schema.getDoc();26;3;18;0;0
940;org.apache.avro.io.JsonEncoder.writeInt(int);7;0;0;3;3
941;org.apache.avro.RandomData.RandomData(Schema, int, long);2;1;1;0;0
942;org.apache.avro.file.CodecFactory.addCodec(String, CodecFactory);1;0;0;0;0
943;org.apache.avro.file.DataFileReader.SeekableInputStream.SeekableInputStream(SeekableInput);89;7;29;0;0
944;org.apache.avro.io.BinaryEncoder.ReuseByteWriter.ReuseByteWriter(ByteBufferOutputStream);3;2;1;0;0
945;org.apache.avro.file.CodecFactory.nullCodec();102;8;28;0;0
946;org.apache.avro.ipc.SocketServer.Connection.Connection(SocketChannel);4;1;1;2;1
947;org.apache.avro.ipc.ByteBufferOutputStream.write(int);1;0;0;0;0
948;org.apache.avro.specific.SpecificResponder.getDatumWriter(Schema);9;2;2;3;2
949;org.apache.avro.Schema.createRecord(List);66;5;22;4;3
950;org.apache.avro.io.parsing.Symbol.SkipAction.SkipAction(Symbol);3;2;1;0;0
951;org.apache.avro.specific.SpecificExceptionBase.hashCode();26;0;0;4;11
952;org.apache.avro.file.NullCodec.equals(Object);1;0;0;0;0
953;org.apache.avro.Protocol.Protocol(String, String);55;6;21;0;0
954;org.apache.avro.ipc.stats.StatsPlugin.nanosToMillis(long);12;5;5;0;0
955;org.apache.avro.reflect.ReflectData.createSchema(Type, Map);43;3;1;4;18
956;org.apache.avro.specific.SpecificResponder.SpecificResponder(Protocol, Object);28;2;1;11;9
957;org.apache.avro.ipc.stats.StatsServlet.writeMethod(Writer, Message, FloatHistogram);13;4;3;1;6
958;org.apache.avro.ipc.RPCContext.setRequestCallMeta(Map);233;10;59;0;0
959;org.apache.avro.specific.SpecificData.getClass(Schema);22;2;9;2;5
960;org.apache.avro.ipc.AvroRemoteException.AvroRemoteException(Object);210;10;59;0;0
961;org.apache.avro.io.parsing.Symbol.Alternative.flatten(Map, Map);5;0;0;3;2
962;org.apache.avro.file.DataFileReader.sync(long);10;0;0;3;4
963;org.apache.avro.io.Perf.ReadInt.ReadInt();9;2;6;1;1
964;org.apache.avro.io.ValidatingDecoder.ValidatingDecoder(Schema, Decoder);32;0;0;6;15
965;org.apache.avro.Schema.Field.doc();26;3;18;0;0
966;org.apache.avro.specific.SpecificDatumReader.newRecord(Object, Schema);11;0;0;3;5
967;org.apache.avro.io.DirectBinaryDecoder.readBytes(ByteBuffer);3;0;0;1;2
968;org.apache.avro.io.Perf.ReadDouble.ReadDouble();9;3;6;0;0
969;org.apache.avro.util.Utf8.compareTo(Utf8);2;0;0;1;1
970;org.apache.avro.io.BinaryDecoder.ByteArrayByteSource.readRaw(byte[], int, int);2;0;0;1;1
971;org.apache.avro.io.ParsingEncoder.startItem();11;4;3;0;0
972;org.apache.avro.generic.GenericData.isFixed(Object);13;3;10;0;0
973;org.apache.avro.io.JsonEncoder.writeFixed(byte[], int, int);9;0;0;3;4
974;org.apache.avro.file.DataFileWriter.assertNotOpen();117;8;28;1;1
975;org.apache.avro.io.parsing.Symbol.Alternative.findLabel(String);15;4;6;0;0
976;org.apache.avro.ipc.RPCContext.requestHandshakeMeta();88;9;30;0;0
977;org.apache.avro.io.ParsingDecoder.skipTopSymbol();15;0;0;1;14
978;org.apache.avro.Protocol.parseDoc(JsonNode);55;6;25;1;1
979;org.apache.avro.reflect.ReflectDatumWriter.getField(Object, String, int);4;0;0;3;1
980;org.apache.avro.ipc.stats.StatsPlugin.serverReceiveRequest(RPCContext);4;0;0;2;2
981;org.apache.avro.specific.SpecificDatumReader.createFixed(Object, Schema);11;0;0;3;5
982;org.apache.avro.generic.GenericContainer.getSchema();52;4;21;0;0
983;org.apache.avro.file.DataFileWriter.generateSync();25;5;8;0;0
984;org.apache.avro.io.DatumReader.setSchema(Schema);86;6;29;0;0
985;org.apache.avro.ipc.stats.Stopwatch.Stopwatch(Ticks);4;3;1;0;0
986;org.apache.avro.file.LengthLimitedInputStream.read();1;0;0;0;0
987;org.apache.avro.io.BinaryDecoder.InputStreamByteSource.close();1;0;0;0;0
988;org.apache.avro.ipc.HttpTransceiver.writeBuffers(List);3;0;0;2;1
989;org.apache.avro.AvroTypeException.AvroTypeException(String);166;7;71;1;1
990;org.apache.avro.Protocol.Message.toJson(JsonGenerator);15;1;1;3;5
991;org.apache.avro.ipc.HttpServer.HttpServer(ResponderServlet, int);3;2;1;0;0
992;org.apache.avro.Schema.createArray(Schema);44;5;17;2;1
993;org.apache.avro.io.Decoder.readString(Utf8);209;10;56;0;0
994;org.apache.avro.ipc.Transceiver.writeBuffers(List);212;11;59;0;0
995;org.apache.avro.io.parsing.ResolvingGrammarGenerator.bestBranch(Schema, Schema);60;6;20;2;3
996;org.apache.avro.BarRecord.BarRecord();1;0;0;0;0
997;org.apache.avro.file.DataFileWriter.init(OutputStream);114;8;28;2;6
998;org.apache.avro.specific.SpecificCompiler.compileSchema(File, File);86;4;2;5;52
999;org.apache.avro.specific.SpecificRequestor.SpecificRequestor(Class, Transceiver);5;0;0;2;3
1000;org.apache.avro.Protocol.parse(JsonParser);2;0;0;1;1
1001;org.apache.avro.file.DataFileWriter.isReserved(String);5;3;2;0;0
1002;org.apache.avro.io.BinaryDecoder.doSkipItems();12;1;2;4;3
1003;org.apache.avro.io.BinaryDecoder.BufferAccessor.getLim();14;2;8;0;0
1004;org.apache.avro.io.Decoder.mapNext();9;4;3;0;0
1005;org.apache.avro.io.parsing.ResolvingGrammarGenerator.generate(Schema, Schema);67;1;1;6;21
1006;org.apache.avro.ipc.stats.StatsServlet.StatsServlet(StatsPlugin);1;0;0;0;0
1007;org.apache.avro.io.parsing.Symbol.Sequence.flatten(Map, Map);8;0;0;2;4
1008;org.apache.avro.generic.GenericDatumReader.addToMap(Object, Object, Object);70;5;32;0;0
1009;org.apache.avro.file.DataFileWriter.assertOpen();41;6;13;1;1
1010;org.apache.avro.tool.Main.run(String[]);7;2;1;1;4
1011;org.apache.avro.file.SeekableInput.length();6;2;3;0;0
1012;org.apache.avro.io.BinaryDecoder.init(InputStream);10;1;1;4;3
1013;org.apache.avro.io.BlockingBinaryEncoder.compact();11;2;4;2;2
1014;org.apache.avro.ipc.RPCContext.setMessage(Message);233;10;59;0;0
1015;org.apache.avro.io.ResolvingDecoder.readEnum();9;0;0;3;4
1016;org.apache.avro.ipc.Requestor.addRPCPlugin(RPCPlugin);1;0;0;0;0
1017;org.apache.avro.tool.BinaryFragmentToJsonTool.run(InputStream, PrintStream, PrintStream, List);33;0;0;7;8
1018;org.apache.avro.ipc.stats.Histogram.getCount();7;2;5;0;0
1019;org.apache.avro.reflect.ReflectData.get();104;7;23;0;0
1020;org.apache.avro.io.BinaryData.compare(byte[], int, byte[], int, Schema);38;0;0;5;19
1021;org.apache.avro.tool.DataFileWriteTool.run(InputStream, PrintStream, PrintStream, List);28;0;0;4;11
1022;org.apache.avro.ipc.Requestor.readResponse(Schema, Decoder);218;10;59;0;0
1023;org.apache.avro.ipc.RPCContext.getMessage();15;5;6;0;0
1024;org.apache.avro.reflect.ReflectDatumWriter.getArraySize(Object);1;0;0;0;0
1025;org.apache.avro.Schema.LockableArrayList.addAll(Collection);2;0;0;1;1
1026;org.apache.avro.ipc.ByteBufferOutputStream.write(ByteBuffer);1;0;0;0;0
1027;org.apache.avro.io.BlockingBinaryEncoder.check();44;3;24;1;1
1028;org.apache.avro.io.ValidatingDecoder.readInt();8;0;0;3;3
1029;org.apache.avro.io.Perf.ReadInt.ReadInt(String, String);2;1;1;0;0
1030;org.apache.avro.ipc.stats.FloatHistogram.getUnbiasedStdDev();7;2;4;1;1
1031;org.apache.avro.Schema.UnionSchema.toJson(Names, JsonGenerator);4;0;0;2;2
1032;org.apache.avro.Schema.RecordSchema.toJson(Names, JsonGenerator);31;0;0;5;10
1033;org.apache.avro.io.Perf.usage();9;3;6;0;0
1034;org.apache.avro.Schema.ArraySchema.equals(Object);2;0;0;1;1
1035;org.apache.avro.io.JsonDecoder.init(InputStream);6;4;1;1;1
1036;org.apache.avro.file.LengthLimitedInputStream.skip(long);1;0;0;0;0
1037;org.apache.avro.Schema.UnionSchema.equals(Object);1;0;0;0;0
1038;org.apache.avro.io.parsing.Parser.reset();8;2;4;0;0
1039;org.apache.avro.io.Encoder.init(OutputStream);115;9;30;0;0
1040;org.apache.avro.tool.Util.jsonToGenericDatum(Schema, String);336;10;36;9;40
1041;org.apache.avro.specific.SpecificCompiler.line(StringBuilder, int, String);36;3;26;0;0
1042;org.apache.avro.ipc.Requestor.getRemote();218;10;59;0;0
1043;org.apache.avro.generic.GenericRequestor.writeRequest(Schema, Object, Encoder);66;0;0;6;27
1044;org.apache.avro.io.BinaryEncoder.writeFixed(byte[], int, int);1;0;0;0;0
1045;org.apache.avro.io.BinaryDecoder.ByteSource.isEof();3;2;1;0;0
1046;org.apache.avro.ipc.SocketServer.SocketServer(Responder, SocketAddress);2;1;1;0;0
1047;org.apache.avro.io.ResolvingDecoder.resolve(Schema, Schema);134;6;31;7;21
1048;org.apache.avro.io.ValidatingDecoder.skipArray();12;0;0;3;4
1049;org.apache.avro.Schema.Field.pos();125;5;47;0;0
1050;org.apache.avro.io.parsing.Symbol.Terminal.Terminal(String);3;0;0;2;1
1051;org.apache.avro.ipc.ByteBufferInputStream.read(byte[], int, int);3;1;1;1;1
1052;org.apache.avro.io.Decoder.readFixed(byte[], int, int);15;5;4;0;0
1053;org.apache.avro.io.JsonDecoder.readLong();11;0;0;4;4
1054;org.apache.avro.Protocol.getMessages();389;10;80;0;0
1055;org.apache.avro.io.Perf.ReadInt.genData(Encoder);6;0;0;1;5
1056;org.apache.avro.ipc.DatagramServer.getPort();1;0;0;0;0
1057;org.apache.avro.Schema.RecordSchema.RecordSchema(Name, String, boolean);41;4;20;3;2
1058;org.apache.avro.io.parsing.Symbol.Alternative.Alternative(Symbol[], String[]);6;2;2;2;1
1059;org.apache.avro.Protocol.parseName(JsonNode);55;6;24;2;1
1060;org.apache.avro.generic.GenericData.resolveUnion(Schema, Object);63;4;23;3;10
1061;org.apache.avro.io.BlockingBinaryEncoder.writeDouble(double);7;0;0;3;3
1062;org.apache.avro.Schema.RecordSchema.hashCode();5;0;0;2;3
1063;org.apache.avro.ipc.Responder.getLocal();208;10;59;0;0
1064;org.apache.avro.io.parsing.Symbol.repeat(Symbol, Symbol...);61;6;20;2;2
1065;org.apache.avro.specific.SpecificCompiler.OutputFile.writeToDestination(File);38;4;28;0;0
1066;org.apache.avro.Protocol.parseNamespace(JsonNode);55;6;25;1;1
1067;org.apache.avro.specific.SpecificCompiler.main(String[]);44;0;0;5;31
1068;org.apache.avro.ipc.DatagramServer.DatagramServer(Responder, SocketAddress);3;1;1;1;1
1069;org.apache.avro.specific.SpecificRecordBase.compareTo(SpecificRecord);28;1;1;5;11
1070;org.apache.avro.tool.JsonToBinaryFragmentTool.run(InputStream, PrintStream, PrintStream, List);173;0;0;9;59
1071;org.apache.avro.reflect.ReflectData.AllowNull.createFieldSchema(Field, Map);19;0;0;3;11
1072;org.apache.avro.io.BinaryDecoder.ByteSource.readRaw(byte[], int, int);2;1;1;0;0
1073;org.apache.avro.Schema.Name.Name(String, String);44;4;20;0;0
1074;org.apache.avro.io.BlockingBinaryEncoder.doWriteBytes(byte[], int, int);10;2;2;3;3
1075;org.apache.avro.io.JsonEncoder.writeByteArray(byte[], int, int);10;4;3;0;0
1076;org.apache.avro.RPCMetaTestPlugin.serverSendResponse(RPCContext);3;0;0;1;2
1077;org.apache.avro.io.parsing.ResolvingGrammarGenerator.resolveUnion(Schema, Schema, Map);60;0;0;6;19
1078;org.apache.avro.Schema.SeenPair.SeenPair(Object, Object);4;3;1;0;0
1079;org.apache.avro.Schema.getNamespace();27;3;18;1;1
1080;org.apache.avro.tool.Main.Main();7;3;3;1;1
1081;org.apache.avro.reflect.InduceSchemaTool.run(InputStream, PrintStream, PrintStream, List);67;0;0;6;21
1082;org.apache.avro.ipc.SocketTransceiver.getRemoteName();3;1;2;0;0
1083;org.apache.avro.util.Utf8.getLength();16;4;6;0;0
1084;org.apache.avro.ipc.ByteBufferInputStream.readBuffer(int);5;2;1;1;2
1085;org.apache.avro.specific.SpecificDatumReader.newInstance(Class);18;4;6;0;0
1086;org.apache.avro.io.BinaryDecoder.init(byte[], int, int);11;1;3;3;3
1087;org.apache.avro.generic.GenericData.toString(Object, StringBuilder);9;1;1;2;6
1088;org.apache.avro.io.DecoderFactory.DecoderFactory();1;0;0;0;0
1089;org.apache.avro.io.BinaryData.compareBytes(byte[], int, int, byte[], int, int);30;4;17;0;0
1090;org.apache.avro.io.BlockingBinaryEncoder.writeMapStart();5;0;0;2;2
1091;org.apache.avro.io.ValidatingEncoder.ValidatingEncoder(Schema, Encoder);30;0;0;6;14
1092;org.apache.avro.io.BlockingBinaryEncoder.writeLong(long);7;0;0;3;3
1093;org.apache.avro.GenerateBlockingData.main(String[]);55;0;0;5;21
1094;org.apache.avro.io.ValidatingEncoder.flush();4;2;2;0;0
1095;org.apache.avro.io.BinaryDecoder.mapNext();86;6;27;5;3
1096;org.apache.avro.Schema.BooleanSchema.BooleanSchema();11;2;8;1;1
1097;org.apache.avro.io.Decoder.readFloat();41;4;28;0;0
1098;org.apache.avro.io.parsing.ResolvingGrammarGenerator.generate(Schema, Schema, Map);66;6;1;5;20
1099;org.apache.avro.io.ValidatingEncoder.writeArrayEnd();9;0;0;3;3
1100;org.apache.avro.Schema.EnumSchema.equals(Object);3;0;0;2;1
1101;org.apache.avro.io.BlockingBinaryEncoder.writeInt(int);8;1;1;3;3
1102;org.apache.avro.ipc.SocketTransceiver.SocketTransceiver(SocketChannel);3;1;1;1;1
1103;org.apache.avro.Schema.getRequiredText(JsonNode, String, String);40;4;18;2;2
1104;org.apache.avro.io.BlockingBinaryEncoder.BlockedValue.check(BlockedValue, int);2;1;1;0;0
1105;org.apache.avro.file.CodecFactory.fromString(String);126;8;28;1;1
1106;org.apache.avro.io.JsonDecoder.readInt();11;0;0;4;4
1107;org.apache.avro.generic.GenericFixed.bytes();44;4;21;0;0
1108;org.apache.avro.ipc.SocketServer.run();4;0;0;3;1
1109;org.apache.avro.ipc.LocalTransceiver.LocalTransceiver(Responder);1;0;0;0;0
1110;org.apache.avro.tool.RpcReceiveTool.run1(InputStream, PrintStream, PrintStream, List);265;3;1;10;58
1111;org.apache.avro.tool.RpcSendTool.dumpJson(PrintStream, Schema, Object);331;10;75;7;4
1112;org.apache.avro.ipc.stats.Stopwatch.stop();11;6;4;1;1
1113;org.apache.avro.Schema.LockableArrayList.clear();2;0;0;1;1
1114;org.apache.avro.file.DataFileStream.getMetaString(String);87;6;28;1;1
1115;org.apache.avro.file.DeflateCodec.compress(ByteBuffer);3;0;0;1;2
1116;org.apache.avro.file.DataFileStream.hasNextBlock();49;6;14;4;3
1117;org.apache.avro.io.JsonDecoder.skipFixed(int);15;0;0;5;5
1118;org.apache.avro.io.parsing.JsonGrammarGenerator.generate(Schema, Map);23;0;0;4;11
1119;org.apache.avro.reflect.ReflectData.isArray(Object);1;0;0;0;0
1120;org.apache.avro.io.ResolvingDecoder.doAction(Symbol, Symbol);25;0;0;6;8
1121;org.apache.avro.tool.Util.datumFromFile(Schema, String);336;10;58;8;29
1122;org.apache.avro.Schema.Type.Type();1;0;0;0;0
1123;org.apache.avro.ipc.stats.Stopwatch.elapsedNanos();12;5;5;1;1
1124;org.apache.avro.io.Decoder.init(InputStream);3;2;1;0;0
1125;org.apache.avro.io.JsonEncoder.writeBytes(ByteBuffer);3;0;0;2;1
1126;org.apache.avro.Protocol.Protocol();2;1;1;0;0
1127;org.apache.avro.file.DataFileWriter.BufferedFileOutputStream.PositionFilter.PositionFilter(OutputStream);2;1;1;0;0
1128;org.apache.avro.reflect.ReflectDatumReader.ReflectDatumReader(Class);23;0;0;5;11
1129;org.apache.avro.generic.GenericDatumReader.readFixed(Object, Schema, Decoder);70;4;32;2;4
1130;org.apache.avro.ipc.Responder.readRequest(Schema, Decoder);208;10;59;0;0
1131;org.apache.avro.io.DecoderFactory.configureDirectDecoder(boolean);1;0;0;0;0
1132;org.apache.avro.io.ValidatingDecoder.skipFixed(int);10;0;0;4;3
1133;org.apache.avro.ipc.Transceiver.transceive(List);220;10;59;1;2
1134;org.apache.avro.file.DeflateCodec.toString();2;0;0;1;1
1135;org.apache.avro.generic.GenericData.Array.compareTo(Array);28;2;1;4;12
1136;org.apache.avro.file.DataFileWriter.close();73;6;21;4;6
1137;org.apache.avro.Schema.Names.get(Object);53;4;26;3;9
1138;org.apache.avro.Schema.Names.contains(Schema);19;3;2;4;9
1139;org.apache.avro.io.parsing.Symbol.Alternative.getLabel(int);11;4;4;0;0
1140;org.apache.avro.generic.GenericDatumReader.setField(Object, String, int, Object);70;5;31;1;1
1141;org.apache.avro.io.ValidatingDecoder.readIndex();11;0;0;3;5
1142;org.apache.avro.io.ValidatingEncoder.writeIndex(int);11;0;0;3;5
1143;org.apache.avro.io.parsing.Symbol.Fixup.Fixup(Symbol[], int);3;2;1;0;0
1144;org.apache.avro.io.BinaryDecoder.BufferAccessor.getPos();39;4;21;0;0
1145;org.apache.avro.Schema.NullSchema.NullSchema();11;2;8;1;1
1146;org.apache.avro.io.BinaryDecoder.doSkipBytes(long);13;5;4;1;1
