1,1
2,1
3,2
4,2
5,2
6,2
7,2
8,2
9,2
10,2
11,2
12,2
13,2
14,3
15,3
16,3
17,3
18,3
19,3
20,3
21,3
22,3
23,3
24,3
25,3
26,3
27,3
28,3
29,3
30,3
31,3
32,3
33,3
34,3
35,3
36,3
37,3
38,4
39,5
40,5
41,5
42,5
43,5
44,5
45,5
46,5
47,5
48,6
49,6
50,6
51,6
52,6
53,6
54,6
55,6
56,6
57,6
58,6
59,6
60,6
61,6
62,6
63,7
64,7
65,7
66,7
67,7
68,7
69,7
70,7
71,7
72,7
73,8
74,8
75,8
76,8
77,8
78,8
79,8
80,8
81,8
82,8
83,8
84,8
85,8
86,8
87,8
88,8
89,8
90,8
91,8
92,8
93,8
94,9
95,9
96,9
97,9
98,9
99,9
100,9
101,10
102,11
103,12
104,12
105,12
106,12
107,12
108,12
109,12
110,12
111,12
112,12
113,12
114,12
115,12
116,12
117,12
118,12
119,12
120,12
121,12
122,12
123,13
124,13
125,13
126,13
127,13
128,13
129,13
130,13
131,13
132,14
133,14
134,14
135,14
136,14
137,14
138,14
139,14
140,14
141,14
142,14
143,14
144,14
145,14
146,14
147,14
148,14
149,14
150,14
151,14
152,14
153,14
154,14
155,14
156,14
157,14
158,14
159,14
160,14
161,14
162,14
163,14
164,14
165,14
166,14
167,14
168,14
169,14
170,14
171,14
172,14
173,14
174,14
175,14
176,14
177,14
178,14
179,14
180,14
181,14
182,14
183,14
184,14
185,14
186,14
187,14
188,14
189,14
190,14
191,14
192,14
193,14
194,14
195,14
196,14
197,14
198,14
199,14
200,14
201,15
202,15
203,15
204,15
205,15
206,15
207,15
208,15
209,15
210,15
211,15
212,15
213,15
214,15
215,15
216,15
217,15
218,15
219,15
220,15
221,15
222,15
223,15
224,15
225,15
226,15
227,16
228,16
229,16
230,17
231,17
232,17
233,17
234,17
235,18
236,18
237,18
238,18
239,18
240,18
241,18
242,18
243,18
244,18
245,18
246,18
247,18
248,18
249,18
250,18
251,18
252,18
253,18
254,18
255,18
256,18
257,18
258,18
259,18
260,18
261,18
262,18
263,18
264,18
265,18
266,18
267,18
268,18
269,18
270,18
271,18
272,18
273,18
274,18
275,18
276,18
277,18
278,18
279,18
280,18
281,18
282,18
283,18
284,18
285,18
286,18
287,18
288,18
289,18
290,18
291,19
292,19
293,19
294,19
295,19
296,19
297,19
298,19
299,19
300,19
301,19
302,20
303,21
304,21
305,21
306,21
307,21
308,21
309,21
310,21
311,21
312,21
313,21
314,21
315,21
316,21
317,21
318,21
319,21
320,21
321,21
322,21
323,21
324,21
325,21
326,21
327,21
328,21
329,21
330,21
331,21
332,21
333,21
334,21
335,21
336,21
337,21
338,21
339,22
340,22
341,22
342,22
343,22
344,22
345,22
346,23
347,23
348,23
349,23
350,23
351,23
352,23
353,23
354,23
355,23
356,23
357,23
358,23
359,23
360,23
361,23
362,23
363,23
364,23
365,23
366,23
367,23
368,23
369,23
370,23
371,23
372,23
373,23
374,23
375,23
376,23
377,23
378,23
379,23
380,23
381,23
382,23
383,23
384,23
385,23
386,23
387,23
388,23
389,23
390,23
391,23
392,23
393,23
394,23
395,23
396,23
397,23
398,23
399,23
400,23
401,23
402,23
403,23
404,23
405,23
406,23
407,23
408,23
409,23
410,23
411,23
412,24
413,24
414,24
415,24
416,24
417,24
418,24
419,24
420,24
421,24
422,24
423,24
424,24
425,24
426,24
427,24
428,24
429,24
430,24
431,24
432,24
433,24
434,24
435,24
436,24
437,24
438,24
439,24
440,24
441,24
442,24
443,24
444,24
445,24
446,24
447,24
448,24
449,24
450,24
451,24
452,24
453,24
454,24
455,24
456,24
457,24
458,24
459,24
460,24
461,24
462,24
463,24
464,24
465,24
466,24
467,24
468,25
469,25
470,25
471,25
472,25
473,25
474,25
475,25
476,25
477,25
478,25
479,25
480,25
481,25
482,25
483,25
484,25
485,25
486,25
487,25
488,25
489,25
490,25
491,26
492,26
493,26
494,26
495,26
496,26
497,26
498,26
499,26
500,26
501,26
502,26
503,26
504,26
505,26
506,26
507,26
508,26
509,26
510,26
511,26
512,26
513,26
514,26
515,26
516,26
517,26
518,26
519,26
520,26
521,26
522,26
523,26
524,26
525,26
526,26
527,26
528,26
529,26
530,26
531,26
532,26
533,26
534,26
535,26
536,26
537,26
538,26
539,26
540,26
541,26
542,26
543,26
544,26
545,26
546,26
547,26
548,26
549,26
550,26
551,26
552,26
553,26
554,26
555,26
556,26
557,26
558,26
559,26
560,26
561,26
562,26
563,26
564,26
565,27
566,27
567,27
568,27
569,27
570,27
571,27
572,27
573,27
574,27
575,27
576,27
577,27
578,27
579,27
580,27
581,27
582,27
583,27
584,27
585,27
586,27
587,27
588,27
589,28
590,28
591,28
592,28
593,28
594,28
595,28
596,28
597,28
598,28
599,28
600,28
601,28
602,28
603,28
604,28
605,28
606,28
607,28
608,28
609,28
610,28
611,28
612,28
613,28
614,28
615,28
616,28
617,28
618,28
619,28
620,28
621,28
622,28
623,28
624,28
625,28
626,29
627,29
628,29
629,29
630,29
631,29
632,29
633,29
634,29
635,29
636,30
637,30
638,30
639,30
640,30
641,30
642,30
643,30
644,30
645,30
646,30
647,30
648,30
649,30
650,30
651,30
652,30
653,30
654,31
655,31
656,31
657,31
658,31
659,31
660,31
661,31
662,31
663,31
664,31
665,31
666,31
667,31
668,31
669,31
670,31
671,31
672,31
673,31
674,31
675,31
676,31
677,31
678,31
679,31
680,31
681,31
682,31
683,31
684,31
685,31
686,31
687,31
688,31
689,31
690,31
691,31
692,31
693,31
694,31
695,31
696,31
697,31
698,31
699,32
700,32
701,32
702,32
703,32
704,32
705,32
706,32
707,32
708,32
709,32
710,32
711,32
712,32
713,32
714,32
715,32
716,32
717,32
718,32
719,32
720,32
721,32
722,32
723,32
724,32
725,32
726,32
727,32
728,32
729,32
730,32
731,32
732,32
733,32
734,32
735,32
736,32
737,32
738,32
739,32
740,32
741,32
742,32
743,32
744,32
745,32
746,32
747,32
748,32
749,32
750,32
751,32
752,32
753,32
754,32
755,33
756,33
757,33
758,33
759,33
760,33
761,33
762,33
763,33
764,33
765,33
766,33
767,33
768,33
769,33
770,33
771,33
772,33
773,33
774,33
775,33
776,33
777,33
778,33
779,33
780,33
781,33
782,33
783,33
784,33
785,33
786,33
787,33
788,33
789,33
790,33
791,33
792,33
793,33
794,33
795,33
796,33
797,33
798,33
799,33
800,33
801,33
802,33
803,33
804,33
805,33
806,33
807,33
808,33
809,33
810,33
811,33
812,33
813,33
814,33
815,33
816,33
817,33
818,33
819,33
820,33
821,33
822,33
823,33
824,33
825,33
826,33
827,33
828,33
829,33
830,33
831,33
832,33
833,33
834,33
835,33
836,33
837,33
838,33
839,34
840,34
841,34
842,34
843,34
844,34
845,34
846,34
847,34
848,35
849,35
850,35
851,35
852,35
853,35
854,35
855,35
856,35
857,35
858,35
859,35
860,35
861,35
862,35
863,35
864,35
865,35
866,35
867,35
868,35
869,35
870,35
871,35
872,35
873,35
874,35
875,35
876,35
877,35
878,35
879,35
880,35
881,35
882,35
883,35
884,35
885,35
886,35
887,35
888,35
889,35
890,35
891,35
892,35
893,35
894,35
895,35
896,35
897,35
898,35
899,35
900,35
901,35
902,35
903,35
904,35
905,35
906,35
907,35
908,35
909,35
910,35
911,35
912,35
913,35
914,35
915,35
916,35
917,35
918,35
919,35
920,35
921,35
922,35
923,35
924,35
925,35
926,35
927,35
928,35
929,35
930,35
931,35
932,35
933,35
934,35
935,35
936,35
937,36
938,36
939,36
940,36
941,36
942,36
943,36
944,37
945,38
946,38
947,38
948,38
949,38
950,38
951,38
952,38
953,38
954,38
955,38
956,38
957,38
958,38
959,38
960,38
961,38
962,38
963,38
964,38
965,38
966,38
967,38
968,38
969,38
970,38
971,38
972,38
973,38
974,38
975,38
976,38
977,38
978,38
979,38
980,38
981,38
982,38
983,38
984,38
985,38
986,38
987,38
988,38
989,38
990,38
991,38
992,38
993,38
994,38
995,38
996,38
997,39
998,39
999,39
1000,39
1001,39
1002,39
1003,39
1004,39
1005,39
1006,39
1007,39
1008,39
1009,39
1010,39
1011,39
1012,39
1013,39
1014,39
1015,39
1016,39
1017,39
1018,39
1019,39
1020,39
1021,39
1022,39
1023,39
1024,39
1025,39
1026,39
1027,40
1028,40
1029,40
1030,40
1031,40
1032,40
1033,40
1034,40
1035,40
1036,40
1037,40
1038,40
1039,40
1040,40
1041,40
1042,40
1043,40
1044,40
1045,40
1046,40
1047,40
1048,40
1049,40
1050,40
1051,40
1052,40
1053,40
1054,40
1055,40
1056,40
1057,40
1058,40
1059,40
1060,40
1061,40
1062,40
1063,40
1064,40
1065,40
1066,40
1067,40
1068,40
1069,40
1070,40
1071,40
1072,40
1073,40
1074,40
1075,40
1076,40
1077,40
1078,40
1079,40
1080,40
1081,40
1082,40
1083,40
1084,40
1085,40
1086,40
1087,40
1088,40
1089,40
1090,40
1091,40
1092,40
1093,40
1094,40
1095,40
1096,40
1097,40
1098,40
1099,40
1100,40
1101,40
1102,40
1103,40
1104,40
1105,40
1106,40
1107,40
1108,41
1109,41
1110,41
1111,41
1112,41
1113,41
1114,41
1115,41
1116,41
1117,41
1118,41
1119,41
1120,41
1121,41
1122,41
1123,41
1124,41
1125,41
1126,41
1127,41
1128,41
1129,41
1130,41
1131,41
1132,41
1133,41
1134,41
1135,41
1136,41
1137,41
1138,41
1139,41
1140,41
1141,41
1142,41
1143,41
1144,41
1145,41
1146,41
1147,41
1148,41
1149,41
1150,41
1151,41
1152,41
1153,41
1154,41
1155,41
1156,41
1157,41
1158,41
1159,41
1160,41
1161,41
1162,41
1163,41
1164,41
1165,41
1166,41
1167,41
1168,41
1169,41
1170,41
1171,41
1172,41
1173,41
1174,41
1175,41
1176,41
1177,41
1178,41
1179,41
1180,41
1181,41
1182,41
1183,41
1184,41
1185,41
1186,41
1187,41
1188,41
1189,41
1190,41
1191,41
1192,41
1193,41
1194,41
1195,41
1196,41
1197,41
1198,41
1199,41
1200,41
1201,41
1202,41
1203,41
1204,41
1205,41
1206,41
1207,41
1208,41
1209,41
1210,41
1211,41
1212,41
1213,41
1214,41
1215,41
1216,41
1217,41
1218,41
1219,41
1220,41
1221,42
1222,42
1223,42
1224,42
1225,42
1226,42
1227,42
1228,42
1229,42
1230,42
1231,42
1232,42
1233,42
1234,42
1235,42
1236,42
1237,42
1238,42
1239,42
1240,43
1241,43
1242,43
1243,43
1244,43
1245,43
1246,43
1247,43
1248,43
1249,43
1250,43
1251,43
1252,43
1253,43
1254,43
1255,43
1256,43
1257,43
1258,43
1259,43
1260,43
1261,43
1262,43
1263,43
1264,43
1265,43
1266,43
1267,43
1268,43
1269,43
1270,43
1271,43
1272,43
1273,43
1274,43
1275,43
1276,43
1277,43
1278,43
1279,43
1280,43
1281,43
1282,43
1283,43
1284,43
1285,43
1286,43
1287,43
1288,43
1289,43
1290,43
1291,43
1292,43
1293,43
1294,43
1295,43
1296,43
1297,43
1298,43
1299,43
1300,43
1301,43
1302,43
1303,43
1304,43
1305,43
1306,43
1307,43
1308,43
1309,43
1310,43
1311,43
1312,43
1313,43
1314,43
1315,43
1316,43
1317,43
1318,43
1319,43
1320,43
1321,43
1322,43
1323,43
1324,43
1325,43
1326,43
1327,43
1328,43
1329,43
1330,43
1331,43
1332,43
1333,43
1334,43
1335,43
1336,43
1337,43
1338,43
1339,43
1340,43
1341,43
1342,43
1343,43
1344,43
1345,43
1346,43
1347,43
1348,43
1349,43
1350,43
1351,43
1352,43
1353,43
1354,43
1355,43
1356,43
1357,43
1358,43
1359,43
1360,43
1361,43
1362,43
1363,43
1364,43
1365,43
1366,43
1367,43
1368,43
1369,43
1370,43
1371,43
1372,43
1373,43
1374,43
1375,43
1376,43
1377,43
1378,43
1379,43
1380,43
1381,43
1382,43
1383,43
1384,43
1385,43
1386,43
1387,43
1388,43
1389,43
1390,43
1391,43
1392,43
1393,43
1394,43
1395,43
1396,43
1397,43
1398,43
1399,43
1400,43
1401,43
1402,43
1403,43
1404,43
1405,43
1406,44
1407,44
1408,44
1409,44
1410,44
1411,44
1412,44
1413,44
1414,44
1415,44
1416,44
1417,44
1418,44
1419,44
1420,44
1421,44
1422,44
1423,44
1424,44
1425,44
1426,44
1427,44
1428,44
1429,44
1430,44
1431,44
1432,44
1433,44
1434,44
1435,44
1436,44
1437,44
1438,44
1439,44
1440,44
1441,44
1442,44
1443,44
1444,44
1445,44
1446,44
1447,44
1448,44
1449,44
1450,45
1451,45
1452,45
1453,45
1454,45
1455,45
1456,45
1457,45
1458,45
1459,45
1460,45
1461,45
1462,45
1463,45
1464,46
1465,46
1466,46
1467,46
1468,46
1469,47
1470,47
1471,47
1472,47
1473,47
1474,47
1475,47
1476,47
1477,47
1478,47
1479,47
1480,47
1481,47
1482,47
1483,47
1484,47
1485,47
1486,47
1487,47
1488,47
1489,47
1490,47
1491,47
1492,47
1493,47
1494,47
1495,47
1496,47
1497,47
1498,47
1499,47
1500,47
1501,47
1502,47
1503,47
1504,47
1505,47
1506,47
1507,47
1508,47
1509,47
1510,47
1511,47
1512,47
1513,47
1514,47
1515,47
1516,47
1517,47
1518,48
1519,49
1520,49
1521,50
1522,50
1523,50
1524,50
1525,50
1526,50
1527,50
1528,50
1529,50
1530,50
1531,50
1532,50
1533,50
1534,50
1535,50
1536,50
1537,50
1538,50
1539,50
1540,50
1541,50
1542,50
1543,50
1544,50
1545,50
1546,50
1547,50
1548,50
1549,50
1550,50
1551,50
1552,50
1553,50
1554,50
1555,50
1556,50
1557,50
1558,50
1559,51
1560,51
1561,51
1562,51
1563,51
1564,51
1565,51
1566,51
1567,51
1568,51
1569,51
1570,51
1571,51
1572,51
1573,51
1574,51
1575,51
1576,51
1577,51
1578,51
1579,51
1580,51
1581,51
1582,51
1583,51
1584,51
1585,51
1586,51
1587,51
1588,51
1589,51
1590,51
1591,51
1592,51
1593,51
1594,51
1595,51
1596,51
1597,51
1598,51
1599,51
1600,51
1601,51
1602,51
1603,51
1604,51
1605,51
1606,51
1607,51
1608,51
1609,51
1610,51
1611,51
1612,51
1613,51
1614,51
1615,51
1616,51
1617,51
1618,51
1619,51
1620,51
1621,51
1622,51
1623,51
1624,51
1625,51
1626,51
1627,51
1628,51
1629,51
1630,51
1631,51
1632,51
1633,51
1634,51
1635,51
1636,51
1637,51
1638,51
1639,51
1640,51
1641,51
1642,51
1643,51
1644,51
1645,51
1646,51
1647,51
1648,51
1649,51
1650,51
1651,51
1652,51
1653,51
1654,51
1655,51
1656,51
1657,51
1658,51
1659,51
1660,51
1661,51
1662,51
1663,51
1664,51
1665,51
1666,51
1667,51
1668,51
1669,51
1670,51
1671,51
1672,51
1673,51
1674,51
1675,51
1676,51
1677,51
1678,51
1679,51
1680,51
1681,51
1682,51
1683,51
1684,51
1685,51
1686,51
1687,51
1688,51
1689,51
1690,51
1691,51
1692,51
1693,51
1694,51
1695,51
1696,51
1697,51
1698,51
1699,51
1700,51
1701,51
1702,51
1703,51
1704,51
1705,51
1706,51
1707,51
1708,51
1709,51
1710,51
1711,51
1712,51
1713,51
1714,51
1715,51
1716,51
1717,51
1718,51
1719,51
1720,51
1721,51
1722,51
1723,51
1724,51
1725,51
1726,51
1727,51
1728,51
1729,51
1730,51
1731,51
1732,51
1733,51
1734,52
1735,53
1736,53
1737,53
1738,53
1739,53
1740,53
1741,53
1742,53
1743,53
1744,53
1745,53
1746,53
1747,53
1748,53
1749,53
1750,53
1751,53
1752,53
1753,53
1754,53
1755,53
1756,53
1757,53
1758,53
1759,53
1760,53
1761,53
1762,53
1763,53
1764,53
1765,53
1766,53
1767,53
1768,53
1769,53
1770,53
1771,53
1772,53
1773,53
1774,53
1775,53
1776,53
1777,53
1778,53
1779,53
1780,53
1781,53
1782,53
1783,53
1784,53
1785,53
1786,53
1787,53
1788,53
1789,53
1790,53
1791,53
1792,53
1793,53
1794,53
1795,53
1796,53
1797,53
1798,53
1799,53
1800,53
1801,53
1802,53
1803,53
1804,53
1805,53
1806,53
1807,53
1808,53
1809,53
1810,53
1811,53
1812,53
1813,53
1814,53
1815,53
1816,53
1817,53
1818,53
1819,53
1820,53
1821,53
1822,53
1823,53
1824,53
1825,53
1826,53
1827,53
1828,53
1829,53
1830,54
1831,54
1832,54
1833,54
1834,54
1835,54
1836,54
1837,54
1838,54
1839,54
1840,54
1841,54
1842,54
1843,55
1844,55
1845,55
1846,55
1847,55
1848,55
1849,55
1850,55
1851,55
1852,55
1853,55
1854,55
1855,55
1856,55
1857,55
1858,55
1859,55
1860,55
1861,55
1862,55
1863,55
1864,55
1865,55
1866,55
1867,55
1868,55
1869,55
1870,55
1871,55
1872,55
1873,55
1874,55
1875,55
1876,55
1877,55
1878,55
1879,55
1880,55
1881,55
1882,55
1883,55
1884,55
1885,55
1886,55
1887,55
1888,55
1889,55
1890,55
1891,55
1892,55
1893,55
1894,55
1895,55
1896,55
1897,55
1898,55
1899,55
1900,55
1901,55
1902,55
1903,55
1904,55
1905,55
1906,55
1907,55
1908,55
1909,55
1910,55
1911,55
1912,55
1913,55
1914,55
1915,55
1916,55
1917,55
1918,55
1919,55
1920,55
1921,55
1922,55
1923,55
1924,55
1925,55
1926,55
1927,55
1928,55
1929,55
1930,55
1931,55
1932,55
1933,55
1934,55
1935,55
1936,55
1937,55
1938,55
1939,55
1940,55
1941,55
1942,55
1943,55
1944,55
1945,55
1946,55
1947,55
1948,55
1949,55
1950,55
1951,55
1952,55
1953,55
1954,55
1955,55
1956,55
1957,56
1958,56
1959,56
1960,56
1961,56
1962,56
1963,56
1964,56
1965,56
1966,56
1967,56
1968,56
1969,56
1970,56
1971,56
1972,56
1973,56
1974,56
1975,56
1976,56
1977,56
1978,56
1979,56
1980,56
1981,56
1982,56
1983,56
1984,56
1985,56
1986,56
1987,56
1988,56
1989,56
1990,56
1991,56
1992,56
1993,56
1994,56
1995,56
1996,56
1997,56
1998,56
1999,56
2000,56
2001,56
2002,56
2003,56
2004,56
2005,56
2006,56
2007,56
2008,56
2009,56
2010,56
2011,56
2012,56
2013,56
2014,56
2015,56
2016,56
2017,56
2018,56
2019,56
2020,56
2021,56
2022,56
2023,56
2024,56
2025,56
2026,56
2027,56
2028,56
2029,56
2030,56
2031,56
2032,56
2033,56
2034,56
2035,56
2036,56
2037,56
2038,56
2039,56
2040,56
2041,56
2042,56
2043,56
2044,56
2045,56
2046,56
2047,56
2048,56
2049,56
2050,56
2051,56
2052,56
2053,56
2054,56
2055,56
2056,56
2057,56
2058,56
2059,56
2060,56
2061,56
2062,56
2063,56
2064,56
2065,56
2066,56
2067,56
2068,56
2069,56
2070,56
2071,56
2072,56
2073,56
2074,56
2075,56
2076,56
2077,56
2078,56
2079,56
2080,56
2081,56
2082,56
2083,56
2084,56
2085,56
2086,56
2087,56
2088,56
2089,56
2090,56
2091,56
2092,56
2093,56
2094,56
2095,56
2096,56
2097,56
2098,56
2099,56
2100,56
2101,56
2102,56
2103,56
2104,56
2105,56
2106,56
2107,56
2108,56
2109,56
2110,56
2111,56
2112,56
2113,56
2114,56
2115,56
2116,56
2117,56
2118,56
2119,56
2120,56
2121,56
2122,56
2123,56
2124,56
2125,56
2126,56
2127,56
2128,56
2129,56
2130,56
2131,56
2132,56
2133,56
2134,56
2135,56
2136,56
2137,56
2138,56
2139,56
2140,56
2141,56
2142,56
2143,56
2144,56
2145,56
2146,56
2147,56
2148,56
2149,56
2150,56
2151,56
2152,56
2153,56
2154,56
2155,56
2156,56
2157,56
2158,56
2159,56
2160,56
2161,56
2162,56
2163,56
2164,56
2165,56
2166,56
2167,56
2168,56
2169,56
2170,56
2171,56
2172,56
2173,56
2174,56
2175,56
2176,56
2177,56
2178,56
2179,56
2180,56
2181,56
2182,56
2183,56
2184,56
2185,56
2186,56
2187,56
2188,56
2189,56
2190,56
2191,56
2192,56
2193,56
2194,56
2195,56
2196,56
2197,56
2198,56
2199,56
2200,56
2201,56
2202,56
2203,56
2204,56
2205,56
2206,56
2207,56
2208,56
2209,56
2210,56
2211,56
2212,56
2213,56
2214,56
2215,56
2216,56
2217,56
2218,56
2219,56
2220,56
2221,56
2222,56
2223,56
2224,56
2225,56
2226,56
2227,56
2228,56
2229,56
2230,56
2231,56
2232,56
2233,56
2234,56
2235,56
2236,56
2237,56
2238,56
2239,56
2240,56
2241,56
2242,56
2243,56
2244,56
2245,56
2246,56
2247,56
2248,56
2249,56
2250,56
2251,56
2252,56
2253,56
2254,56
2255,56
2256,56
