method,pattern,space
"org.apache.avro.io.EncoderFactory.jsonEncoder(Schema, OutputStream)",FreqExec,"org.apache.avro.io.EncoderFactory.jsonEncoder(Schema, OutputStream); org.apache.avro.io.TestValidatingIO.make(Schema, String, Object[], TestValidatingIO$Encoding); org.apache.avro.TestSchema.checkJson(Schema, Object, DatumWriter, DatumReader)"
"org.apache.avro.ipc.HttpTransceiver.writeBuffers(List<ByteBuffer>, OutputStream)",HotCallee,"org.apache.avro.ipc.HttpTransceiver.writeBuffers(List<ByteBuffer>, OutputStream); org.apache.avro.ipc.HttpTransceiver.writeLength(int, OutputStream)"
org.apache.avro.specific.SpecificRecordBase.equals(Object),FreqExec,org.apache.avro.specific.SpecificRecordBase.equals(Object); java.util.AbstractCollection.containsAll(Collection)
"org.apache.avro.generic.GenericDatumWriter.writeRecord(Schema, Object, Encoder)",HotExec,"org.apache.avro.generic.GenericDatumWriter.writeRecord(Schema, Object, Encoder); org.apache.avro.generic.GenericDatumWriter.write(Schema, Object, Encoder)"
org.apache.avro.Schema.Schema(Type),FreqExec,"org.apache.avro.Schema.Schema(Type); org.apache.avro.Schema$StringSchema.<init>(); org.apache.avro.Schema$LongSchema.<init>(); org.apache.avro.Schema$NamedSchema.<init>(Schema$Type, Schema$Name, String); org.apache.avro.Schema$MapSchema.<init>(Schema); org.apache.avro.Schema$UnionSchema.<init>(Schema$LockableArrayList); org.apache.avro.Schema$DoubleSchema.<init>(); org.apache.avro.Schema$BooleanSchema.<init>(); org.apache.avro.Schema$IntSchema.<init>(); org.apache.avro.Schema$FloatSchema.<init>(); org.apache.avro.Schema$ArraySchema.<init>(Schema); org.apache.avro.Schema$NullSchema.<init>(); org.apache.avro.Schema$BytesSchema.<init>()"
org.apache.avro.io.BinaryDecoder.arrayNext(),FreqExec,"org.apache.avro.io.BinaryDecoder.arrayNext(); org.apache.avro.io.ValidatingDecoder.arrayNext(); org.apache.avro.io.TestBlockingIO$Tests.scan(); org.apache.avro.io.TestBlockingIO$Tests.skip(int); org.apache.avro.io.TestValidatingIO.check(Decoder, String, Object[], int)"
"org.apache.avro.specific.SpecificData.newInstance(Class, Schema)",FreqExec,"org.apache.avro.specific.SpecificData.newInstance(Class, Schema); org.apache.avro.specific.SpecificData.newRecord(Object, Schema); org.apache.avro.specific.SpecificData.createFixed(Object, Schema)"
org.apache.avro.util.Utf8.setByteLength(int),FreqExec,org.apache.avro.util.Utf8.setByteLength(int); org.apache.avro.util.Utf8.setLength(int); org.apache.avro.io.BinaryDecoder.readString(Utf8)
"org.apache.avro.file.DataFileWriter.create(Schema, File)",HotCallee,"org.apache.avro.file.DataFileWriter.create(Schema, File); org.apache.avro.file.DataFileWriter.create(Schema, OutputStream)"
"org.apache.avro.generic.GenericData.instanceOf(Schema, Object)",FreqExec,"org.apache.avro.generic.GenericData.instanceOf(Schema, Object); org.apache.avro.generic.GenericData.resolveUnion(Schema, Object)"
org.apache.avro.ipc.NettyTransceiver.isConnected(),FreqExec,"org.apache.avro.ipc.NettyTransceiver.isConnected(); org.apache.avro.ipc.Responder.handshake(Decoder, Encoder, Transceiver); org.apache.avro.ipc.Responder.respond(List<ByteBuffer>, Transceiver); org.apache.avro.ipc.Requestor.readHandshake(Decoder); org.apache.avro.ipc.Requestor.writeHandshake(Encoder); org.apache.avro.ipc.Requestor.request(Request, Callback<T>)"
"org.apache.avro.generic.GenericDatumReader.readRecord(Object, Schema, ResolvingDecoder)",HotCyclic,"org.apache.avro.generic.GenericDatumReader.read(Object, Schema, ResolvingDecoder); org.apache.avro.generic.GenericDatumReader.readRecord(Object, Schema, ResolvingDecoder)"
"org.apache.avro.generic.GenericDatumReader.readRecord(Object, Schema, ResolvingDecoder)",FreqExec,"org.apache.avro.generic.GenericDatumReader.readRecord(Object, Schema, ResolvingDecoder); org.apache.avro.generic.GenericDatumReader.read(Object, Schema, ResolvingDecoder)"
"org.apache.avro.io.ValidatingEncoder.ValidatingEncoder(Symbol, Encoder)",FreqExec,"org.apache.avro.io.ValidatingEncoder.ValidatingEncoder(Symbol, Encoder); org.apache.avro.io.ValidatingEncoder.ValidatingEncoder(Schema, Encoder)"
org.apache.avro.ipc.trace.Util.idValue(long),FreqExec,"org.apache.avro.ipc.trace.Util.idValue(long); org.apache.avro.ipc.trace.TestFileSpanStorage.testTonsOfSpans(); org.apache.avro.ipc.trace.TestFileSpanStorage.testRangeQuery1(); org.apache.avro.ipc.trace.TestFileSpanStorage.testBasicMaxSpans(); org.apache.avro.ipc.trace.TestSpanTraceFormation.createFullSpan(Long, Long, String); org.apache.avro.ipc.trace.TestSpanAggregation.testTraceFormation1(); org.apache.avro.ipc.trace.TestSpanAggregation.testInvalidSpanCompletion(); org.apache.avro.ipc.trace.TestSpanTraceFormation.testSpanEquality2(); org.apache.avro.ipc.trace.TestSpanTraceFormation.testSpanEquality()"
org.apache.avro.io.BinaryDecoder.readInt(),FreqExec,org.apache.avro.io.BinaryDecoder.readInt(); org.apache.avro.io.BinaryDecoder.readString(Utf8); org.apache.avro.io.BinaryDecoder.readBytes(ByteBuffer); org.apache.avro.io.BinaryDecoder.readIndex(); org.apache.avro.io.ResolvingDecoder.readLong(); org.apache.avro.io.BinaryDecoder.doSkipItems(); org.apache.avro.io.ValidatingDecoder.readInt(); org.apache.avro.io.BinaryDecoder.skipString(); org.apache.avro.io.BinaryDecoder.skipBytes(); org.apache.avro.io.BinaryDecoder.readEnum(); org.apache.avro.io.TestBinaryDecoder.skipGenerated(Decoder)
org.apache.avro.io.BinaryEncoder.setItemCount(long),FreqExec,"org.apache.avro.io.BinaryEncoder.setItemCount(long); org.apache.avro.file.DataFileWriter.create(Schema, OutputStream); org.apache.avro.io.ValidatingEncoder.setItemCount(long); org.apache.avro.generic.GenericDatumWriter.writeArray(Schema, Object, Encoder); org.apache.avro.generic.GenericDatumWriter.writeMap(Schema, Object, Encoder)"
org.apache.avro.io.BinaryDecoder.ensureBounds(int),FreqExec,org.apache.avro.io.BinaryDecoder.ensureBounds(int); org.apache.avro.io.BinaryDecoder.readInt(); org.apache.avro.io.BinaryDecoder.readLong(); org.apache.avro.io.BinaryDecoder.readFloat(); org.apache.avro.io.BinaryDecoder.readDouble()
org.apache.avro.file.DeflateCodec.getInflater(),FreqExec,org.apache.avro.file.DeflateCodec.getInflater(); org.apache.avro.file.DeflateCodec.decompress(ByteBuffer)
"org.apache.avro.generic.GenericDatumReader.getResolver(Schema, Schema)",FreqExec,"org.apache.avro.generic.GenericDatumReader.getResolver(Schema, Schema); org.apache.avro.generic.GenericDatumReader.read(D, Decoder)"
org.apache.avro.ipc.SaslSocketTransceiver.readBuffers(),HotCallee,org.apache.avro.ipc.SaslSocketTransceiver.readBuffers(); org.apache.avro.ipc.SaslSocketTransceiver.readFrameAndUnwrap()
"org.apache.avro.util.ByteBufferInputStream.read(byte[], int, int)",FreqExec,"org.apache.avro.util.ByteBufferInputStream.read(byte[], int, int); org.apache.avro.io.BinaryDecoder$InputStreamByteSource.tryReadRaw(byte[], int, int); org.apache.avro.io.BinaryDecoder$InputStreamByteSource.readRaw(byte[], int, int)"
org.apache.avro.io.BinaryEncoder.writeMapEnd(),FreqExec,"org.apache.avro.io.BinaryEncoder.writeMapEnd(); org.apache.avro.file.DataFileWriter.create(Schema, OutputStream); org.apache.avro.io.ValidatingEncoder.writeMapEnd(); org.apache.avro.generic.GenericDatumWriter.writeMap(Schema, Object, Encoder)"
org.apache.avro.io.parsing.Parser.pushProduction(Symbol),FreqExec,org.apache.avro.io.parsing.Parser.pushProduction(Symbol); org.apache.avro.io.parsing.Parser.advance(Symbol); org.apache.avro.io.parsing.SkipParser.skipRepeater(); org.apache.avro.io.parsing.SkipParser.skipTo(int)
org.apache.avro.io.BinaryEncoder.writeEnum(int),FreqExec,"org.apache.avro.io.BinaryEncoder.writeEnum(int); org.apache.avro.generic.GenericDatumWriter.writeEnum(Schema, Object, Encoder); org.apache.avro.specific.SpecificDatumWriter.writeEnum(Schema, Object, Encoder)"
org.apache.avro.ipc.SocketTransceiver.writeLength(int),FreqExec,org.apache.avro.ipc.SocketTransceiver.writeLength(int); org.apache.avro.ipc.SocketTransceiver.writeBuffers(List<ByteBuffer>)
"org.apache.avro.generic.GenericData.newRecord(Object, Schema)",FreqExec,"org.apache.avro.generic.GenericData.newRecord(Object, Schema); org.apache.avro.generic.GenericDatumReader.readRecord(Object, Schema, ResolvingDecoder); org.apache.avro.specific.SpecificData.newRecord(Object, Schema)"
"org.apache.avro.io.JsonDecoder.doAction(Symbol, Symbol)",FreqExec,"org.apache.avro.io.JsonDecoder.doAction(Symbol, Symbol); org.apache.avro.io.parsing.Parser.advance(Symbol); org.apache.avro.io.parsing.Parser.processTrailingImplicitActions()"
"org.apache.avro.io.BufferedBinaryEncoder.writeFixed(byte[], int, int)",FreqExec,"org.apache.avro.io.BufferedBinaryEncoder.writeFixed(byte[], int, int); org.apache.avro.io.BinaryEncoder.writeBytes(byte[], int, int); org.apache.avro.io.Encoder.writeFixed(byte[]); org.apache.avro.file.DataFileStream$DataBlock.writeBlockTo(BinaryEncoder, byte[]); org.apache.avro.io.BinaryEncoder.writeString(String); org.apache.avro.io.BlockingBinaryEncoder.flush(); org.apache.avro.generic.GenericDatumWriter.writeFixed(Schema, Object, Encoder); org.apache.avro.io.BlockingBinaryEncoder.ensureBounds(int)"
"org.apache.avro.generic.GenericData.setField(Object, String, int, Object)",FreqExec,"org.apache.avro.generic.GenericData.setField(Object, String, int, Object); org.apache.avro.generic.GenericData.setField(Object, String, int, Object, Object)"
org.apache.avro.mapred.WordCountUtil.writeLinesBytesFile(),HotCallee,"org.apache.avro.mapred.WordCountUtil.writeLinesBytesFile(); org.apache.avro.file.DataFileWriter.create(Schema, File); org.apache.avro.file.DataFileWriter.close(); org.apache.avro.file.DataFileWriter.append(D)"
org.apache.avro.file.DataFileWriter.assertOpen(),FreqExec,org.apache.avro.file.DataFileWriter.assertOpen(); org.apache.avro.file.DataFileWriter.append(D); org.apache.avro.file.DataFileWriter.sync()
"org.apache.avro.specific.SpecificData.compare(Object, Object, Schema, boolean)",HotCyclic,"org.apache.avro.reflect.ReflectData.compare(Object, Object, Schema, boolean); org.apache.avro.specific.SpecificData.compare(Object, Object, Schema, boolean); org.apache.avro.generic.GenericData.compare(Object, Object, Schema, boolean)"
"org.apache.avro.specific.SpecificData.compare(Object, Object, Schema, boolean)",FreqExec,"org.apache.avro.specific.SpecificData.compare(Object, Object, Schema, boolean); org.apache.avro.generic.GenericData.compare(Object, Object, Schema); org.apache.avro.generic.GenericData.compare(Object, Object, Schema, boolean)"
org.apache.avro.io.BufferedBinaryEncoder.writeByte(int),FreqExec,org.apache.avro.io.BufferedBinaryEncoder.writeByte(int); org.apache.avro.io.BufferedBinaryEncoder.writeZero()
org.apache.avro.file.DataFileStream.hasNext(),FreqExec,"org.apache.avro.file.DataFileStream.hasNext(); org.apache.avro.file.DataFileStream.next(D); org.apache.avro.TestDataFile.testSyncDiscovery(); org.apache.avro.ipc.trace.FileSpanStorage.readFileSpans(File, List<Span>)"
org.apache.avro.file.DataFileWriter.flush(),HotCallee,org.apache.avro.file.DataFileWriter.flush(); org.apache.avro.file.DataFileWriter.sync()
"org.apache.avro.io.BinaryData.compareBytes(byte[], int, int, byte[], int, int)",FreqExec,"org.apache.avro.io.BinaryData.compareBytes(byte[], int, int, byte[], int, int); org.apache.avro.util.Utf8.compareTo(Utf8); org.apache.avro.generic.GenericData$Fixed.compareTo(GenericData$Fixed)"
org.apache.avro.ipc.trace.TracePlugin.getSingleton(),HotCallee,org.apache.avro.ipc.trace.TracePlugin.getSingleton(); org.apache.avro.ipc.trace.TracePlugin.TracePlugin(TracePluginConfiguration)
"org.apache.avro.generic.GenericData.compare(Object, Object, Schema, boolean)",HotRecur,"org.apache.avro.generic.GenericData.compare(Object, Object, Schema, boolean); org.apache.avro.specific.SpecificData.compare(Object, Object, Schema, boolean); org.apache.avro.generic.GenericData.compare(Object, Object, Schema)"
org.apache.avro.compiler.specific.SpecificCompiler.javaEscape(Object),FreqExec,"org.apache.avro.compiler.specific.SpecificCompiler.javaEscape(Object); java.lang.reflect.Method.invoke(Object, Object[])"
org.apache.avro.util.Utf8.setLength(int),FreqExec,"org.apache.avro.util.Utf8.setLength(int); org.apache.avro.RandomData.randomUtf8(Random, int)"
"org.apache.avro.io.ResolvingDecoder.doAction(Symbol, Symbol)",FreqExec,"org.apache.avro.io.ResolvingDecoder.doAction(Symbol, Symbol); org.apache.avro.io.parsing.Parser.advance(Symbol)"
"org.apache.avro.generic.GenericDatumReader.readFixed(Object, Schema, Decoder)",FreqExec,"org.apache.avro.generic.GenericDatumReader.readFixed(Object, Schema, Decoder); org.apache.avro.generic.GenericDatumReader.read(Object, Schema, ResolvingDecoder)"
org.apache.avro.ipc.trace.TracePlugin.TracePlugin(TracePluginConfiguration),HotCallee,org.apache.avro.ipc.trace.TracePlugin.TracePlugin(TracePluginConfiguration); org.apache.avro.ipc.HttpServer.start(); org.apache.avro.Protocol.parse(String)
org.apache.avro.io.BlockingBinaryEncoder.writeZero(),HotCallee,org.apache.avro.io.BlockingBinaryEncoder.writeZero(); org.apache.avro.io.BlockingBinaryEncoder.ensureBounds(int)
"org.apache.avro.ipc.Requestor.request(String, Object)",HotCallee,"org.apache.avro.ipc.Requestor.request(String, Object); org.apache.avro.ipc.Requestor.request(Request, Callback<T>)"
org.apache.avro.io.ValidatingEncoder.setItemCount(long),FreqExec,"org.apache.avro.io.ValidatingEncoder.setItemCount(long); org.apache.avro.io.TestValidatingIO.generate(Encoder, String, Object[]); org.apache.avro.data.Json.write(JsonNode, Encoder)"
"org.apache.avro.ipc.NettyServer.NettyServer(Responder, InetSocketAddress)",HotCallee,"org.apache.avro.ipc.NettyServer.NettyServer(Responder, InetSocketAddress); org.apache.avro.ipc.NettyServer.NettyServer(Responder, InetSocketAddress, ChannelFactory)"
org.apache.avro.ipc.specific.SpecificRequestor.getDatumWriter(Schema),FreqExec,"org.apache.avro.ipc.specific.SpecificRequestor.getDatumWriter(Schema); org.apache.avro.ipc.specific.SpecificRequestor.writeRequest(Schema, Object, Encoder)"
org.apache.avro.io.parsing.SkipParser.skipTo(int),HotExec,org.apache.avro.io.parsing.SkipParser.skipTo(int); org.apache.avro.io.parsing.SkipParser.skipSymbol(Symbol)
"org.apache.avro.io.DecoderFactory.binaryDecoder(byte[], int, int, BinaryDecoder)",FreqExec,"org.apache.avro.io.DecoderFactory.binaryDecoder(byte[], int, int, BinaryDecoder); org.apache.avro.file.DataFileStream.hasNext(); org.apache.avro.io.DecoderFactory.binaryDecoder(byte[], BinaryDecoder)"
org.apache.avro.file.SeekableFileInput.tell(),FreqExec,"org.apache.avro.file.SeekableFileInput.tell(); org.apache.avro.file.DataFileReader$SeekableInputStream.tell(); org.apache.avro.file.DataFileReader.openReader(SeekableInput, DatumReader<D>, Header, boolean)"
"org.apache.avro.io.BlockingBinaryEncoder.BlockingBinaryEncoder(OutputStream, int, int)",FreqExec,"org.apache.avro.io.BlockingBinaryEncoder.BlockingBinaryEncoder(OutputStream, int, int); org.apache.avro.io.EncoderFactory.blockingBinaryEncoder(OutputStream, BinaryEncoder)"
org.apache.avro.io.Decoder.readFixed(byte[]),FreqExec,org.apache.avro.io.Decoder.readFixed(byte[]); org.apache.avro.file.DataFileStream.nextRawBlock(DataBlock); org.apache.avro.file.DataFileStream.initialize(InputStream)
"org.apache.avro.ipc.specific.SpecificRequestor.invoke(Object, Method, Object[])",FreqExec,"org.apache.avro.ipc.specific.SpecificRequestor.invoke(Object, Method, Object[]); com.sun.proxy.$Proxy9.hello(String)"
org.apache.avro.io.BinaryDecoder.innerLongDecode(long),FreqExec,org.apache.avro.io.BinaryDecoder.innerLongDecode(long); org.apache.avro.io.BinaryDecoder.readLong()
org.apache.avro.Schema.parseJson(String),FreqExec,org.apache.avro.Schema.parseJson(String); org.apache.avro.TestSchema.checkBinaryJson(String)
"org.apache.avro.ipc.specific.SpecificRequestor.writeRequest(Schema, Object, Encoder)",FreqExec,"org.apache.avro.ipc.specific.SpecificRequestor.writeRequest(Schema, Object, Encoder); org.apache.avro.ipc.Requestor$Request.getBytes()"
"org.apache.avro.ipc.generic.GenericResponder.writeResponse(Schema, Object, Encoder)",FreqExec,"org.apache.avro.ipc.generic.GenericResponder.writeResponse(Schema, Object, Encoder); org.apache.avro.ipc.Responder.respond(List<ByteBuffer>, Transceiver)"
org.apache.avro.io.ParsingEncoder.setItemCount(long),FreqExec,"org.apache.avro.io.ParsingEncoder.setItemCount(long); org.apache.avro.io.ValidatingEncoder.setItemCount(long); org.apache.avro.generic.GenericDatumWriter.writeMap(Schema, Object, Encoder); org.apache.avro.generic.GenericDatumWriter.writeArray(Schema, Object, Encoder)"
org.apache.avro.file.DataFileWriter.close(),HotCallee,org.apache.avro.file.DataFileWriter.close(); org.apache.avro.file.DataFileWriter.flush()
org.apache.avro.io.BinaryDecoder.readString(),FreqExec,org.apache.avro.io.BinaryDecoder.readString(); org.apache.avro.io.ValidatingDecoder.readString()
"org.apache.avro.generic.GenericDatumReader.readArray(Object, Schema, ResolvingDecoder)",FreqExec,"org.apache.avro.generic.GenericDatumReader.readArray(Object, Schema, ResolvingDecoder); org.apache.avro.generic.GenericDatumReader.read(Object, Schema, ResolvingDecoder)"
"org.apache.avro.file.DeflateCodec.writeAndClose(ByteBuffer, OutputStream)",FreqExec,"org.apache.avro.file.DeflateCodec.writeAndClose(ByteBuffer, OutputStream); org.apache.avro.file.DeflateCodec.decompress(ByteBuffer); org.apache.avro.file.DeflateCodec.compress(ByteBuffer)"
org.apache.avro.ipc.SocketTransceiver.readBuffers(),FreqExec,org.apache.avro.ipc.SocketTransceiver.readBuffers(); org.apache.avro.ipc.SocketServer$Connection.run(); org.apache.avro.ipc.Transceiver.transceive(List<ByteBuffer>)
"org.apache.avro.io.EncoderFactory.blockingBinaryEncoder(OutputStream, BinaryEncoder)",FreqExec,"org.apache.avro.io.EncoderFactory.blockingBinaryEncoder(OutputStream, BinaryEncoder); org.apache.avro.io.TestValidatingIO.make(Schema, String, Object[], TestValidatingIO$Encoding); org.apache.avro.io.TestBlockingIO$Tests.<init>(int, int, String); org.apache.avro.io.TestBlockingIO2.<init>(int, int, String); org.apache.avro.TestSchema.checkBlockingBinary(Schema, Object, DatumWriter, DatumReader)"
"org.apache.avro.ipc.trace.FileSpanStorage.readFileSpans(File, List<Span>)",HotCallee,"org.apache.avro.ipc.trace.FileSpanStorage.readFileSpans(File, List<Span>); org.apache.avro.file.DataFileStream.next(); org.apache.avro.file.DataFileStream.hasNext()"
org.apache.avro.util.WeakIdentityHashMap.get(Object),FreqExec,"org.apache.avro.util.WeakIdentityHashMap.get(Object); org.apache.avro.generic.GenericDatumReader.getResolver(Schema, Schema)"
org.apache.avro.file.DeflateCodec.getDeflater(),FreqExec,org.apache.avro.file.DeflateCodec.getDeflater(); org.apache.avro.file.DeflateCodec.compress(ByteBuffer)
org.apache.avro.file.DataFileWriter.sync(),HotCallee,org.apache.avro.file.DataFileWriter.sync(); org.apache.avro.file.DataFileWriter.writeBlock()
org.apache.avro.ipc.DatagramTransceiver.getRemoteName(),FreqExec,org.apache.avro.ipc.DatagramTransceiver.getRemoteName(); org.apache.avro.ipc.Requestor.writeHandshake(Encoder)
"org.apache.avro.ipc.specific.SpecificResponder.getDatumReader(Schema, Schema)",FreqExec,"org.apache.avro.ipc.specific.SpecificResponder.getDatumReader(Schema, Schema); org.apache.avro.ipc.generic.GenericResponder.readRequest(Schema, Schema, Decoder)"
org.apache.avro.file.DeflateCodec.compress(ByteBuffer),FreqExec,org.apache.avro.file.DeflateCodec.compress(ByteBuffer); org.apache.avro.file.DataFileStream$DataBlock.compressUsing(Codec)
"org.apache.avro.generic.GenericDatumReader.read(Object, Schema, ResolvingDecoder)",HotCyclic,"org.apache.avro.generic.GenericDatumReader.read(Object, Schema, ResolvingDecoder); org.apache.avro.generic.GenericDatumReader.readRecord(Object, Schema, ResolvingDecoder)"
"org.apache.avro.generic.GenericDatumReader.read(Object, Schema, ResolvingDecoder)",HotRecur,"org.apache.avro.generic.GenericDatumReader.read(Object, Schema, ResolvingDecoder); org.apache.avro.generic.GenericDatumReader.read(D, Decoder); org.apache.avro.generic.GenericDatumReader.readRecord(Object, Schema, ResolvingDecoder)"
org.apache.avro.io.BufferedBinaryEncoder.flush(),FreqExec,"org.apache.avro.io.BufferedBinaryEncoder.flush(); org.apache.avro.file.DataFileStream$DataBlock.writeBlockTo(BinaryEncoder, byte[]); org.apache.avro.file.DataFileWriter.writeBlock(); org.apache.avro.file.DataFileWriter.flush(); org.apache.avro.io.BlockingBinaryEncoder.flush(); org.apache.avro.ipc.Requestor$Request.getBytes(); org.apache.avro.ipc.Responder.respond(List<ByteBuffer>, Transceiver)"
org.apache.avro.ipc.specific.SpecificResponder.getDatumWriter(Schema),FreqExec,"org.apache.avro.ipc.specific.SpecificResponder.getDatumWriter(Schema); org.apache.avro.ipc.generic.GenericResponder.writeResponse(Schema, Object, Encoder)"
"org.apache.avro.ipc.Requestor.request(Request, Callback<T>)",HotCallee,"org.apache.avro.ipc.Requestor.request(Request, Callback<T>); org.apache.avro.ipc.Transceiver.transceive(List<ByteBuffer>, Callback<List>)"
org.apache.avro.Schema.parseAliases(JsonNode),FreqExec,"org.apache.avro.Schema.parseAliases(JsonNode); org.apache.avro.Schema.parse(JsonNode, Names)"
org.apache.avro.file.DataFileStream.next(D),FreqExec,org.apache.avro.file.DataFileStream.next(D); org.apache.avro.TestDataFileConcat.testConcateateFiles(); org.apache.avro.TestDataFile.testGenericAppend(); org.apache.avro.TestDataFile.testGenericRead(); org.apache.avro.file.DataFileStream.next()
"org.apache.avro.io.JsonEncoder.doAction(Symbol, Symbol)",FreqExec,"org.apache.avro.io.JsonEncoder.doAction(Symbol, Symbol); org.apache.avro.io.parsing.Parser.advance(Symbol); org.apache.avro.io.parsing.Parser.processImplicitActions()"
org.apache.avro.file.SeekableFileInput.length(),FreqExec,org.apache.avro.file.SeekableFileInput.length(); org.apache.avro.file.DataFileReader$SeekableInputStream.length()
"org.apache.avro.generic.GenericDatumWriter.write(Schema, Object, Encoder)",HotCyclic,"org.apache.avro.generic.GenericDatumWriter.write(Schema, Object, Encoder); org.apache.avro.generic.GenericDatumWriter.writeRecord(Schema, Object, Encoder)"
"org.apache.avro.generic.GenericDatumWriter.write(Schema, Object, Encoder)",HotRecur,"org.apache.avro.generic.GenericDatumWriter.write(Schema, Object, Encoder); org.apache.avro.generic.GenericDatumWriter.write(D, Encoder); org.apache.avro.generic.GenericDatumWriter.writeRecord(Schema, Object, Encoder)"
org.apache.avro.io.BinaryEncoder.writeIndex(int),FreqExec,"org.apache.avro.io.BinaryEncoder.writeIndex(int); org.apache.avro.io.ValidatingEncoder.writeIndex(int); org.apache.avro.generic.GenericDatumWriter.write(Schema, Object, Encoder)"
"org.apache.avro.specific.SpecificData.newRecord(Object, Schema)",FreqExec,"org.apache.avro.specific.SpecificData.newRecord(Object, Schema); org.apache.avro.generic.GenericDatumReader.readRecord(Object, Schema, ResolvingDecoder)"
org.apache.avro.ipc.DatagramTransceiver.writeBuffers(List<ByteBuffer>),FreqExec,org.apache.avro.ipc.DatagramTransceiver.writeBuffers(List<ByteBuffer>); org.apache.avro.ipc.Transceiver.transceive(List<ByteBuffer>); org.apache.avro.ipc.DatagramServer.run()
"org.apache.avro.generic.GenericData.compare(Object, Object, Schema)",FreqExec,"org.apache.avro.generic.GenericData.compare(Object, Object, Schema); org.apache.avro.specific.SpecificRecordBase.compareTo(SpecificRecord)"
org.apache.avro.io.ValidatingEncoder.writeIndex(int),FreqExec,"org.apache.avro.io.ValidatingEncoder.writeIndex(int); org.apache.avro.io.TestValidatingIO.generate(Encoder, String, Object[]); org.apache.avro.data.Json.write(JsonNode, Encoder)"
"org.apache.avro.ipc.ResponderServlet.doPost(HttpServletRequest, HttpServletResponse)",HotCallee,"org.apache.avro.ipc.ResponderServlet.doPost(HttpServletRequest, HttpServletResponse); org.apache.avro.ipc.HttpTransceiver.writeBuffers(List<ByteBuffer>, OutputStream); org.apache.avro.ipc.Responder.respond(List<ByteBuffer>); org.apache.avro.ipc.HttpTransceiver.readBuffers(InputStream)"
org.apache.avro.ipc.SaslSocketTransceiver.transceive(List<ByteBuffer>),HotCallee,org.apache.avro.ipc.SaslSocketTransceiver.transceive(List<ByteBuffer>); org.apache.avro.ipc.Transceiver.transceive(List<ByteBuffer>); org.apache.avro.ipc.SaslSocketTransceiver.readFrame()
org.apache.avro.io.ValidatingEncoder.flush(),FreqExec,"org.apache.avro.io.ValidatingEncoder.flush(); org.apache.avro.io.TestValidatingIO.make(Schema, String, Object[], TestValidatingIO$Encoding); org.apache.avro.io.parsing.TestResolvingGrammarGenerator.test(); org.apache.avro.TestSchema.checkBinaryJson(String)"
org.apache.avro.io.ValidatingDecoder.readBoolean(),FreqExec,"org.apache.avro.io.ValidatingDecoder.readBoolean(); org.apache.avro.generic.GenericDatumReader.read(Object, Schema, ResolvingDecoder)"
"org.apache.avro.Schema.getRequiredText(JsonNode, String, String)",FreqExec,"org.apache.avro.Schema.getRequiredText(JsonNode, String, String); org.apache.avro.Schema.parse(JsonNode, Names)"
org.apache.avro.io.BinaryEncoder.writeArrayEnd(),FreqExec,"org.apache.avro.io.BinaryEncoder.writeArrayEnd(); org.apache.avro.io.ValidatingEncoder.writeArrayEnd(); org.apache.avro.generic.GenericDatumWriter.writeArray(Schema, Object, Encoder)"
"org.apache.avro.Schema.getOptionalText(JsonNode, String)",FreqExec,"org.apache.avro.Schema.getOptionalText(JsonNode, String); org.apache.avro.Schema.getRequiredText(JsonNode, String, String); org.apache.avro.Schema.parse(JsonNode, Names)"
"org.apache.avro.io.BinaryData.encodeInt(int, byte[], int)",FreqExec,"org.apache.avro.io.BinaryData.encodeInt(int, byte[], int); org.apache.avro.io.BufferedBinaryEncoder.writeInt(int); org.apache.avro.io.BlockingBinaryEncoder.writeInt(int); org.apache.avro.io.BlockingBinaryEncoder.writeIndex(int); org.apache.avro.io.BlockingBinaryEncoder.endBlockedValue()"
org.apache.avro.Schema.getProp(String),FreqExec,"org.apache.avro.Schema.getProp(String); org.apache.avro.generic.GenericDatumReader.readString(Object, Schema, Decoder); org.apache.avro.specific.SpecificData.getClass(Schema)"
org.apache.avro.specific.SpecificFixed.SpecificFixed(),FreqExec,org.apache.avro.specific.SpecificFixed.SpecificFixed(); org.apache.avro.ipc.MD5.<init>(); org.apache.avro.ipc.trace.ID.<init>()
org.apache.avro.file.SeekableFileInput.seek(long),FreqExec,"org.apache.avro.file.SeekableFileInput.seek(long); org.apache.avro.file.DataFileReader$SeekableInputStream.seek(long); org.apache.avro.file.DataFileReader.openReader(SeekableInput, DatumReader<D>); org.apache.avro.TestDataFile.testReadWithHeader()"
org.apache.avro.io.parsing.SkipParser.skipSymbol(Symbol),HotCallee,org.apache.avro.io.parsing.SkipParser.skipSymbol(Symbol); org.apache.avro.io.parsing.SkipParser.skipTo(int)
org.apache.avro.io.BlockingBinaryEncoder.ensureBounds(int),HotExec,org.apache.avro.io.BlockingBinaryEncoder.ensureBounds(int); org.apache.avro.io.BlockingBinaryEncoder.writeInt(int); org.apache.avro.io.BlockingBinaryEncoder.endBlockedValue(); org.apache.avro.io.BlockingBinaryEncoder.writeIndex(int); org.apache.avro.io.BlockingBinaryEncoder.writeLong(long); org.apache.avro.io.BlockingBinaryEncoder.writeZero()
org.apache.avro.ipc.HttpTransceiver.writeBuffers(List<ByteBuffer>),HotCallee,"org.apache.avro.ipc.HttpTransceiver.writeBuffers(List<ByteBuffer>); org.apache.avro.ipc.HttpTransceiver.writeBuffers(List<ByteBuffer>, OutputStream)"
"org.apache.avro.io.ValidatingEncoder.ValidatingEncoder(Schema, Encoder)",FreqExec,"org.apache.avro.io.ValidatingEncoder.ValidatingEncoder(Schema, Encoder); org.apache.avro.io.EncoderFactory.validatingEncoder(Schema, Encoder)"
org.apache.avro.io.BinaryEncoder.writeString(Utf8),FreqExec,"org.apache.avro.io.BinaryEncoder.writeString(Utf8); org.apache.avro.io.Encoder.writeString(CharSequence); org.apache.avro.io.ValidatingEncoder.writeString(Utf8); org.apache.avro.io.TestValidatingIO.generate(Encoder, String, Object[])"
org.apache.avro.ipc.HttpTransceiver.readBuffers(),HotCallee,org.apache.avro.ipc.HttpTransceiver.readBuffers(); org.apache.avro.ipc.HttpTransceiver.readBuffers(InputStream)
org.apache.avro.file.DeflateCodec.decompress(ByteBuffer),FreqExec,org.apache.avro.file.DeflateCodec.decompress(ByteBuffer); org.apache.avro.file.DataFileStream$DataBlock.decompressUsing(Codec)
org.apache.avro.file.DataFileStream.next(),FreqExec,"org.apache.avro.file.DataFileStream.next(); org.apache.avro.TestDataFile.testSplits(); org.apache.avro.TestDataFile.testSyncDiscovery(); org.apache.avro.ipc.trace.FileSpanStorage.readFileSpans(File, List<Span>)"
org.apache.avro.file.DataFileReader.blockFinished(),FreqExec,"org.apache.avro.file.DataFileReader.blockFinished(); org.apache.avro.file.DataFileStream.next(D); org.apache.avro.file.DataFileReader.DataFileReader(SeekableInput, DatumReader<D>)"
"org.apache.avro.generic.GenericData.getField(Object, String, int)",FreqExec,"org.apache.avro.generic.GenericData.getField(Object, String, int); org.apache.avro.generic.GenericData.getField(Object, String, int, Object); org.apache.avro.generic.GenericData.compare(Object, Object, Schema, boolean); org.apache.avro.generic.GenericData.toString(Object, StringBuilder); org.apache.avro.generic.GenericData.validate(Schema, Object)"
org.apache.avro.io.BinaryDecoder.readBoolean(),FreqExec,org.apache.avro.io.BinaryDecoder.readBoolean(); org.apache.avro.io.ValidatingDecoder.readBoolean(); org.apache.avro.ipc.Requestor$Response.getResponse()
org.apache.avro.io.ResolvingDecoder.drain(),FreqExec,"org.apache.avro.io.ResolvingDecoder.drain(); org.apache.avro.generic.GenericDatumReader.read(D, Decoder)"
org.apache.avro.ipc.SocketServer.getTransceiver(SocketChannel),HotCallee,org.apache.avro.ipc.SocketServer.getTransceiver(SocketChannel); org.apache.avro.ipc.SocketTransceiver.SocketTransceiver(SocketChannel)
org.apache.avro.io.BufferedBinaryEncoder.writeInt(int),FreqExec,"org.apache.avro.io.BufferedBinaryEncoder.writeInt(int); org.apache.avro.io.BinaryEncoder.writeBytes(byte[], int, int); org.apache.avro.io.BinaryEncoder.writeString(String); org.apache.avro.io.BinaryEncoder.writeIndex(int)"
org.apache.avro.Protocol.parse(String),HotCallee,org.apache.avro.Protocol.parse(String); org.apache.avro.Protocol.parse(JsonParser)
org.apache.avro.io.parsing.Parser.advance(Symbol),HotCyclic,"org.apache.avro.io.ResolvingDecoder.doAction(Symbol, Symbol); org.apache.avro.io.JsonDecoder.readIndex(); org.apache.avro.io.JsonDecoder.advance(Symbol); org.apache.avro.io.parsing.Parser.advance(Symbol)"
org.apache.avro.io.parsing.Parser.advance(Symbol),FreqExec,org.apache.avro.io.parsing.Parser.advance(Symbol); org.apache.avro.io.ValidatingDecoder.readString(Utf8); org.apache.avro.io.ResolvingDecoder.readLong(); org.apache.avro.io.ResolvingDecoder.readFieldOrder(); org.apache.avro.io.JsonDecoder.advance(Symbol); org.apache.avro.io.ResolvingDecoder.readDouble(); org.apache.avro.io.ResolvingDecoder.readIndex(); org.apache.avro.io.ValidatingDecoder.readInt(); org.apache.avro.io.ResolvingDecoder.readFloat(); org.apache.avro.io.ValidatingDecoder.skipArray(); org.apache.avro.io.ValidatingDecoder.readMapStart(); org.apache.avro.io.ValidatingDecoder.skipMap(); org.apache.avro.io.ValidatingDecoder.readBoolean(); org.apache.avro.io.JsonDecoder.doArrayNext(); org.apache.avro.io.ValidatingDecoder.readArrayStart(); org.apache.avro.io.ValidatingDecoder.mapNext(); org.apache.avro.io.JsonDecoder.readString(); org.apache.avro.io.ValidatingDecoder.arrayNext(); org.apache.avro.io.JsonEncoder.writeInt(int); org.apache.avro.io.ValidatingEncoder.writeInt(int); org.apache.avro.io.JsonEncoder.writeMapEnd(); org.apache.avro.io.ValidatingEncoder.writeMapEnd(); org.apache.avro.io.JsonEncoder.writeArrayEnd(); org.apache.avro.io.ValidatingEncoder.writeArrayEnd(); org.apache.avro.io.ValidatingEncoder.writeFloat(float); org.apache.avro.io.JsonEncoder.writeIndex(int); org.apache.avro.io.ValidatingEncoder.writeIndex(int); org.apache.avro.io.JsonEncoder.writeMapStart(); org.apache.avro.io.ValidatingEncoder.writeMapStart(); org.apache.avro.io.JsonEncoder.writeArrayStart(); org.apache.avro.io.ValidatingEncoder.writeArrayStart(); org.apache.avro.io.JsonEncoder.writeString(String); org.apache.avro.io.ValidatingEncoder.writeString(String); org.apache.avro.io.JsonEncoder.writeLong(long); org.apache.avro.io.ValidatingEncoder.writeLong(long); org.apache.avro.io.JsonEncoder.startItem(); org.apache.avro.io.ValidatingDecoder.readIndex(); org.apache.avro.io.ValidatingDecoder.readNull(); org.apache.avro.io.ValidatingDecoder.readBytes(ByteBuffer); org.apache.avro.io.ValidatingDecoder.checkFixed(int); org.apache.avro.io.ResolvingDecoder.readEnum(); org.apache.avro.io.ValidatingDecoder.readString()
org.apache.avro.ipc.trace.FileSpanStorage.addSpan(Span),FreqExec,org.apache.avro.ipc.trace.FileSpanStorage.addSpan(Span); org.apache.avro.ipc.trace.TestFileSpanStorage.testTonsOfSpans(); org.apache.avro.ipc.trace.TestFileSpanStorage.testRangeQuery1(); org.apache.avro.ipc.trace.TracePlugin.clientReceiveResponse(RPCContext); org.apache.avro.ipc.trace.TestFileSpanStorage.testBasicMaxSpans(); org.apache.avro.ipc.trace.TracePlugin.serverSendResponse(RPCContext)
"org.apache.avro.generic.GenericDatumReader.newArray(Object, int, Schema)",FreqExec,"org.apache.avro.generic.GenericDatumReader.newArray(Object, int, Schema); org.apache.avro.generic.GenericDatumReader.readArray(Object, Schema, ResolvingDecoder)"
org.apache.avro.file.DataFileWriter.bufferInUse(),FreqExec,org.apache.avro.file.DataFileWriter.bufferInUse(); org.apache.avro.file.DataFileWriter.writeIfBlockFull(); org.apache.avro.file.DataFileWriter.append(D)
"org.apache.avro.tool.FromTextTool.run(InputStream, PrintStream, PrintStream, List<String>)",HotCallee,"org.apache.avro.tool.FromTextTool.run(InputStream, PrintStream, PrintStream, List<String>); org.apache.avro.file.DataFileWriter.close(); org.apache.avro.file.DataFileWriter.create(Schema, OutputStream); org.apache.avro.file.DataFileWriter.append(D)"
org.apache.avro.file.DataFileWriter.writeBlock(),FreqExec,org.apache.avro.file.DataFileWriter.writeBlock(); org.apache.avro.file.DataFileWriter.writeIfBlockFull(); org.apache.avro.file.DataFileWriter.sync()
org.apache.avro.io.DirectBinaryDecoder.readLong(),FreqExec,org.apache.avro.io.DirectBinaryDecoder.readLong(); org.apache.avro.io.BinaryDecoder.doReadItemCount(); org.apache.avro.io.ResolvingDecoder.readLong()
"org.apache.avro.generic.GenericDatumWriter.writeString(Object, Encoder)",FreqExec,"org.apache.avro.generic.GenericDatumWriter.writeString(Object, Encoder); org.apache.avro.generic.GenericDatumWriter.writeString(Schema, Object, Encoder); org.apache.avro.generic.GenericDatumWriter.writeMap(Schema, Object, Encoder)"
org.apache.avro.io.ValidatingEncoder.writeInt(int),FreqExec,"org.apache.avro.io.ValidatingEncoder.writeInt(int); org.apache.avro.io.TestValidatingIO.generate(Encoder, String, Object[])"
org.apache.avro.generic.GenericData.isString(Object),FreqExec,"org.apache.avro.generic.GenericData.isString(Object); org.apache.avro.generic.GenericData.instanceOf(Schema, Object); org.apache.avro.generic.GenericData.validate(Schema, Object)"
org.apache.avro.io.ValidatingEncoder.writeString(String),FreqExec,"org.apache.avro.io.ValidatingEncoder.writeString(String); org.apache.avro.io.TestValidatingIO.generate(Encoder, String, Object[]); org.apache.avro.data.Json.write(JsonNode, Encoder)"
"org.apache.avro.io.BinaryDecoder.configure(byte[], int, int)",FreqExec,"org.apache.avro.io.BinaryDecoder.configure(byte[], int, int); org.apache.avro.io.DecoderFactory.binaryDecoder(byte[], int, int, BinaryDecoder); org.apache.avro.io.BinaryDecoder.BinaryDecoder(byte[], int, int)"
"org.apache.avro.io.BinaryDecoder.doReadBytes(byte[], int, int)",FreqExec,"org.apache.avro.io.BinaryDecoder.doReadBytes(byte[], int, int); org.apache.avro.io.BinaryDecoder.readString(Utf8); org.apache.avro.io.BinaryDecoder.readFixed(byte[], int, int); org.apache.avro.io.BinaryDecoder.readBytes(ByteBuffer)"
"org.apache.avro.specific.SpecificDatumWriter.writeEnum(Schema, Object, Encoder)",FreqExec,"org.apache.avro.specific.SpecificDatumWriter.writeEnum(Schema, Object, Encoder); org.apache.avro.generic.GenericDatumWriter.write(Schema, Object, Encoder)"
"org.apache.avro.generic.GenericDatumReader.readString(Object, Decoder)",FreqExec,"org.apache.avro.generic.GenericDatumReader.readString(Object, Decoder); org.apache.avro.generic.GenericDatumReader.readString(Object, Schema, Decoder)"
org.apache.avro.io.BlockingBinaryEncoder.writeInt(int),HotCallee,org.apache.avro.io.BlockingBinaryEncoder.writeInt(int); org.apache.avro.io.BlockingBinaryEncoder.ensureBounds(int)
"org.apache.avro.ipc.specific.SpecificRequestor.readResponse(Schema, Schema, Decoder)",FreqExec,"org.apache.avro.ipc.specific.SpecificRequestor.readResponse(Schema, Schema, Decoder); org.apache.avro.ipc.Requestor$Response.getResponse()"
org.apache.avro.io.BlockingBinaryEncoder.writeArrayEnd(),HotCallee,org.apache.avro.io.BlockingBinaryEncoder.writeArrayEnd(); org.apache.avro.io.BlockingBinaryEncoder.endBlockedValue()
org.apache.avro.io.ValidatingDecoder.readNull(),FreqExec,"org.apache.avro.io.ValidatingDecoder.readNull(); org.apache.avro.generic.GenericDatumReader.read(Object, Schema, ResolvingDecoder)"
org.apache.avro.io.DirectBinaryDecoder.readBoolean(),FreqExec,org.apache.avro.io.DirectBinaryDecoder.readBoolean(); org.apache.avro.io.ValidatingDecoder.readBoolean()
org.apache.avro.io.DirectBinaryEncoder.writeZero(),FreqExec,"org.apache.avro.io.DirectBinaryEncoder.writeZero(); org.apache.avro.io.BinaryEncoder.writeArrayEnd(); org.apache.avro.io.BinaryEncoder.writeMapEnd(); org.apache.avro.io.BinaryEncoder.writeBytes(byte[], int, int)"
org.apache.avro.io.BufferedBinaryEncoder.ensureBounds(int),FreqExec,"org.apache.avro.io.BufferedBinaryEncoder.ensureBounds(int); org.apache.avro.io.BufferedBinaryEncoder.writeInt(int); org.apache.avro.io.BufferedBinaryEncoder.writeFixed(byte[], int, int); org.apache.avro.io.BufferedBinaryEncoder.writeLong(long); org.apache.avro.io.BufferedBinaryEncoder.writeFloat(float); org.apache.avro.io.BufferedBinaryEncoder.writeDouble(double)"
org.apache.avro.io.BinaryDecoder.readIndex(),FreqExec,"org.apache.avro.io.BinaryDecoder.readIndex(); org.apache.avro.io.ResolvingDecoder.doAction(Symbol, Symbol); org.apache.avro.io.ValidatingDecoder.readIndex()"
org.apache.avro.io.parsing.Parser.processImplicitActions(),FreqExec,org.apache.avro.io.parsing.Parser.processImplicitActions(); org.apache.avro.io.ResolvingDecoder.drain(); org.apache.avro.io.JsonEncoder.flush()
"org.apache.avro.file.DataFileWriter.create(Schema, OutputStream)",HotCallee,"org.apache.avro.file.DataFileWriter.create(Schema, OutputStream); org.apache.avro.io.BinaryEncoder.writeString(String)"
org.apache.avro.specific.SpecificRecordBase.compareTo(SpecificRecord),HotRecur,org.apache.avro.specific.SpecificRecordBase.compareTo(SpecificRecord); org.apache.avro.specific.SpecificRecordBase.equals(Object)
org.apache.avro.util.Utf8.Utf8(),FreqExec,"org.apache.avro.util.Utf8.Utf8(); org.apache.avro.RandomData.randomUtf8(Random, int); org.apache.avro.io.BinaryDecoder.readString(Utf8); org.apache.avro.io.BinaryDecoder.BinaryDecoder(byte[], int, int); org.apache.avro.io.BinaryDecoder.BinaryDecoder(InputStream, int); org.apache.avro.io.BinaryDecoder.BinaryDecoder()"
org.apache.avro.io.JsonDecoder.configure(InputStream),FreqExec,"org.apache.avro.io.JsonDecoder.configure(InputStream); org.apache.avro.io.JsonDecoder.JsonDecoder(Symbol, InputStream)"
org.apache.avro.ipc.HttpTransceiver.getRemoteName(),FreqExec,org.apache.avro.ipc.HttpTransceiver.getRemoteName(); org.apache.avro.ipc.Requestor.writeHandshake(Encoder)
"org.apache.avro.util.ByteBufferOutputStream.write(byte[], int, int)",FreqExec,"org.apache.avro.util.ByteBufferOutputStream.write(byte[], int, int); org.apache.avro.io.BufferedBinaryEncoder$OutputStreamSink.innerWrite(byte[], int, int)"
org.apache.avro.io.ResolvingDecoder.readEnum(),FreqExec,"org.apache.avro.io.ResolvingDecoder.readEnum(); org.apache.avro.generic.GenericDatumReader.readEnum(Schema, Decoder)"
org.apache.avro.ipc.SaslSocketTransceiver.readFrame(),HotCallee,org.apache.avro.ipc.SaslSocketTransceiver.readFrame(); org.apache.avro.ipc.SaslSocketTransceiver.read(ByteBuffer)
org.apache.avro.io.BufferedBinaryEncoder.flushBuffer(),FreqExec,"org.apache.avro.io.BufferedBinaryEncoder.flushBuffer(); org.apache.avro.io.BufferedBinaryEncoder.flush(); org.apache.avro.io.BufferedBinaryEncoder.writeFixed(byte[], int, int); org.apache.avro.io.BufferedBinaryEncoder.ensureBounds(int)"
"org.apache.avro.io.EncoderFactory.validatingEncoder(Schema, Encoder)",FreqExec,"org.apache.avro.io.EncoderFactory.validatingEncoder(Schema, Encoder); org.apache.avro.io.TestValidatingIO.make(Schema, String, Object[], TestValidatingIO$Encoding); org.apache.avro.TestSchema.checkBinaryJson(String)"
"org.apache.avro.ipc.Transceiver.transceive(List<ByteBuffer>, Callback<List>)",HotCallee,"org.apache.avro.ipc.Transceiver.transceive(List<ByteBuffer>, Callback<List>); org.apache.avro.ipc.Transceiver.transceive(List<ByteBuffer>); org.apache.avro.ipc.SaslSocketTransceiver.transceive(List<ByteBuffer>)"
org.apache.avro.file.DataFileWriter.append(D),FreqExec,org.apache.avro.file.DataFileWriter.append(D); org.apache.avro.TestDataFileConcat.testConcateateFiles(); org.apache.avro.tool.TestRecodecTool.testRecodec(); org.apache.avro.ipc.trace.FileSpanStorage$DiskWriterThread.run()
"org.apache.avro.io.parsing.Symbol.flattenedSize(Symbol[], int)",FreqExec,"org.apache.avro.io.parsing.Symbol.flattenedSize(Symbol[], int); org.apache.avro.io.parsing.Symbol$Sequence.flattenedSize(); org.apache.avro.io.parsing.Symbol$Root.makeProduction(Symbol[]); org.apache.avro.io.parsing.Symbol$Repeater.flatten(Map, Map)"
org.apache.avro.io.ValidatingDecoder.readArrayStart(),FreqExec,"org.apache.avro.io.ValidatingDecoder.readArrayStart(); org.apache.avro.generic.GenericDatumReader.readArray(Object, Schema, ResolvingDecoder)"
"org.apache.avro.specific.SpecificData.createFixed(Object, Schema)",FreqExec,"org.apache.avro.specific.SpecificData.createFixed(Object, Schema); org.apache.avro.generic.GenericDatumReader.readFixed(Object, Schema, Decoder)"
org.apache.avro.io.BinaryDecoder.readEnum(),FreqExec,org.apache.avro.io.BinaryDecoder.readEnum(); org.apache.avro.io.ResolvingDecoder.readEnum()
org.apache.avro.ipc.trace.FileSpanStorage.floorSecond(long),FreqExec,"org.apache.avro.ipc.trace.FileSpanStorage.floorSecond(long); org.apache.avro.ipc.trace.FileSpanStorage.access$200(FileSpanStorage, long)"
"org.apache.avro.generic.GenericDatumReader.read(D, Decoder)",HotCyclic,"org.apache.avro.generic.GenericDatumReader.read(D, Decoder); org.apache.avro.generic.GenericDatumReader.read(Object, Schema, ResolvingDecoder); org.apache.avro.generic.GenericDatumReader.readRecord(Object, Schema, ResolvingDecoder); org.apache.avro.protobuf.ProtobufData.newRecord(Object, Schema); java.lang.reflect.Method.invoke(Object, Object[]); org.apache.avro.TestNamespaceSpecific$TestImpl.error(); org.apache.avro.test.errors.TestError$Builder.build(); org.apache.avro.data.RecordBuilderBase.getDefaultValue(Field)"
"org.apache.avro.generic.GenericDatumReader.read(D, Decoder)",FreqExec,"org.apache.avro.generic.GenericDatumReader.read(D, Decoder); org.apache.avro.file.DataFileStream.next(D); org.apache.avro.io.TestBinaryDecoder.testDecodeFromSources(); org.apache.avro.file.DataFileReader12.next(D); org.apache.avro.ipc.Requestor.readHandshake(Decoder); org.apache.avro.ipc.Requestor$Response.getResponse(); org.apache.avro.ipc.Responder.handshake(Decoder, Encoder, Transceiver); org.apache.avro.ipc.generic.GenericResponder.readRequest(Schema, Schema, Decoder); org.apache.avro.ipc.Responder.respond(List<ByteBuffer>, Transceiver); org.apache.avro.TestSchema.checkBinary(Schema, Object, DatumWriter, DatumReader, Object); org.apache.avro.TestSchema.checkBlockingBinary(Schema, Object, DatumWriter, DatumReader); org.apache.avro.TestSchema.checkDirectBinary(Schema, Object, DatumWriter, DatumReader); org.apache.avro.ipc.specific.SpecificRequestor.readResponse(Schema, Schema, Decoder); org.apache.avro.TestSchema.checkJson(Schema, Object, DatumWriter, DatumReader)"
"org.apache.avro.generic.GenericData.resolveUnion(Schema, Object)",FreqExec,"org.apache.avro.generic.GenericData.resolveUnion(Schema, Object); org.apache.avro.generic.GenericDatumWriter.write(Schema, Object, Encoder); org.apache.avro.generic.GenericData.compare(Object, Object, Schema, boolean)"
"org.apache.avro.ipc.generic.GenericResponder.readRequest(Schema, Schema, Decoder)",FreqExec,"org.apache.avro.ipc.generic.GenericResponder.readRequest(Schema, Schema, Decoder); org.apache.avro.ipc.Responder.respond(List<ByteBuffer>, Transceiver)"
"org.apache.avro.io.DirectBinaryEncoder.writeFixed(byte[], int, int)",FreqExec,"org.apache.avro.io.DirectBinaryEncoder.writeFixed(byte[], int, int); org.apache.avro.io.BinaryEncoder.writeString(String); org.apache.avro.io.BinaryEncoder.writeBytes(byte[], int, int); org.apache.avro.generic.GenericDatumWriter.writeFixed(Schema, Object, Encoder)"
org.apache.avro.specific.SpecificData.getSchema(java.lang.reflect.Type),FreqExec,org.apache.avro.specific.SpecificData.getSchema(java.lang.reflect.Type); org.apache.avro.specific.SpecificFixed.SpecificFixed(); org.apache.avro.specific.SpecificData.getEnumSchema(Object)
"org.apache.avro.generic.GenericDatumReader.readString(Object, Schema, Decoder)",FreqExec,"org.apache.avro.generic.GenericDatumReader.readString(Object, Schema, Decoder); org.apache.avro.generic.GenericDatumReader.read(Object, Schema, ResolvingDecoder)"
org.apache.avro.io.ResolvingDecoder.readIndex(),FreqExec,"org.apache.avro.io.ResolvingDecoder.readIndex(); org.apache.avro.generic.GenericDatumReader.read(Object, Schema, ResolvingDecoder)"
org.apache.avro.file.DeflateCodec.getOutputBuffer(int),FreqExec,org.apache.avro.file.DeflateCodec.getOutputBuffer(int); org.apache.avro.file.DeflateCodec.decompress(ByteBuffer); org.apache.avro.file.DeflateCodec.compress(ByteBuffer)
"org.apache.avro.io.JsonEncoder.JsonEncoder(Schema, OutputStream)",FreqExec,"org.apache.avro.io.JsonEncoder.JsonEncoder(Schema, OutputStream); org.apache.avro.io.EncoderFactory.jsonEncoder(Schema, OutputStream)"
"org.apache.avro.ipc.generic.GenericRequestor.request(String, Object)",HotCallee,"org.apache.avro.ipc.generic.GenericRequestor.request(String, Object); org.apache.avro.ipc.Requestor.request(String, Object)"
org.apache.avro.io.ValidatingDecoder.configure(Decoder),FreqExec,"org.apache.avro.io.ValidatingDecoder.configure(Decoder); org.apache.avro.io.ValidatingDecoder.ValidatingDecoder(Symbol, Decoder); org.apache.avro.generic.GenericDatumReader.read(D, Decoder)"
org.apache.avro.io.BinaryEncoder.writeString(String),FreqExec,org.apache.avro.io.BinaryEncoder.writeString(String); org.apache.avro.io.ValidatingEncoder.writeString(String); org.apache.avro.io.Encoder.writeString(CharSequence); org.apache.avro.ipc.Requestor$Request.getBytes()
"org.apache.avro.generic.GenericDatumWriter.write(D, Encoder)",FreqExec,"org.apache.avro.generic.GenericDatumWriter.write(D, Encoder); org.apache.avro.file.DataFileWriter.append(D)"
"org.apache.avro.io.DecoderFactory.binaryDecoder(byte[], BinaryDecoder)",FreqExec,"org.apache.avro.io.DecoderFactory.binaryDecoder(byte[], BinaryDecoder); org.apache.avro.io.TestResolvingIO.check(Schema, Schema, byte[], String, Object[], TestValidatingIO$Encoding, int); org.apache.avro.io.TestValidatingIO.check(Schema, byte[], String, Object[], int, TestValidatingIO$Encoding); org.apache.avro.io.TestBlockingIO$Tests.<init>(int, int, String); org.apache.avro.TestSchema.checkBinary(Schema, Object, DatumWriter, DatumReader, Object); org.apache.avro.TestSchema.checkBlockingBinary(Schema, Object, DatumWriter, DatumReader); org.apache.avro.TestSchema.checkDirectBinary(Schema, Object, DatumWriter, DatumReader); org.apache.avro.TestSchema.checkBinaryJson(String)"
"org.apache.avro.io.BinaryData.encodeLong(long, byte[], int)",FreqExec,"org.apache.avro.io.BinaryData.encodeLong(long, byte[], int); org.apache.avro.io.BufferedBinaryEncoder.writeLong(long); org.apache.avro.io.BlockingBinaryEncoder.writeLong(long); org.apache.avro.io.DirectBinaryEncoder.writeLong(long)"
org.apache.avro.io.BlockingBinaryEncoder.endBlockedValue(),HotCallee,org.apache.avro.io.BlockingBinaryEncoder.endBlockedValue(); org.apache.avro.io.BlockingBinaryEncoder.ensureBounds(int)
org.apache.avro.io.BufferedBinaryEncoder.writeLong(long),FreqExec,"org.apache.avro.io.BufferedBinaryEncoder.writeLong(long); org.apache.avro.generic.GenericDatumWriter.write(Schema, Object, Encoder); org.apache.avro.file.DataFileStream$DataBlock.writeBlockTo(BinaryEncoder, byte[]); org.apache.avro.io.BinaryEncoder.setItemCount(long); org.apache.avro.io.ValidatingEncoder.writeLong(long)"
org.apache.avro.io.ValidatingEncoder.startItem(),FreqExec,"org.apache.avro.io.ValidatingEncoder.startItem(); org.apache.avro.io.TestValidatingIO.generate(Encoder, String, Object[]); org.apache.avro.data.Json.write(JsonNode, Encoder)"
org.apache.avro.io.BinaryDecoder.readLong(),FreqExec,org.apache.avro.io.BinaryDecoder.readLong(); org.apache.avro.io.ResolvingDecoder.readLong(); org.apache.avro.file.DataFileStream.hasNextBlock(); org.apache.avro.io.BinaryDecoder.doReadItemCount(); org.apache.avro.io.TestBinaryDecoder.skipGenerated(Decoder)
"org.apache.avro.generic.GenericData.setField(Object, String, int, Object, Object)",FreqExec,"org.apache.avro.generic.GenericData.setField(Object, String, int, Object, Object); org.apache.avro.generic.GenericDatumReader.readRecord(Object, Schema, ResolvingDecoder)"
org.apache.avro.io.BufferedBinaryEncoder.writeZero(),FreqExec,"org.apache.avro.io.BufferedBinaryEncoder.writeZero(); org.apache.avro.io.BinaryEncoder.writeBytes(byte[], int, int); org.apache.avro.io.BinaryEncoder.writeMapEnd(); org.apache.avro.io.BinaryEncoder.writeArrayEnd()"
org.apache.avro.io.ValidatingDecoder.readIndex(),FreqExec,"org.apache.avro.io.ValidatingDecoder.readIndex(); org.apache.avro.io.TestValidatingIO.check(Decoder, String, Object[], int); org.apache.avro.data.Json.read(Decoder)"
"org.apache.avro.ipc.specific.SpecificResponder.respond(Message, Object)",FreqExec,"org.apache.avro.ipc.specific.SpecificResponder.respond(Message, Object); org.apache.avro.ipc.Responder.respond(List<ByteBuffer>, Transceiver)"
org.apache.avro.io.BufferedBinaryEncoder.writeBoolean(boolean),FreqExec,"org.apache.avro.io.BufferedBinaryEncoder.writeBoolean(boolean); org.apache.avro.io.ValidatingEncoder.writeBoolean(boolean); org.apache.avro.generic.GenericDatumWriter.write(Schema, Object, Encoder); org.apache.avro.ipc.Responder.respond(List<ByteBuffer>, Transceiver)"
"org.apache.avro.io.BinaryEncoder.writeBytes(byte[], int, int)",FreqExec,"org.apache.avro.io.BinaryEncoder.writeBytes(byte[], int, int); org.apache.avro.io.BinaryEncoder.writeString(Utf8); org.apache.avro.io.Encoder.writeBytes(byte[]); org.apache.avro.io.BinaryEncoder.writeBytes(ByteBuffer)"
"org.apache.avro.io.ValidatingDecoder.readFixed(byte[], int, int)",FreqExec,"org.apache.avro.io.ValidatingDecoder.readFixed(byte[], int, int); org.apache.avro.generic.GenericDatumReader.readFixed(Object, Schema, Decoder)"
org.apache.avro.ipc.NettyTransceiver.getRemote(),FreqExec,"org.apache.avro.ipc.NettyTransceiver.getRemote(); org.apache.avro.ipc.Responder.handshake(Decoder, Encoder, Transceiver)"
org.apache.avro.ipc.Transceiver.transceive(List<ByteBuffer>),HotCallee,org.apache.avro.ipc.Transceiver.transceive(List<ByteBuffer>); org.apache.avro.ipc.HttpTransceiver.readBuffers(); org.apache.avro.ipc.HttpTransceiver.writeBuffers(List<ByteBuffer>); org.apache.avro.ipc.SocketTransceiver.readBuffers(); org.apache.avro.ipc.SaslSocketTransceiver.readBuffers(); org.apache.avro.ipc.SaslSocketTransceiver.writeBuffers(List<ByteBuffer>); org.apache.avro.ipc.DatagramTransceiver.readBuffers()
"org.apache.avro.io.BinaryDecoder.configureSource(int, ByteSource)",FreqExec,"org.apache.avro.io.BinaryDecoder.configureSource(int, ByteSource); org.apache.avro.io.BinaryDecoder.configure(byte[], int, int); org.apache.avro.io.BinaryDecoder.configure(InputStream, int)"
org.apache.avro.ipc.DatagramServer.run(),HotCallee,org.apache.avro.ipc.DatagramServer.run(); org.apache.avro.ipc.DatagramTransceiver.readBuffers(); org.apache.avro.ipc.Responder.respond(List<ByteBuffer>)
org.apache.avro.compiler.specific.SpecificCompiler.compile(Schema),HotCallee,"org.apache.avro.compiler.specific.SpecificCompiler.compile(Schema); org.apache.avro.compiler.specific.SpecificCompiler.renderTemplate(String, VelocityContext)"
org.apache.avro.io.BlockingBinaryEncoder.writeIndex(int),HotCallee,org.apache.avro.io.BlockingBinaryEncoder.writeIndex(int); org.apache.avro.io.BlockingBinaryEncoder.ensureBounds(int)
org.apache.avro.compiler.specific.SpecificCompiler.compile(),HotCallee,org.apache.avro.compiler.specific.SpecificCompiler.compile(); org.apache.avro.compiler.specific.SpecificCompiler.compile(Schema)
org.apache.avro.ipc.SaslSocketTransceiver.readFrameAndUnwrap(),HotCallee,org.apache.avro.ipc.SaslSocketTransceiver.readFrameAndUnwrap(); org.apache.avro.ipc.SaslSocketTransceiver.readFrame()
"org.apache.avro.generic.GenericData.getField(Object, String, int, Object)",FreqExec,"org.apache.avro.generic.GenericData.getField(Object, String, int, Object); org.apache.avro.generic.GenericDatumReader.readRecord(Object, Schema, ResolvingDecoder); org.apache.avro.generic.GenericDatumWriter.writeRecord(Schema, Object, Encoder)"
"org.apache.avro.io.JsonDecoder.JsonDecoder(Symbol, InputStream)",FreqExec,"org.apache.avro.io.JsonDecoder.JsonDecoder(Symbol, InputStream); org.apache.avro.io.JsonDecoder.JsonDecoder(Schema, InputStream)"
org.apache.avro.io.BlockingBinaryEncoder.writeLong(long),HotCallee,org.apache.avro.io.BlockingBinaryEncoder.writeLong(long); org.apache.avro.io.BlockingBinaryEncoder.ensureBounds(int)
"org.apache.avro.specific.SpecificDatumReader.createEnum(String, Schema)",FreqExec,"org.apache.avro.specific.SpecificDatumReader.createEnum(String, Schema); org.apache.avro.generic.GenericDatumReader.readEnum(Schema, Decoder)"
org.apache.avro.ipc.trace.FileSpanStorage.getAllSpans(),HotCallee,"org.apache.avro.ipc.trace.FileSpanStorage.getAllSpans(); org.apache.avro.ipc.trace.FileSpanStorage.readFileSpans(File, List<Span>)"
"org.apache.avro.io.parsing.Symbol.Symbol(Kind, Symbol[])",FreqExec,"org.apache.avro.io.parsing.Symbol.Symbol(Kind, Symbol[]); org.apache.avro.io.parsing.Symbol.Symbol(Kind); org.apache.avro.io.parsing.Symbol$Sequence.<init>(Symbol[]); org.apache.avro.io.parsing.Symbol$Root.<init>(Symbol[]); org.apache.avro.io.parsing.Symbol$Repeater.<init>(Symbol, Symbol[])"
org.apache.avro.io.BinaryDecoder.readArrayStart(),FreqExec,"org.apache.avro.io.BinaryDecoder.readArrayStart(); org.apache.avro.io.ValidatingDecoder.readArrayStart(); org.apache.avro.io.TestBlockingIO$Tests.scan(); org.apache.avro.io.TestBlockingIO$Tests.skip(int); org.apache.avro.io.TestValidatingIO.check(Decoder, String, Object[], int)"
org.apache.avro.ipc.SocketTransceiver.SocketTransceiver(SocketAddress),HotCallee,org.apache.avro.ipc.SocketTransceiver.SocketTransceiver(SocketAddress); org.apache.avro.ipc.SocketTransceiver.SocketTransceiver(SocketChannel)
org.apache.avro.io.BlockingBinaryEncoder.writeMapEnd(),HotCallee,org.apache.avro.io.BlockingBinaryEncoder.writeMapEnd(); org.apache.avro.io.BlockingBinaryEncoder.endBlockedValue()
"org.apache.avro.RandomData.randomUtf8(Random, int)",FreqExec,"org.apache.avro.RandomData.randomUtf8(Random, int); org.apache.avro.RandomData.generate(Schema, Random, int)"
org.apache.avro.io.ValidatingDecoder.readString(),FreqExec,"org.apache.avro.io.ValidatingDecoder.readString(); org.apache.avro.generic.GenericDatumReader.readString(Object, Schema, Decoder); org.apache.avro.data.Json.read(Decoder)"
"org.apache.avro.io.JsonDecoder.JsonDecoder(Schema, InputStream)",FreqExec,"org.apache.avro.io.JsonDecoder.JsonDecoder(Schema, InputStream); org.apache.avro.io.TestResolvingIO.check(Schema, Schema, byte[], String, Object[], TestValidatingIO$Encoding, int); org.apache.avro.io.TestValidatingIO.check(Schema, byte[], String, Object[], int, TestValidatingIO$Encoding); org.apache.avro.io.DecoderFactory.jsonDecoder(Schema, InputStream)"
org.apache.avro.io.parsing.Parser.pushSymbol(Symbol),FreqExec,"org.apache.avro.io.parsing.Parser.pushSymbol(Symbol); org.apache.avro.io.JsonDecoder.readIndex(); org.apache.avro.io.ResolvingDecoder.doAction(Symbol, Symbol); org.apache.avro.io.ResolvingDecoder.readIndex(); org.apache.avro.io.ResolvingDecoder.skipAction(); org.apache.avro.io.JsonEncoder.writeIndex(int); org.apache.avro.io.ValidatingEncoder.writeIndex(int); org.apache.avro.io.ValidatingDecoder.readIndex()"
org.apache.avro.ipc.DatagramTransceiver.readBuffers(),FreqExec,org.apache.avro.ipc.DatagramTransceiver.readBuffers(); org.apache.avro.ipc.Transceiver.transceive(List<ByteBuffer>); org.apache.avro.ipc.DatagramServer.run()
org.apache.avro.io.ValidatingDecoder.readString(Utf8),FreqExec,"org.apache.avro.io.ValidatingDecoder.readString(Utf8); org.apache.avro.generic.GenericDatumReader.readString(Object, Decoder); org.apache.avro.io.TestValidatingIO.check(Decoder, String, Object[], int)"
