class,path,package,methods
SpecificExceptionBase,lang\java\avro\src\main\java\org\apache\avro\specific\SpecificExceptionBase.java,org.apache.avro.specific,"SpecificExceptionBase,SpecificExceptionBase,SpecificExceptionBase,SpecificExceptionBase,getSchema,get,put,equals,hashCode"
AvroRemoteException,lang\java\avro\src\main\java\org\apache\avro\AvroRemoteException.java,org.apache.avro,"AvroRemoteException,AvroRemoteException,AvroRemoteException,AvroRemoteException,getValue"
Schema,lang\java\avro\src\main\java\org\apache\avro\Schema.java,org.apache.avro,"Schema,create,getProp,addProp,getProps,createRecord,createRecord,createEnum,createArray,createMap,createUnion,createFixed,getType,getField,getFields,setFields,getEnumSymbols,getEnumOrdinal,hasEnumSymbol,getName,getDoc,getNamespace,getFullName,addAlias,getAliases,isError,getElementType,getValueType,getTypes,getFixedSize,toString,toString,toJson,fieldsToJson,equals,hashCode,computeHash,equalCachedHash,parse,parse,parse,parse,validateName,parse,parseAliases,getRequiredText,getOptionalText,parseJson,applyAliases,applyAliases,getAliases,getFieldAlias"
SpecificData,lang\java\avro\src\main\java\org\apache\avro\specific\SpecificData.java,org.apache.avro.specific,"SpecificData,SpecificData,get,isEnum,getEnumSchema,getClass,getClassName,getSchema,createSchema,getProtocol,compare,newInstance,createFixed,newRecord"
GenericData,lang\java\avro\src\main\java\org\apache\avro\generic\GenericData.java,org.apache.avro.generic,"setStringType,get,GenericData,validate,toString,toString,writeEscapedString,induce,setField,getField,getRecordState,setField,getField,resolveUnion,instanceOf,isArray,isRecord,getRecordSchema,isEnum,getEnumSchema,isMap,isFixed,getFixedSchema,isString,isBytes,hashCode,hashCodeAdd,compare,compare,deepCopy,createFixed,createFixed,newRecord"
AvroMapper,lang\java\mapred\src\main\java\org\apache\avro\mapred\AvroMapper.java,org.apache.avro.mapred,"map,close,configure"
AvroCollector,lang\java\mapred\src\main\java\org\apache\avro\mapred\AvroCollector.java,org.apache.avro.mapred,collect
SeekableFileInput,lang\java\avro\src\main\java\org\apache\avro\file\SeekableFileInput.java,org.apache.avro.file,"SeekableFileInput,SeekableFileInput,seek,tell,length"
LengthLimitedInputStream,lang\java\avro\src\main\java\org\apache\avro\file\LengthLimitedInputStream.java,org.apache.avro.file,"LengthLimitedInputStream,read,read,remainingInt,read,available,skip"
TetherKeySerialization,lang\java\mapred\src\main\java\org\apache\avro\mapred\tether\TetherKeySerialization.java,org.apache.avro.mapred.tether,"accept,getDeserializer,getSerializer"
BinaryEncoder,lang\java\avro\src\main\java\org\apache\avro\io\BinaryEncoder.java,org.apache.avro.io,"writeNull,writeString,writeString,writeBytes,writeBytes,writeEnum,writeArrayStart,setItemCount,startItem,writeArrayEnd,writeMapStart,writeMapEnd,writeIndex,writeZero,bytesBuffered"
BinaryDecoder,lang\java\avro\src\main\java\org\apache\avro\io\BinaryDecoder.java,org.apache.avro.io,"getBufferAccessor,BinaryDecoder,BinaryDecoder,BinaryDecoder,configure,configure,configureSource,readNull,readBoolean,readInt,readLong,innerLongDecode,readFloat,readDouble,readString,readString,skipString,readBytes,skipBytes,readFixed,skipFixed,readEnum,doSkipBytes,doReadBytes,doReadItemCount,doSkipItems,readArrayStart,arrayNext,skipArray,readMapStart,mapNext,skipMap,readIndex,isEnd,ensureBounds,inputStream"
DecoderFactory,lang\java\avro\src\main\java\org\apache\avro\io\DecoderFactory.java,org.apache.avro.io,"DecoderFactory,defaultFactory,get,configureDecoderBufferSize,getConfiguredBufferSize,createBinaryDecoder,binaryDecoder,directBinaryDecoder,createBinaryDecoder,binaryDecoder,createBinaryDecoder,binaryDecoder,jsonDecoder,jsonDecoder,validatingDecoder,resolvingDecoder"
EncoderFactory,lang\java\avro\src\main\java\org\apache\avro\io\EncoderFactory.java,org.apache.avro.io,"get,configureBufferSize,getBufferSize,configureBlockSize,getBlockSize,binaryEncoder,directBinaryEncoder,blockingBinaryEncoder,jsonEncoder,jsonEncoder,validatingEncoder"
TetherData,lang\java\mapred\src\main\java\org\apache\avro\mapred\tether\TetherData.java,org.apache.avro.mapred.tether,"TetherData,TetherData,count,count,buffer,buffer"
ReflectDatumReader,lang\java\avro\src\main\java\org\apache\avro\reflect\ReflectDatumReader.java,org.apache.avro.reflect,"ReflectDatumReader,ReflectDatumReader,ReflectDatumReader,ReflectDatumReader,ReflectDatumReader,newArray,peekArray,addToArray,readString,readString,createString,readBytes,readInt"
AvroRuntimeException,lang\java\avro\src\main\java\org\apache\avro\AvroRuntimeException.java,org.apache.avro,"AvroRuntimeException,AvroRuntimeException,AvroRuntimeException"
SpecificDatumReader,lang\java\avro\src\main\java\org\apache\avro\specific\SpecificDatumReader.java,org.apache.avro.specific,"SpecificDatumReader,SpecificDatumReader,SpecificDatumReader,SpecificDatumReader,SpecificDatumReader,getSpecificData,setSchema,createEnum"
Decoder,lang\java\avro\src\main\java\org\apache\avro\io\Decoder.java,org.apache.avro.io,"readNull,readBoolean,readInt,readLong,readFloat,readDouble,readString,readString,skipString,readBytes,skipBytes,readFixed,readFixed,skipFixed,readEnum,readArrayStart,arrayNext,skipArray,readMapStart,mapNext,skipMap,readIndex"
ReflectData,lang\java\avro\src\main\java\org\apache\avro\reflect\ReflectData.java,org.apache.avro.reflect,"ReflectData,get,setField,getField,isRecord,isArray,isBytes,getRecordSchema,validate,getField,findField,getClassProp,getClass,createSchema,setElement,getAnnotatedUnion,makeNullable,getFields,createFieldSchema,getProtocol,getMessage,getSchema,compare"
AvroSerialization,lang\java\mapred\src\main\java\org\apache\avro\mapred\AvroSerialization.java,org.apache.avro.mapred,"accept,getDeserializer,getSerializer"
ReflectDatumWriter,lang\java\avro\src\main\java\org\apache\avro\reflect\ReflectDatumWriter.java,org.apache.avro.reflect,"ReflectDatumWriter,ReflectDatumWriter,ReflectDatumWriter,ReflectDatumWriter,ReflectDatumWriter,ReflectDatumWriter,getArraySize,getArrayElements,writeString,writeBytes,write"
AvroWrapper,lang\java\mapred\src\main\java\org\apache\avro\mapred\AvroWrapper.java,org.apache.avro.mapred,"AvroWrapper,AvroWrapper,datum,datum,hashCode,equals"
AvroKey,lang\java\mapred\src\main\java\org\apache\avro\mapred\AvroKey.java,org.apache.avro.mapred,"AvroKey,AvroKey"
Pair,lang\java\mapred\src\main\java\org\apache\avro\mapred\Pair.java,org.apache.avro.mapred,"Pair,Pair,checkIsPairSchema,getKeySchema,getValueSchema,getPairSchema,makePairSchema,getSchema,key,key,value,value,set,equals,hashCode,compareTo,toString,get,put,Pair,Pair,Pair,Pair,Pair,Pair,Pair,Pair,Pair,Pair,Pair,Pair,Pair,Pair,Pair,Pair,Pair,Pair,Pair,Pair,Pair,Pair,Pair,Pair,Pair,Pair,Pair,Pair,Pair,Pair,Pair,Pair,Pair,Pair,Pair,Pair,Pair,Pair,Pair,Pair,Pair,Pair,Pair,Pair,Pair,Pair,Pair,Pair,Pair,Pair,Pair,Pair,Pair,Pair,Pair,Pair,Pair,Pair,Pair,Pair,Pair,Pair,Pair,Pair,Pair,Pair,Pair,Pair,Pair,Pair,Pair,Pair,Pair,Pair,Pair,Pair,Pair,Pair,Pair,Pair,Pair"
AvroJob,lang\java\mapred\src\main\java\org\apache\avro\mapred\AvroJob.java,org.apache.avro.mapred,"AvroJob,setInputSchema,getInputSchema,setMapOutputSchema,getMapOutputSchema,setOutputSchema,setOutputCodec,setOutputMeta,setOutputMeta,setOutputMeta,setInputSequenceFile,setReflect,setInputReflect,setMapOutputReflect,getOutputSchema,configureAvroInput,configureAvroOutput,configureAvroShuffle,setMapperClass,setCombinerClass,setReducerClass"
AvroValue,lang\java\mapred\src\main\java\org\apache\avro\mapred\AvroValue.java,org.apache.avro.mapred,"AvroValue,AvroValue"
HttpTransceiver,lang\java\ipc\src\main\java\org\apache\avro\ipc\HttpTransceiver.java,org.apache.avro.ipc,"HttpTransceiver,setTimeout,getRemoteName,readBuffers,writeBuffers,getLength,readBuffers,writeBuffers,writeLength"
Transceiver,lang\java\ipc\src\main\java\org\apache\avro\ipc\Transceiver.java,org.apache.avro.ipc,"getRemoteName,lockChannel,unlockChannel,transceive,transceive,readBuffers,writeBuffers,isConnected,setRemote,getRemote,close"
RPCPlugin,lang\java\ipc\src\main\java\org\apache\avro\ipc\RPCPlugin.java,org.apache.avro.ipc,"clientStartConnect,serverConnecting,clientFinishConnect,clientSendRequest,serverReceiveRequest,serverSendResponse,clientReceiveResponse"
RPCContext,lang\java\ipc\src\main\java\org\apache\avro\ipc\RPCContext.java,org.apache.avro.ipc,"setHandshakeRequest,getHandshakeRequest,setHandshakeResponse,getHandshakeResponse,requestHandshakeMeta,setRequestHandshakeMeta,responseHandshakeMeta,setResponseHandshakeMeta,requestCallMeta,setRequestCallMeta,responseCallMeta,setResponseCallMeta,setResponse,response,setError,error,isError,setMessage,getMessage,setRequestPayload,getRequestPayload,getResponsePayload,setResponsePayload"
ResolvingGrammarGenerator,lang\java\avro\src\main\java\org\apache\avro\io\parsing\ResolvingGrammarGenerator.java,org.apache.avro.io.parsing,"generate,generate,resolveUnion,resolveRecords,getBinary,encode,mkEnumAdjust,bestBranch"
AvroTypeException,lang\java\avro\src\main\java\org\apache\avro\AvroTypeException.java,org.apache.avro,"AvroTypeException,AvroTypeException"
Encoder,lang\java\avro\src\main\java\org\apache\avro\io\Encoder.java,org.apache.avro.io,"writeNull,writeBoolean,writeInt,writeLong,writeFloat,writeDouble,writeString,writeString,writeString,writeBytes,writeBytes,writeBytes,writeFixed,writeFixed,writeEnum,writeArrayStart,setItemCount,startItem,writeArrayEnd,writeMapStart,writeMapEnd,writeIndex"
ValidatingGrammarGenerator,lang\java\avro\src\main\java\org\apache\avro\io\parsing\ValidatingGrammarGenerator.java,org.apache.avro.io.parsing,"generate,generate"
Symbol,lang\java\avro\src\main\java\org\apache\avro\io\parsing\Symbol.java,org.apache.avro.io.parsing,"Symbol,Symbol,root,seq,repeat,alt,error,resolve,flatten,flattenedSize,flatten,flattenedSize"
InduceSchemaTool,lang\java\tools\src\main\java\org\apache\avro\tool\InduceSchemaTool.java,org.apache.avro.tool,"run,getName,getShortDescription"
Protocol,lang\java\avro\src\main\java\org\apache\avro\Protocol.java,org.apache.avro,"Protocol,Protocol,Protocol,getName,getNamespace,getDoc,getTypes,getType,setTypes,getMessages,createMessage,createMessage,equals,hashCode,toString,toString,toJson,getMD5,parse,parse,parse,parse,parseNamespace,parseDoc,parseDocNode,parseName,parseTypes,parseMessages,parseMessage,main"
TestJsonToFromBinaryFragmentTools,lang\java\tools\src\test\java\org\apache\avro\tool\TestJsonToFromBinaryFragmentTools.java,org.apache.avro.tool,"testBinaryToJson,testJsonToBinary"
BinaryFragmentToJsonTool,lang\java\tools\src\main\java\org\apache\avro\tool\BinaryFragmentToJsonTool.java,org.apache.avro.tool,"run,getName,getShortDescription"
JsonToBinaryFragmentTool,lang\java\tools\src\main\java\org\apache\avro\tool\JsonToBinaryFragmentTool.java,org.apache.avro.tool,"run,getName,getShortDescription"
IdlTool,lang\java\tools\src\main\java\org\apache\avro\tool\IdlTool.java,org.apache.avro.tool,"run,getName,getShortDescription"
LocalTransceiver,lang\java\ipc\src\main\java\org\apache\avro\ipc\LocalTransceiver.java,org.apache.avro.ipc,"LocalTransceiver,getRemoteName,transceive,readBuffers,writeBuffers"
Responder,lang\java\ipc\src\main\java\org\apache\avro\ipc\Responder.java,org.apache.avro.ipc,"Responder,getRemote,getLocal,addRPCPlugin,respond,respond,handshake,respond,readRequest,writeResponse,writeError"
SeekableByteArrayInput,lang\java\avro\src\main\java\org\apache\avro\file\SeekableByteArrayInput.java,org.apache.avro.file,"SeekableByteArrayInput,length,seek,tell"
TracePluginConfiguration,lang\java\ipc\src\main\java\org\apache\avro\ipc\trace\TracePluginConfiguration.java,org.apache.avro.ipc.trace,"TracePluginConfiguration,equals"
TracePlugin,lang\java\ipc\src\main\java\org\apache\avro\ipc\trace\TracePlugin.java,org.apache.avro.ipc.trace,"getSingleton,configureSingleton,TracePlugin,clientStartConnect,serverConnecting,clientFinishConnect,clientSendRequest,serverReceiveRequest,serverSendResponse,clientReceiveResponse,stopClientServer,initializeClientServer"
GenericDatumReader,lang\java\avro\src\main\java\org\apache\avro\generic\GenericDatumReader.java,org.apache.avro.generic,"GenericDatumReader,GenericDatumReader,GenericDatumReader,GenericDatumReader,getData,getSchema,setSchema,getExpected,setExpected,getResolver,read,read,readRecord,readEnum,createEnum,readArray,peekArray,addToArray,readMap,addToMap,readFixed,newArray,newMap,readString,readString,createString,readBytes,readInt,createBytes,skip"
GenericDatumWriter,lang\java\avro\src\main\java\org\apache\avro\generic\GenericDatumWriter.java,org.apache.avro.generic,"GenericDatumWriter,GenericDatumWriter,GenericDatumWriter,GenericDatumWriter,getData,setSchema,write,write,npe,writeRecord,writeEnum,writeArray,getArraySize,getArrayElements,writeMap,getMapSize,getMapEntries,writeString,writeString,writeBytes,writeFixed,error"
TestProtocolHttps,lang\java\ipc\src\test\java\org\apache\avro\TestProtocolHttps.java,org.apache.avro,"createServer,createTransceiver,getExpectedHandshakeCount"
HttpServer,lang\java\ipc\src\main\java\org\apache\avro\ipc\HttpServer.java,org.apache.avro.ipc,"HttpServer,HttpServer,HttpServer,HttpServer,HttpServer,HttpServer,addConnector,getPort,close,start,join"
GenericRequestor,lang\java\ipc\src\main\java\org\apache\avro\ipc\generic\GenericRequestor.java,org.apache.avro.ipc.generic,"GenericRequestor,request,request,writeRequest,readResponse,readError"
SpecificRequestor,lang\java\ipc\src\main\java\org\apache\avro\ipc\specific\SpecificRequestor.java,org.apache.avro.ipc.specific,"SpecificRequestor,SpecificRequestor,invoke,getDatumWriter,getDatumReader,getDatumReader,writeRequest,readResponse,readError,getClient,getClient,getClient,getRemote"
TestProtocolSpecific,lang\java\ipc\src\test\java\org\apache\avro\TestProtocolSpecific.java,org.apache.avro,"testStartServer,addRpcPlugins,createServer,createTransceiver,testGetRemote,testHello,testHashCode,testEcho,testAdd,testEchoBytes,testEmptyEchoBytes,testError,testUndeclaredError,testOneWay,testRepeatedAccess,testConnectionRefusedOneWay,testParamVariation,testHandshakeCount,testStopServer,getExpectedHandshakeCount"
SpecificRecordBuilderBase,lang\java\avro\src\main\java\org\apache\avro\specific\SpecificRecordBuilderBase.java,org.apache.avro.specific,"SpecificRecordBuilderBase,SpecificRecordBuilderBase,SpecificRecordBuilderBase"
RecordBuilderBase,lang\java\avro\src\main\java\org\apache\avro\data\RecordBuilderBase.java,org.apache.avro.data,"RecordBuilderBase,RecordBuilderBase,validate,isValidValue,getDefaultValue,hashCode,equals"
TestRpcReceiveAndSendTools,lang\java\tools\src\test\java\org\apache\avro\tool\TestRpcReceiveAndSendTools.java,org.apache.avro.tool,testServeAndSend
RpcReceiveTool,lang\java\tools\src\main\java\org\apache\avro\tool\RpcReceiveTool.java,org.apache.avro.tool,"getName,getShortDescription,run,run1,run2"
RpcSendTool,lang\java\tools\src\main\java\org\apache\avro\tool\RpcSendTool.java,org.apache.avro.tool,"getName,getShortDescription,run,dumpJson"
FsInput,lang\java\mapred\src\main\java\org\apache\avro\mapred\FsInput.java,org.apache.avro.mapred,"FsInput,length,read,seek,tell,close"
TestProtocolReflectMeta,lang\java\ipc\src\test\java\org\apache\avro\TestProtocolReflectMeta.java,org.apache.avro,testStartServer
SocketServer,lang\java\ipc\src\main\java\org\apache\avro\ipc\SocketServer.java,org.apache.avro.ipc,"SocketServer,getPort,run,close,getTransceiver,main"
SocketTransceiver,lang\java\ipc\src\main\java\org\apache\avro\ipc\SocketTransceiver.java,org.apache.avro.ipc,"SocketTransceiver,SocketTransceiver,getRemoteName,readBuffers,writeBuffers,writeLength,isConnected,setRemote,getRemote,close"
ReflectRequestor,lang\java\ipc\src\main\java\org\apache\avro\ipc\reflect\ReflectRequestor.java,org.apache.avro.ipc.reflect,"ReflectRequestor,ReflectRequestor,getDatumWriter,getDatumReader,getClient,getClient,getClient"
ReflectResponder,lang\java\ipc\src\main\java\org\apache\avro\ipc\reflect\ReflectResponder.java,org.apache.avro.ipc.reflect,"ReflectResponder,ReflectResponder,getDatumWriter,getDatumReader,writeError"
TestProtocolReflect,lang\java\ipc\src\test\java\org\apache\avro\TestProtocolReflect.java,org.apache.avro,"testStartServer,testHello,testEcho,testAdd,testEchoBytes,testError,testUndeclaredError,testStopServer"
RPCMetaTestPlugin,lang\java\ipc\src\test\java\org\apache\avro\RPCMetaTestPlugin.java,org.apache.avro,"RPCMetaTestPlugin,clientStartConnect,serverConnecting,clientFinishConnect,clientSendRequest,serverReceiveRequest,serverSendResponse,clientReceiveResponse,checkRPCMetaMap"
Requestor,lang\java\ipc\src\main\java\org\apache\avro\ipc\Requestor.java,org.apache.avro.ipc,"getLocal,getTransceiver,Requestor,addRPCPlugin,request,request,request,writeHandshake,readHandshake,setRemote,getRemote,writeRequest,readResponse,readResponse,readError,readError"
TestNamespaceSpecific,lang\java\ipc\src\test\java\org\apache\avro\TestNamespaceSpecific.java,org.apache.avro,"testStartServer,testEcho,testError,testStopServer"
SpecificResponder,lang\java\ipc\src\main\java\org\apache\avro\ipc\specific\SpecificResponder.java,org.apache.avro.ipc.specific,"SpecificResponder,SpecificResponder,SpecificResponder,getDatumWriter,getDatumReader,writeError,respond"
SpecificRecordBase,lang\java\avro\src\main\java\org\apache\avro\specific\SpecificRecordBase.java,org.apache.avro.specific,"getSchema,get,put,equals,hashCode,compareTo,toString"
SchemaParseException,lang\java\avro\src\main\java\org\apache\avro\SchemaParseException.java,org.apache.avro,"SchemaParseException,SchemaParseException"
ToTextTool,lang\java\tools\src\main\java\org\apache\avro\tool\ToTextTool.java,org.apache.avro.tool,"getName,getShortDescription,run"
DataFileStream,lang\java\avro\src\main\java\org\apache\avro\file\DataFileStream.java,org.apache.avro.file,"DataFileStream,DataFileStream,initialize,initialize,resolveCodec,getHeader,getSchema,getMetaKeys,getMeta,getMetaString,getMetaLong,iterator,hasNext,next,next,nextBlock,getBlockCount,blockFinished,hasNextBlock,nextRawBlock,remove,close"
Util,lang\java\tools\src\main\java\org\apache\avro\tool\Util.java,org.apache.avro.tool,"fileOrStdin,fileOrStdout,jsonToGenericDatum,datumFromFile"
Utf8,lang\java\avro\src\main\java\org\apache\avro\util\Utf8.java,org.apache.avro.util,"Utf8,Utf8,Utf8,Utf8,getBytes,getLength,getByteLength,setLength,setByteLength,toString,equals,hashCode,compareTo,charAt,length,subSequence,getBytesFor"
BinaryData,lang\java\avro\src\main\java\org\apache\avro\io\BinaryData.java,org.apache.avro.io,"BinaryData,compare,compare,compare,compareBytes,hashCode,hashCode,hashBytes,skipLong,encodeBoolean,encodeInt,encodeLong,encodeFloat,encodeDouble"
TestFileSpanStorage,lang\java\ipc\src\test\java\org\apache\avro\ipc\trace\TestFileSpanStorage.java,org.apache.avro.ipc.trace,"testBasicStorage,testTonsOfSpans,testBasicMaxSpans,testRangeQuery1"
FileSpanStorage,lang\java\ipc\src\main\java\org\apache\avro\ipc\trace\FileSpanStorage.java,org.apache.avro.ipc.trace,"readFileSpans,readFileSpans,FileSpanStorage,floorSecond,addSpan,getAllSpans,clear,setMaxSpans,getSpansInRange"
Util,lang\java\ipc\src\main\java\org\apache\avro\ipc\trace\Util.java,org.apache.avro.ipc.trace,"getAllEvents,getPayloadSize,createEventlessSpan,addEvent,longValue,idValue,idsEqual,printableTime,printableBytes,spanInRange,sampledList"
ParsingDecoder,lang\java\avro\src\main\java\org\apache\avro\io\ParsingDecoder.java,org.apache.avro.io,"ParsingDecoder,skipFixed,skipAction,skipTopSymbol"
SkipParser,lang\java\avro\src\main\java\org\apache\avro\io\parsing\SkipParser.java,org.apache.avro.io.parsing,"SkipParser,skipTo,skipRepeater,skipSymbol"
Parser,lang\java\avro\src\main\java\org\apache\avro\io\parsing\Parser.java,org.apache.avro.io.parsing,"Parser,expandStack,advance,processImplicitActions,processTrailingImplicitActions,pushProduction,popSymbol,topSymbol,pushSymbol,depth,reset"
TetheredProcess,lang\java\mapred\src\main\java\org\apache\avro\mapred\tether\TetheredProcess.java,org.apache.avro.mapred.tether,"TetheredProcess,close,startSubprocess"
SaslSocketServer,lang\java\ipc\src\main\java\org\apache\avro\ipc\SaslSocketServer.java,org.apache.avro.ipc,"SaslSocketServer,SaslSocketServer,SaslSocketServer,getTransceiver"
SaslSocketTransceiver,lang\java\ipc\src\main\java\org\apache\avro\ipc\SaslSocketTransceiver.java,org.apache.avro.ipc,"SaslSocketTransceiver,SaslSocketTransceiver,SaslSocketTransceiver,isConnected,setRemote,getRemote,getRemoteName,transceive,open,toString,readBuffers,readStatus,readFrameAndUnwrap,readFrame,read,writeBuffers,write,write,write,write,writeFully,close"
TetherOutputService,lang\java\mapred\src\main\java\org\apache\avro\mapred\tether\TetherOutputService.java,org.apache.avro.mapred.tether,"TetherOutputService,configure,inputPort,output,outputPartitioned,status,count,fail,complete,isFinished,error,waitForFinish"
TetherMapRunner,lang\java\mapred\src\main\java\org\apache\avro\mapred\tether\TetherMapRunner.java,org.apache.avro.mapred.tether,"configure,run"
TetherJob,lang\java\mapred\src\main\java\org\apache\avro\mapred\tether\TetherJob.java,org.apache.avro.mapred.tether,"getExecutable,setExecutable,setExecutable,runJob,submitJob,setupTetherJob"
SpecificDatumWriter,lang\java\avro\src\main\java\org\apache\avro\specific\SpecificDatumWriter.java,org.apache.avro.specific,"SpecificDatumWriter,SpecificDatumWriter,SpecificDatumWriter,SpecificDatumWriter,SpecificDatumWriter,writeEnum"
TestProtobuf,lang\java\protobuf\src\test\java\org\apache\avro\protobuf\TestProtobuf.java,org.apache.avro.protobuf,testMessage
Test,lang\java\protobuf\src\test\java\org\apache\avro\protobuf\Test.java,org.apache.avro.protobuf,"Test,registerAllExtensions,getDescriptor"
ProtobufDatumWriter,lang\java\protobuf\src\main\java\org\apache\avro\protobuf\ProtobufDatumWriter.java,org.apache.avro.protobuf,"ProtobufDatumWriter,ProtobufDatumWriter,ProtobufDatumWriter,ProtobufDatumWriter,ProtobufDatumWriter,writeEnum,writeBytes"
ProtobufData,lang\java\protobuf\src\main\java\org\apache\avro\protobuf\ProtobufData.java,org.apache.avro.protobuf,"ProtobufData,get,setField,getField,setField,getField,getRecordState,isRecord,newRecord,isArray,isBytes,getRecordSchema,getSchema,getSchema,getNamespace,toCamelCase,cap,getSchema,getDefault"
ProtobufDatumReader,lang\java\protobuf\src\main\java\org\apache\avro\protobuf\ProtobufDatumReader.java,org.apache.avro.protobuf,"ProtobufDatumReader,ProtobufDatumReader,ProtobufDatumReader,ProtobufDatumReader,ProtobufDatumReader,readRecord,createEnum,readBytes"
TestSpecificDatumWriter,lang\java\ipc\src\test\java\org\apache\avro\specific\TestSpecificDatumWriter.java,org.apache.avro.specific,testResolveUnion
JsonEncoder,lang\java\avro\src\main\java\org\apache\avro\io\JsonEncoder.java,org.apache.avro.io,"JsonEncoder,JsonEncoder,flush,getJsonGenerator,configure,configure,writeNull,writeBoolean,writeInt,writeLong,writeFloat,writeDouble,writeString,writeString,writeBytes,writeBytes,writeByteArray,writeFixed,writeEnum,writeArrayStart,writeArrayEnd,writeMapStart,writeMapEnd,startItem,writeIndex,doAction"
TestProtocolSpecificMeta,lang\java\ipc\src\test\java\org\apache\avro\TestProtocolSpecificMeta.java,org.apache.avro,"createServer,createTransceiver,addRpcPlugins"
RandomData,lang\java\ipc\src\test\java\org\apache\avro\RandomData.java,org.apache.avro,"RandomData,RandomData,iterator,generate,randomUtf8,randomBytes,main"
DataFileWriter,lang\java\avro\src\main\java\org\apache\avro\file\DataFileWriter.java,org.apache.avro.file,"DataFileWriter,assertOpen,assertNotOpen,setCodec,setSyncInterval,create,create,appendTo,init,generateSync,setMetaInternal,setMetaInternal,setMeta,isReservedMeta,setMeta,setMeta,append,resetBufferTo,appendEncoded,bufferInUse,writeIfBlockFull,appendAllFrom,writeBlock,sync,flush,close"
ResponderServlet,lang\java\ipc\src\main\java\org\apache\avro\ipc\ResponderServlet.java,org.apache.avro.ipc,"ResponderServlet,doPost"
SpanAggregator,lang\java\ipc\src\main\java\org\apache\avro\ipc\trace\SpanAggregator.java,org.apache.avro.ipc.trace,"getFullSpans,getTraces,getTraceCollections"
TraceCollection,lang\java\ipc\src\main\java\org\apache\avro\ipc\trace\TraceCollection.java,org.apache.avro.ipc.trace,"getNodeWithID,getNodeWithIDRecurse,getLongAverage,getTimingAverage,TraceCollection,getRootNode,getExecutionPathHash,getTraces,longestTraces,addTrace,recursiveProcess,printBrief,printRecurse"
Trace,lang\java\ipc\src\main\java\org\apache\avro\ipc\trace\Trace.java,org.apache.avro.ipc.trace,"Trace,getRoot,executionPathHash,printBrief,printBriefRecurse,printWithTiming,printWithTimingRecurse,extractTrace,getNode"
UnresolvedUnionException,lang\java\avro\src\main\java\org\apache\avro\UnresolvedUnionException.java,org.apache.avro,"UnresolvedUnionException,getUnresolvedDatum,getUnionSchema"
ByteBufferInputStream,lang\java\avro\src\main\java\org\apache\avro\util\ByteBufferInputStream.java,org.apache.avro.util,"ByteBufferInputStream,read,read,readBuffer,getBuffer"
ByteBufferOutputStream,lang\java\avro\src\main\java\org\apache\avro\util\ByteBufferOutputStream.java,org.apache.avro.util,"ByteBufferOutputStream,getBufferList,prepend,append,reset,write,write,write,writeBuffer"
DataFileReader,lang\java\avro\src\main\java\org\apache\avro\file\DataFileReader.java,org.apache.avro.file,"openReader,openReader,openReader,DataFileReader,DataFileReader,DataFileReader,seek,sync,blockFinished,previousSync,pastSync,tell"
DataFileConstants,lang\java\avro\src\main\java\org\apache\avro\file\DataFileConstants.java,org.apache.avro.file,DataFileConstants
DataFileReader12,lang\java\avro\src\main\java\org\apache\avro\file\DataFileReader12.java,org.apache.avro.file,"DataFileReader12,getMeta,getMetaString,getMetaLong,getSchema,iterator,hasNext,next,remove,next,skipSync,seek,sync,pastSync,tell,close"
TestDataFile,lang\java\avro\src\test\java\org\apache\avro\TestDataFile.java,org.apache.avro,"TestDataFile,codecs,makeFile,testGenericWrite,testGenericRead,testSplits,testSyncDiscovery,testGenericAppend,testReadWithHeader,test12,readFile,main"
CodecFactory,lang\java\avro\src\main\java\org\apache\avro\file\CodecFactory.java,org.apache.avro.file,"nullCodec,deflateCodec,snappyCodec,createInstance,fromString,addCodec,toString"
RandomData,lang\java\avro\src\test\java\org\apache\avro\RandomData.java,org.apache.avro,"RandomData,RandomData,iterator,generate,randomUtf8,randomBytes,main"
JsonGrammarGenerator,lang\java\avro\src\main\java\org\apache\avro\io\parsing\JsonGrammarGenerator.java,org.apache.avro.io.parsing,"generate,generate"
ParsingEncoder,lang\java\avro\src\main\java\org\apache\avro\io\ParsingEncoder.java,org.apache.avro.io,"setItemCount,startItem,push,pop,depth"
JsonDecoder,lang\java\avro\src\main\java\org\apache\avro\io\JsonDecoder.java,org.apache.avro.io,"JsonDecoder,JsonDecoder,JsonDecoder,JsonDecoder,getSymbol,configure,configure,advance,readNull,readBoolean,readInt,readLong,readFloat,readDouble,readString,readString,skipString,readBytes,readByteArray,skipBytes,checkFixed,readFixed,skipFixed,doSkipFixed,skipFixed,readEnum,readArrayStart,arrayNext,doArrayNext,skipArray,readMapStart,mapNext,doMapNext,skipMap,readIndex,doAction,getVaueAsTree,makeParser,error"
ResolvingDecoder,lang\java\avro\src\main\java\org\apache\avro\io\ResolvingDecoder.java,org.apache.avro.io,"ResolvingDecoder,ResolvingDecoder,resolve,readFieldOrder,drain,readLong,readFloat,readDouble,readEnum,readIndex,doAction,skipAction"
WeakIdentityHashMap,lang\java\avro\src\main\java\org\apache\avro\util\WeakIdentityHashMap.java,org.apache.avro.util,"WeakIdentityHashMap,clear,containsKey,containsValue,entrySet,keySet,equals,get,put,hashCode,isEmpty,putAll,remove,size,values,reap"
ValidatingDecoder,lang\java\avro\src\main\java\org\apache\avro\io\ValidatingDecoder.java,org.apache.avro.io,"ValidatingDecoder,ValidatingDecoder,getSymbol,configure,readNull,readBoolean,readInt,readLong,readFloat,readDouble,readString,readString,skipString,readBytes,skipBytes,checkFixed,readFixed,skipFixed,skipFixed,readEnum,readArrayStart,arrayNext,skipArray,readMapStart,mapNext,skipMap,readIndex,doAction"
TraceNode,lang\java\ipc\src\main\java\org\apache\avro\ipc\trace\TraceNode.java,org.apache.avro.ipc.trace,"TraceNode,extractEventTime,getPreLinkTime,getPreLinkTimeString,getPostLinkTime,getPostLinkTimeString,getProcessTime,getProcessTimeString,getChildren,getRequestPayloadSize,getResponsePayloadSize,getRequestorHostname,getResponderHostname,getMessageName,getLatencyTimeString"
DirectBinaryEncoder,lang\java\avro\src\main\java\org\apache\avro\io\DirectBinaryEncoder.java,org.apache.avro.io,"DirectBinaryEncoder,configure,flush,writeBoolean,writeInt,writeLong,writeFloat,writeDouble,writeFixed,writeZero,bytesBuffered"
StatsServlet,lang\java\ipc\src\main\java\org\apache\avro\ipc\stats\StatsServlet.java,org.apache.avro.ipc.stats,"StatsServlet,escapeStringArray,doGet,writeStats,renderActiveRpc,renderMethod,formatMillis"
StatsPlugin,lang\java\ipc\src\main\java\org\apache\avro\ipc\stats\StatsPlugin.java,org.apache.avro.ipc.stats,"StatsPlugin,StatsPlugin,getPayloadSize,serverReceiveRequest,serverSendResponse,clientSendRequest,clientReceiveResponse,publish,createNewFloatHistogram,createNewIntegerHistogram,nanosToMillis"
Stopwatch,lang\java\ipc\src\main\java\org\apache\avro\ipc\stats\Stopwatch.java,org.apache.avro.ipc.stats,"Stopwatch,elapsedNanos,start,stop"
FloatHistogram,lang\java\ipc\src\main\java\org\apache\avro\ipc\stats\FloatHistogram.java,org.apache.avro.ipc.stats,"FloatHistogram,add,getMean,getUnbiasedStdDev"
IntegerHistogram,lang\java\ipc\src\main\java\org\apache\avro\ipc\stats\IntegerHistogram.java,org.apache.avro.ipc.stats,"IntegerHistogram,add,getMean,getUnbiasedStdDev"
Histogram,lang\java\ipc\src\main\java\org\apache\avro\ipc\stats\Histogram.java,org.apache.avro.ipc.stats,"Histogram,add,getHistogram,getSegmenter,getRecentAdditions,getCount,toString,entries"
TestGenericRecordBuilder,lang\java\avro\src\test\java\org\apache\avro\generic\TestGenericRecordBuilder.java,org.apache.avro.generic,"testGenericBuilder,attemptToSetNonNullableFieldToNull,recordSchema"
GenericRecordBuilder,lang\java\avro\src\main\java\org\apache\avro\generic\GenericRecordBuilder.java,org.apache.avro.generic,"GenericRecordBuilder,GenericRecordBuilder,GenericRecordBuilder,get,get,get,set,set,set,set,has,has,has,clear,clear,clear,build,getWithDefault,hashCode,equals"
TestIdl,lang\java\compiler\src\test\java\org\apache\avro\compiler\idl\TestIdl.java,org.apache.avro.compiler.idl,"loadTests,runTests,writeTests"
TestNettyServerWithCallbacks,lang\java\ipc\src\test\java\org\apache\avro\ipc\TestNettyServerWithCallbacks.java,org.apache.avro.ipc,"initializeConnections,tearDownConnections,greeting,echo,add,echoBytes,error,ack,testSendAfterChannelClose,cancelPendingRequestsOnTransceiverClose,performanceTest"
CallFuture,lang\java\ipc\src\main\java\org\apache\avro\ipc\CallFuture.java,org.apache.avro.ipc,"CallFuture,CallFuture,handleResult,handleError,getResult,getError,cancel,isCancelled,get,get,await,await,isDone"
NettyServer,lang\java\ipc\src\main\java\org\apache\avro\ipc\NettyServer.java,org.apache.avro.ipc,"NettyServer,NettyServer,start,close,getPort,join"
NettyTransceiver,lang\java\ipc\src\main\java\org\apache\avro\ipc\NettyTransceiver.java,org.apache.avro.ipc,"NettyTransceiver,NettyTransceiver,NettyTransceiver,isChannelReady,getChannel,disconnect,disconnect,lockChannel,unlockChannel,close,getRemoteName,transceive,transceive,writeBuffers,writeDataPack,readBuffers,getRemote,isConnected,setRemote"
RecordBuilderBaseTest,lang\java\avro\src\test\java\org\apache\avro\data\RecordBuilderBaseTest.java,org.apache.avro.data,"setUpBeforeClass,testIsValidValueWithPrimitives,testIsValidValueWithNullField,testIsValidValueWithUnion"
TestNamespaceReflect,lang\java\ipc\src\test\java\org\apache\avro\TestNamespaceReflect.java,org.apache.avro,testStartServer
TestBasicTracing,lang\java\ipc\src\test\java\org\apache\avro\ipc\trace\TestBasicTracing.java,org.apache.avro.ipc.trace,"testBasicTrace,testRecursingTrace,main"
GenericResponder,lang\java\ipc\src\main\java\org\apache\avro\ipc\generic\GenericResponder.java,org.apache.avro.ipc.generic,"GenericResponder,getDatumWriter,getDatumReader,readRequest,writeResponse,writeError"
SpecificCompiler,lang\java\compiler\src\main\java\org\apache\avro\compiler\specific\SpecificCompiler.java,org.apache.avro.compiler.specific,"SpecificCompiler,SpecificCompiler,SpecificCompiler,setTemplateDir,initializeVelocity,compileProtocol,compileProtocol,compileSchema,compileSchema,enqueue,compile,compileToDestination,renderTemplate,compileInterface,makePath,compile,setStringType,addStringType,addStringType,addStringType,getStringType,javaType,javaUnbox,javaEscape,escapeForJavadoc,nullToEmpty,mangle,mangle,mangle,mangle,generateGetMethod,generateSetMethod,generateHasMethod,generateClearMethod,generateMethodName,isUnboxedJavaTypeNullable,main"
IDLProtocolMojo,lang\java\maven-plugin\src\main\java\org\apache\avro\mojo\IDLProtocolMojo.java,org.apache.avro.mojo,"doCompile,getIncludes,getTestIncludes"
AbstractAvroMojo,lang\java\maven-plugin\src\main\java\org\apache\avro\mojo\AbstractAvroMojo.java,org.apache.avro.mojo,"execute,getIncludedFiles,compileFiles,doCompile,getIncludes,getTestIncludes"
TestProtocolGenericMeta,lang\java\ipc\src\test\java\org\apache\avro\TestProtocolGenericMeta.java,org.apache.avro,testStartServer
TestProtocolGeneric,lang\java\ipc\src\test\java\org\apache\avro\TestProtocolGeneric.java,org.apache.avro,"testStartServer,testHello,testEcho,testEchoBytes,testError,testUndeclaredError,testHandshake,testResponseChange,testStopServer"
Codec,lang\java\avro\src\main\java\org\apache\avro\file\Codec.java,org.apache.avro.file,"getName,compress,decompress,equals,hashCode,toString"
TestSeekableByteArrayInput,lang\java\avro\src\test\java\org\apache\avro\file\TestSeekableByteArrayInput.java,org.apache.avro.file,"getSerializedMessage,getTestSchema,testSerialization"
ValidatingEncoder,lang\java\avro\src\main\java\org\apache\avro\io\ValidatingEncoder.java,org.apache.avro.io,"ValidatingEncoder,ValidatingEncoder,flush,configure,writeNull,writeBoolean,writeInt,writeLong,writeFloat,writeDouble,writeString,writeString,writeString,writeBytes,writeBytes,writeFixed,writeEnum,writeArrayStart,writeArrayEnd,writeMapStart,writeMapEnd,setItemCount,startItem,writeIndex,doAction"
TestThrift,lang\java\thrift\src\test\java\org\apache\avro\thrift\TestThrift.java,org.apache.avro.thrift,"testStruct,testOptionals,check"
Test,lang\java\thrift\src\test\java\org\apache\avro\thrift\test\Test.java,org.apache.avro.thrift.test,"Test,Test,Test,deepCopy,clear,isBoolField,setBoolField,unsetBoolField,isSetBoolField,setBoolFieldIsSet,getByteField,setByteField,unsetByteField,isSetByteField,setByteFieldIsSet,getI16Field,setI16Field,unsetI16Field,isSetI16Field,setI16FieldIsSet,getI32Field,setI32Field,unsetI32Field,isSetI32Field,setI32FieldIsSet,getI64Field,setI64Field,unsetI64Field,isSetI64Field,setI64FieldIsSet,getDoubleField,setDoubleField,unsetDoubleField,isSetDoubleField,setDoubleFieldIsSet,getStringField,setStringField,unsetStringField,isSetStringField,setStringFieldIsSet,getBinaryField,bufferForBinaryField,setBinaryField,setBinaryField,unsetBinaryField,isSetBinaryField,setBinaryFieldIsSet,getMapFieldSize,putToMapField,getMapField,setMapField,unsetMapField,isSetMapField,setMapFieldIsSet,getListFieldSize,getListFieldIterator,addToListField,getListField,setListField,unsetListField,isSetListField,setListFieldIsSet,getSetFieldSize,getSetFieldIterator,addToSetField,getSetField,setSetField,unsetSetField,isSetSetField,setSetFieldIsSet,getEnumField,setEnumField,unsetEnumField,isSetEnumField,setEnumFieldIsSet,getStructField,setStructField,unsetStructField,isSetStructField,setStructFieldIsSet,setFieldValue,getFieldValue,isSet,equals,equals,hashCode,compareTo,fieldForId,read,write,toString,validate,writeObject,readObject"
E,lang\java\thrift\src\test\java\org\apache\avro\thrift\test\E.java,org.apache.avro.thrift.test,"E,getValue,findByValue,values,valueOf"
Nested,lang\java\thrift\src\test\java\org\apache\avro\thrift\test\Nested.java,org.apache.avro.thrift.test,"Nested,Nested,Nested,deepCopy,clear,getX,setX,unsetX,isSetX,setXIsSet,setFieldValue,getFieldValue,isSet,equals,equals,hashCode,compareTo,fieldForId,read,write,toString,validate,writeObject,readObject"
ThriftDatumWriter,lang\java\thrift\src\main\java\org\apache\avro\thrift\ThriftDatumWriter.java,org.apache.avro.thrift,"ThriftDatumWriter,ThriftDatumWriter,ThriftDatumWriter,ThriftDatumWriter,ThriftDatumWriter,writeBytes"
ThriftData,lang\java\thrift\src\main\java\org\apache\avro\thrift\ThriftData.java,org.apache.avro.thrift,"ThriftData,get,setField,getField,setField,getField,getRecordState,isRecord,isEnum,getEnumSchema,isBytes,newRecord,getRecordSchema,getSchema,getSchema,nullable"
ThriftDatumReader,lang\java\thrift\src\main\java\org\apache\avro\thrift\ThriftDatumReader.java,org.apache.avro.thrift,"ThriftDatumReader,ThriftDatumReader,ThriftDatumReader,ThriftDatumReader,ThriftDatumReader,createEnum,readInt,newArray"
HadoopReducer,lang\java\mapred\src\main\java\org\apache\avro\mapred\HadoopReducer.java,org.apache.avro.mapred,"getReducer,getCollector"
HadoopReducerBase,lang\java\mapred\src\main\java\org\apache\avro\mapred\HadoopReducerBase.java,org.apache.avro.mapred,"getReducer,getCollector,configure,reduce,close"
AvroReducer,lang\java\mapred\src\main\java\org\apache\avro\mapred\AvroReducer.java,org.apache.avro.mapred,"reduce,close,configure"
TetherPartitioner,lang\java\mapred\src\main\java\org\apache\avro\mapred\tether\TetherPartitioner.java,org.apache.avro.mapred.tether,"configure,setNextPartition,getPartition"
TetherReducer,lang\java\mapred\src\main\java\org\apache\avro\mapred\tether\TetherReducer.java,org.apache.avro.mapred.tether,"configure,reduce,close"
TetherInputFormat,lang\java\mapred\src\main\java\org\apache\avro\mapred\tether\TetherInputFormat.java,org.apache.avro.mapred.tether,"listStatus,getRecordReader"
TetherOutputFormat,lang\java\mapred\src\main\java\org\apache\avro\mapred\tether\TetherOutputFormat.java,org.apache.avro.mapred.tether,"setDeflateLevel,getRecordWriter"
TetherKeyComparator,lang\java\mapred\src\main\java\org\apache\avro\mapred\tether\TetherKeyComparator.java,org.apache.avro.mapred.tether,"setConf,compare,compare"
TestReflect,lang\java\avro\src\test\java\org\apache\avro\TestReflect.java,org.apache.avro,"testVoid,testBoolean,testInt,testLong,testFloat,testDouble,testString,testBytes,testMap,testArray,testList,testR1,testR2,testR3,testR5,testR6,testP0,testR10,testR11,testP1,testP2,testNoPackage,checkReadWrite,checkReadWrite,testEnum,testRecord,check,check,testRecordIO,testRecordWithNullIO,testForwardReference,testOverloadedMethod,testNoPackageSchema,testNoPackageProtocol,testReflectWithinGeneric,testNullArray,checkBinary,testReflectFieldError"
DatagramTransceiver,lang\java\ipc\src\main\java\org\apache\avro\ipc\DatagramTransceiver.java,org.apache.avro.ipc,"getRemoteName,DatagramTransceiver,DatagramTransceiver,readBuffers,writeBuffers"
LegacyBinaryEncoder,lang\java\avro\src\test\java\org\apache\avro\io\LegacyBinaryEncoder.java,org.apache.avro.io,"LegacyBinaryEncoder,flush,writeNull,writeBoolean,writeInt,writeLong,writeFloat,writeDouble,writeString,writeString,encodeString,writeBytes,writeBytes,writeFixed,writeEnum,writeArrayStart,setItemCount,startItem,writeArrayEnd,writeMapStart,writeMapEnd,writeIndex,encodeLong,encodeFloat,encodeDouble"
TestSequenceFileReader,lang\java\mapred\src\test\java\org\apache\avro\mapred\TestSequenceFileReader.java,org.apache.avro.mapred,"testWriteSequenceFile,testReadSequenceFile,checkFile,testSequenceFileInputFormat,testNonAvroMapper,testNonAvroMapOnly,testNonAvroReducer"
SequenceFileReader,lang\java\mapred\src\main\java\org\apache\avro\mapred\SequenceFileReader.java,org.apache.avro.mapred,"SequenceFileReader,SequenceFileReader,SequenceFileReader,close,remove,iterator,getSchema,prepare,hasNext,next,next,sync,pastSync,tell"
TestRecodecTool,lang\java\tools\src\test\java\org\apache\avro\tool\TestRecodecTool.java,org.apache.avro.tool,"testRecodec,assertLessThan"
AvroTestUtil,lang\java\avro\src\test\java\org\apache\avro\AvroTestUtil.java,org.apache.avro,"AvroTestUtil,tempFile"
RecodecTool,lang\java\tools\src\main\java\org\apache\avro\tool\RecodecTool.java,org.apache.avro.tool,"run,getName,getShortDescription"
TestAvroOutputFormat,lang\java\mapred\src\test\java\org\apache\avro\mapred\TestAvroOutputFormat.java,org.apache.avro.mapred,testSetSyncInterval
AvroOutputFormat,lang\java\mapred\src\main\java\org\apache\avro\mapred\AvroOutputFormat.java,org.apache.avro.mapred,"setDeflateLevel,setSyncInterval,configureDataFileWriter,getRecordWriter"
SingletonTestingTracePlugin,lang\java\ipc\src\test\java\org\apache\avro\ipc\trace\SingletonTestingTracePlugin.java,org.apache.avro.ipc.trace,"clearSingletonInfo,SingletonTestingTracePlugin"
TraceClientServlet,lang\java\ipc\src\main\java\org\apache\avro\ipc\trace\TraceClientServlet.java,org.apache.avro.ipc.trace,"getTemplate,TraceClientServlet,doPost,collectAllSpans,collectRangedSpans,doGet,overview,collection,collectionNode,loadSpans"
AvroInputFormat,lang\java\mapred\src\main\java\org\apache\avro\mapred\AvroInputFormat.java,org.apache.avro.mapred,"listStatus,getRecordReader"
AvroRecordReader,lang\java\mapred\src\main\java\org\apache\avro\mapred\AvroRecordReader.java,org.apache.avro.mapred,"AvroRecordReader,AvroRecordReader,createKey,createValue,next,getProgress,getPos,close"
DeflateCodec,lang\java\avro\src\main\java\org\apache\avro\file\DeflateCodec.java,org.apache.avro.file,"DeflateCodec,getName,compress,decompress,writeAndClose,getInflater,getDeflater,getOutputBuffer,hashCode,equals,toString"
TestBulkData,lang\java\ipc\src\test\java\org\apache\avro\TestBulkData.java,org.apache.avro,"startServer,testRead,testWrite,stopServer,main,printStats"
NettyTransportCodec,lang\java\ipc\src\main\java\org\apache\avro\ipc\NettyTransportCodec.java,org.apache.avro.ipc,
AvroTestUtil,lang\java\ipc\src\test\java\org\apache\avro\AvroTestUtil.java,org.apache.avro,"AvroTestUtil,tempFile"
TestTraceConfigurations,lang\java\ipc\src\test\java\org\apache\avro\ipc\trace\TestTraceConfigurations.java,org.apache.avro.ipc.trace,testTraceEquality
AvroTextOutputFormat,lang\java\mapred\src\main\java\org\apache\avro\mapred\AvroTextOutputFormat.java,org.apache.avro.mapred,getRecordWriter
TestStaticServlet,lang\java\ipc\src\test\java\org\apache\avro\ipc\trace\TestStaticServlet.java,org.apache.avro.ipc.trace,testEmptyQueryString
StaticServlet,lang\java\ipc\src\main\java\org\apache\avro\ipc\trace\StaticServlet.java,org.apache.avro.ipc.trace,getResource
DataFileGetSchemaTool,lang\java\tools\src\main\java\org\apache\avro\tool\DataFileGetSchemaTool.java,org.apache.avro.tool,"getName,getShortDescription,run"
TestDataFileConcat,lang\java\avro\src\test\java\org\apache\avro\TestDataFileConcat.java,org.apache.avro,"TestDataFileConcat,codecs,makeFile,testConcateateFiles"
StatsPluginOverhead,lang\java\ipc\src\test\java\org\apache\avro\ipc\stats\StatsPluginOverhead.java,org.apache.avro.ipc.stats,"main,sendRpcs,createServer"
BlockingBinaryEncoder,lang\java\avro\src\main\java\org\apache\avro\io\BlockingBinaryEncoder.java,org.apache.avro.io,"check,BlockingBinaryEncoder,expandStack,configure,flush,writeBoolean,writeInt,writeLong,writeFloat,writeDouble,writeFixed,writeZero,writeArrayStart,setItemCount,startItem,writeArrayEnd,writeMapStart,writeMapEnd,writeIndex,bytesBuffered,endBlockedValue,finishOverflow,ensureBounds,doWriteBytes,write,compact"
BufferedBinaryEncoder,lang\java\avro\src\main\java\org\apache\avro\io\BufferedBinaryEncoder.java,org.apache.avro.io,"BufferedBinaryEncoder,configure,flush,flushBuffer,ensureBounds,writeBoolean,writeInt,writeLong,writeFloat,writeDouble,writeFixed,writeZero,writeByte,bytesBuffered"
FakeTicks,lang\java\ipc\src\test\java\org\apache\avro\ipc\stats\FakeTicks.java,org.apache.avro.ipc.stats,"ticks,passTime"
WordCountUtil,lang\java\mapred\src\test\java\org\apache\avro\mapred\WordCountUtil.java,org.apache.avro.mapred,"writeLinesFile,writeLinesBytesFile,writeLinesTextFile,validateCountsFile,validateSortedFile,setMeta,checkMeta"
TestStopwatch,lang\java\ipc\src\test\java\org\apache\avro\ipc\stats\TestStopwatch.java,org.apache.avro.ipc.stats,"testNormal,testNotStarted1,testNotStarted2,testTwiceStarted,testTwiceStopped,testSystemStopwatch"
TestResolvingGrammarGenerator,lang\java\avro\src\test\java\org\apache\avro\io\parsing\TestResolvingGrammarGenerator.java,org.apache.avro.io.parsing,"TestResolvingGrammarGenerator,test,data"
TestCompare,lang\java\ipc\src\test\java\org\apache\avro\TestCompare.java,org.apache.avro,"testNull,testBoolean,testString,testBytes,testInt,testLong,testFloat,testDouble,testArray,testRecord,testEnum,testFixed,testUnion,testSpecificRecord,check,check,check,compare,render"
WordCountTask,lang\java\mapred\src\test\java\org\apache\avro\mapred\tether\WordCountTask.java,org.apache.avro.mapred.tether,"map,reduce,reduceFlush,main"
TetherTask,lang\java\mapred\src\test\java\org\apache\avro\mapred\tether\TetherTask.java,org.apache.avro.mapred.tether,"open,configure,partitions,partitions,input,complete,map,reduce,reduceFlush,status,count,fail,close"
TetherTaskRunner,lang\java\mapred\src\test\java\org\apache\avro\mapred\tether\TetherTaskRunner.java,org.apache.avro.mapred.tether,"TetherTaskRunner,configure,input,partitions,abort,complete,join,close"
TestSaslAnonymous,lang\java\ipc\src\test\java\org\apache\avro\ipc\TestSaslAnonymous.java,org.apache.avro.ipc,"testStartServer,testHandshake,testResponseChange,test64kRequest"
TestBlockingIO,lang\java\avro\src\test\java\org\apache\avro\io\TestBlockingIO.java,org.apache.avro.io,"TestBlockingIO,dump,testScan,testSkip1,testSkip2,testSkip3,testSkip,skipMap,skipArray,checkString,serialize,data,jss"
TestTracingUtil,lang\java\ipc\src\test\java\org\apache\avro\ipc\trace\TestTracingUtil.java,org.apache.avro.ipc.trace,testListSampling
Error,lang\java\thrift\src\test\java\org\apache\avro\thrift\test\Error.java,org.apache.avro.thrift.test,"Error,Error,Error,deepCopy,clear,getMessage,setMessage,unsetMessage,isSetMessage,setMessageIsSet,setFieldValue,getFieldValue,isSet,equals,equals,hashCode,compareTo,fieldForId,read,write,toString,validate,writeObject,readObject"
BarRecord,lang\java\avro\src\test\java\org\apache\avro\BarRecord.java,org.apache.avro,"BarRecord,BarRecord,equals,hashCode,toString"
FooRecord,lang\java\avro\src\test\java\org\apache\avro\FooRecord.java,org.apache.avro,"FooRecord,FooRecord,equals,hashCode,toString"
DataFileInteropTest,lang\java\ipc\src\test\java\org\apache\avro\DataFileInteropTest.java,org.apache.avro,"printDir,testGeneratedGeneric,testGeneratedSpecific,readFiles"
TestSpecificData,lang\java\ipc\src\test\java\org\apache\avro\specific\TestSpecificData.java,org.apache.avro.specific,"testHashCode,testToString,testSpecificWithinGeneric"
TestSchema,lang\java\ipc\src\test\java\org\apache\avro\TestSchema.java,org.apache.avro,"testNull,testBoolean,testString,testBytes,testInt,testLong,testFloat,testDouble,testArray,testMap,testUnionMap,testRecord,testInvalidNameTolerance,testMapInRecord,testEnum,testFixed,testRecursive,testRecursiveEquals,testSchemaExplosion,testLisp,testUnion,testComplexUnions,testComplexProp,testPropOrdering,testParseInputStream,testNamespaceScope,testNamespaceNesting,testNullPointer,checkParseError,checkUnionError,buildUnion,testDocs,testFieldDocs,testAliases,check,check,check,checkProp,checkBinary,checkBinary,checkDirectBinary,checkBlockingBinary,checkJson,checkJson,checkBinaryJson,checkDefault,testNoDefaultField,testEnumMismatch,testRecordWithPrimitiveName,testEnumWithPrimitiveName,enumSchema,testImmutability1,testImmutability2,lockedArrayList,testLockedArrayList1,testLockedArrayList2,testLockedArrayList3,testLockedArrayList4,testLockedArrayList5,testLockedArrayList6,testLockedArrayList7,testLockedArrayList8,testLockedArrayList9,testLockedArrayList10"
TetherRecordReader,lang\java\mapred\src\main\java\org\apache\avro\mapred\tether\TetherRecordReader.java,org.apache.avro.mapred.tether,"TetherRecordReader,getSchema,createKey,createValue,next,getProgress,getPos,close"
TestTextFileTools,lang\java\tools\src\test\java\org\apache\avro\tool\TestTextFileTools.java,org.apache.avro.tool,"writeRandomFile,fromText,testFromText,testToText,toText"
FromTextTool,lang\java\tools\src\main\java\org\apache\avro\tool\FromTextTool.java,org.apache.avro.tool,"getName,getShortDescription,run"
SchemaTask,lang\java\compiler\src\main\java\org\apache\avro\compiler\specific\SchemaTask.java,org.apache.avro.compiler.specific,doCompile
ProtocolTask,lang\java\compiler\src\main\java\org\apache\avro\compiler\specific\ProtocolTask.java,org.apache.avro.compiler.specific,"setFile,setDestdir,setStringType,getStringType,addFileset,execute,doCompile,compile"
TestDataFileTools,lang\java\tools\src\test\java\org\apache\avro\tool\TestDataFileTools.java,org.apache.avro.tool,"writeSampleFile,run,testRead,testGetMeta,testGetMetaForSingleKey,testGetSchema,testWriteWithDeflate,testWrite,testWrite,testWrite,testFailureOnWritingPartialJSONValues,testWritingZeroJsonValues,countRecords,testDifferentSeparatorsBetweenJsonRecords,writeToAvroFile"
DataFileReadTool,lang\java\tools\src\main\java\org\apache\avro\tool\DataFileReadTool.java,org.apache.avro.tool,"getName,getShortDescription,run"
DataFileGetMetaTool,lang\java\tools\src\main\java\org\apache\avro\tool\DataFileGetMetaTool.java,org.apache.avro.tool,"getName,getShortDescription,run,escapeKey"
DataFileWriteTool,lang\java\tools\src\main\java\org\apache\avro\tool\DataFileWriteTool.java,org.apache.avro.tool,"getName,getShortDescription,run,readSchemaFromFile"
DatagramServer,lang\java\ipc\src\main\java\org\apache\avro\ipc\DatagramServer.java,org.apache.avro.ipc,"DatagramServer,getPort,run,close,main"
Perf,lang\java\avro\src\test\java\org\apache\avro\io\Perf.java,org.apache.avro.io,"newRandom,usage,main,printHeader,printResult,generateGenericNested"
Json,lang\java\avro\src\main\java\org\apache\avro\data\Json.java,org.apache.avro.data,"Json,write,read"
TestSpecificCompiler,lang\java\ipc\src\test\java\org\apache\avro\compiler\specific\TestSpecificCompiler.java,org.apache.avro.compiler.specific,"testEsc,testMakePath,testPrimitiveSchemaGeneratesNothing,testSimpleEnumSchema,testMangleIfReserved,testManglingForProtocols,testManglingForRecords,testManglingForEnums,testSchemaWithDocs,testProtocolWithDocs,testNeedCompile,createRecord,generateGetMethod,generateSetMethod,generateHasMethod,generateClearMethod,assertCompiles,assertCompiles,assertCompilesWithJavaCompiler"
AvroAsTextInputFormat,lang\java\mapred\src\main\java\org\apache\avro\mapred\AvroAsTextInputFormat.java,org.apache.avro.mapred,"listStatus,getRecordReader"
AvroAsTextRecordReader,lang\java\mapred\src\main\java\org\apache\avro\mapred\AvroAsTextRecordReader.java,org.apache.avro.mapred,"AvroAsTextRecordReader,AvroAsTextRecordReader,createKey,createValue,next,getProgress,getPos,close"
TestEncoders,lang\java\avro\src\test\java\org\apache\avro\io\TestEncoders.java,org.apache.avro.io,"testBinaryEncoderInit,testBadBinaryEncoderInit,testBlockingBinaryEncoderInit,testBadBlockintBinaryEncoderInit,testDirectBinaryEncoderInit,testBadDirectBinaryEncoderInit,testJsonEncoderInit,testBadJsonEncoderInitOS,testBadJsonEncoderInit,testJsonEncoderNewlineDelimited,testValidatingEncoderInit,testJsonRecordOrdering,testJsonExcessFields,testJsonRecordOrdering2,testJsonRecordOrderingWithProjection,testJsonRecordOrderingWithProjection2"
TestGenericDatumWriter,lang\java\avro\src\test\java\org\apache\avro\generic\TestGenericDatumWriter.java,org.apache.avro.generic,testWrite
StaticServlet,lang\java\ipc\src\main\java\org\apache\avro\ipc\stats\StaticServlet.java,org.apache.avro.ipc.stats,getResource
TestWordCountTether,lang\java\mapred\src\test\java\org\apache\avro\mapred\tether\TestWordCountTether.java,org.apache.avro.mapred.tether,testJob
TestProtocolNetty,lang\java\ipc\src\test\java\org\apache\avro\TestProtocolNetty.java,org.apache.avro,"createServer,createTransceiver,getExpectedHandshakeCount"
Foo,lang\java\thrift\src\test\java\org\apache\avro\thrift\test\Foo.java,org.apache.avro.thrift.test,
Ipc,lang\java\ipc\src\main\java\org\apache\avro\ipc\Ipc.java,org.apache.avro.ipc,"Ipc,createTransceiver,createServer"
AvroKeyComparator,lang\java\mapred\src\main\java\org\apache\avro\mapred\AvroKeyComparator.java,org.apache.avro.mapred,"setConf,compare,compare"
TestLocalTransceiver,lang\java\ipc\src\test\java\org\apache\avro\ipc\TestLocalTransceiver.java,org.apache.avro.ipc,testSingleRpc
SpecificFixed,lang\java\avro\src\main\java\org\apache\avro\specific\SpecificFixed.java,org.apache.avro.specific,"SpecificFixed,SpecificFixed"
TestStatsPluginAndServlet,lang\java\ipc\src\test\java\org\apache\avro\ipc\stats\TestStatsPluginAndServlet.java,org.apache.avro.ipc.stats,"generateServletResponse,makeRequest,testFullServerPath,testMultipleRPCs,testPayloadSize,makeContext,main"
StatsServer,lang\java\ipc\src\main\java\org\apache\avro\ipc\stats\StatsServer.java,org.apache.avro.ipc.stats,"StatsServer,stop"
GenerateBlockingData,lang\java\avro\src\test\java\org\apache\avro\GenerateBlockingData.java,org.apache.avro,"writeBlock,main"
SnappyCodec,lang\java\avro\src\main\java\org\apache\avro\file\SnappyCodec.java,org.apache.avro.file,"SnappyCodec,getName,compress,decompress,hashCode,equals"
TestGenericData,lang\java\avro\src\test\java\org\apache\avro\generic\TestGenericData.java,org.apache.avro.generic,"testrecordConstructorNullSchema,testrecordConstructorWrongSchema,testArrayConstructorNullSchema,testArrayConstructorWrongSchema,testRecordCreateEmptySchema,testGetEmptySchemaFields,testGetEmptySchemaField,testRecordPutInvalidField,testHashCode,testEquals,recordSchema,testRecordGetFieldDoesntExist,testArrayReversal,testArrayListInterface,testArrayAddAtLocation,testArrayRemove,testArraySet,testToStringIsJson,testCompare"
Main,lang\java\tools\src\main\java\org\apache\avro\tool\Main.java,org.apache.avro.tool,"Main,main,run,printStream"
SpecificCompilerTool,lang\java\tools\src\main\java\org\apache\avro\tool\SpecificCompilerTool.java,org.apache.avro.tool,"run,getName,getShortDescription,determineInputs"
TetherTool,lang\java\tools\src\main\java\org\apache\avro\tool\TetherTool.java,org.apache.avro.tool,"getName,getShortDescription,run"
TestAvroTextOutputFormat,lang\java\mapred\src\test\java\org\apache\avro\mapred\TestAvroTextOutputFormat.java,org.apache.avro.mapred,"testAvroTextRecordWriter,asString"
HadoopCombiner,lang\java\mapred\src\main\java\org\apache\avro\mapred\HadoopCombiner.java,org.apache.avro.mapred,"getReducer,getCollector"
TestBinaryDecoder,lang\java\avro\src\test\java\org\apache\avro\io\TestBinaryDecoder.java,org.apache.avro.io,"TestBinaryDecoder,data,newDecoderWithNoData,newDecoder,newDecoder,newDecoder,testEOFBoolean,testEOFInt,testEOFLong,testEOFFloat,testEOFDouble,testEOFBytes,testEOFString,testEOFFixed,testEOFEnum,testReuse,generateData,testDecodeFromSources,testInputStreamProxy,testInputStreamProxyDetached,testInputStreamPartiallyUsed,validateInputStreamReads,validateInputStreamSkips,testBadIntEncoding,testBadLongEncoding,testIntTooShort,testLongTooShort,testFloatTooShort,testDoubleTooShort,testSkipping,skipGenerated"
DirectBinaryDecoder,lang\java\avro\src\main\java\org\apache\avro\io\DirectBinaryDecoder.java,org.apache.avro.io,"DirectBinaryDecoder,configure,readBoolean,readInt,readLong,readFloat,readDouble,readBytes,doSkipBytes,doReadBytes,inputStream,isEnd"
TestDeepCopy,lang\java\ipc\src\test\java\org\apache\avro\generic\TestDeepCopy.java,org.apache.avro.generic,testDeepCopy
TestBlockingIO2,lang\java\avro\src\test\java\org\apache\avro\io\TestBlockingIO2.java,org.apache.avro.io,"TestBlockingIO2,testScan,data"
TestValidatingIO,lang\java\avro\src\test\java\org\apache\avro\io\TestValidatingIO.java,org.apache.avro.io,"TestValidatingIO,testMain,testOnce,make,generate,randomValues,extractInt,nextBytes,nextString,check,check,floatValue,doubleValue,longValue,skip,data,convertTo2dArray,cartesian,concat,paste,testSchemas,dump"
TestSaslDigestMd5,lang\java\ipc\src\test\java\org\apache\avro\ipc\TestSaslDigestMd5.java,org.apache.avro.ipc,"testStartServer,testAnonymousClient,testWrongPassword,testHandshake,testResponseChange"
TestHistogram,lang\java\ipc\src\test\java\org\apache\avro\ipc\stats\TestHistogram.java,org.apache.avro.ipc.stats,"testBasicOperation,testBadValue,testFloatHistogram"
Position,lang\java\tools\src\test\compiler\output\Position.java,avro.examples.baseball,"values,valueOf"
TestRpcPluginOrdering,lang\java\ipc\src\test\java\org\apache\avro\ipc\TestRpcPluginOrdering.java,org.apache.avro.ipc,"testRpcPluginOrdering,createTestMessage"
AvroTestUtil,lang\java\tools\src\test\java\org\apache\avro\AvroTestUtil.java,org.apache.avro,"AvroTestUtil,tempFile"
TestMain,lang\java\tools\src\test\java\org\apache\avro\tool\TestMain.java,org.apache.avro.tool,testToolDescriptionLength
SpecificErrorBuilderBase,lang\java\avro\src\main\java\org\apache\avro\specific\SpecificErrorBuilderBase.java,org.apache.avro.specific,"SpecificErrorBuilderBase,SpecificErrorBuilderBase,SpecificErrorBuilderBase,getValue,setValue,hasValue,clearValue,getCause,setCause,hasCause,clearCause"
SequenceFileRecordReader,lang\java\mapred\src\main\java\org\apache\avro\mapred\SequenceFileRecordReader.java,org.apache.avro.mapred,SequenceFileRecordReader
SimpleException,lang\java\ipc\src\test\java\org\apache\avro\SimpleException.java,org.apache.avro,"SimpleException,SimpleException"
TestDataFileMeta,lang\java\avro\src\test\java\org\apache\avro\TestDataFileMeta.java,org.apache.avro,"testUseReservedMeta,testUseMeta,testUseMetaAfterCreate,testBlockSizeSetInvalid"
TestNettyServer,lang\java\ipc\src\test\java\org\apache\avro\ipc\TestNettyServer.java,org.apache.avro.ipc,"initializeConnections,tearDownConnections,testRequestResponse,verifyResponse,testOneway,testMixtureOfRequests,createMessage"
SequenceFileInputFormat,lang\java\mapred\src\main\java\org\apache\avro\mapred\SequenceFileInputFormat.java,org.apache.avro.mapred,getRecordReader
TestSpecificRecordBuilder,lang\java\ipc\src\test\java\org\apache\avro\specific\TestSpecificRecordBuilder.java,org.apache.avro.specific,"testSpecificBuilder,attemptToSetNonNullableFieldToNull,testBuilderPerformance,testBuilderPerformanceWithDefaultValues,testManualBuildPerformance"
TestReflectJob,lang\java\mapred\src\test\java\org\apache\avro\mapred\TestReflectJob.java,org.apache.avro.mapred,"testJob,writeLinesFile,validateCountsFile"
InMemorySpanStorage,lang\java\ipc\src\main\java\org\apache\avro\ipc\trace\InMemorySpanStorage.java,org.apache.avro.ipc.trace,"InMemorySpanStorage,addSpan,setMaxSpans,getAllSpans,getSpansInRange"
TestGenericJob,lang\java\mapred\src\test\java\org\apache\avro\mapred\TestGenericJob.java,org.apache.avro.mapred,"createSchema,createArraySchema,createInnerSchema,setup,tearDown,testJob"
TestLengthLimitedInputStream,lang\java\avro\src\test\java\org\apache\avro\file\TestLengthLimitedInputStream.java,org.apache.avro.file,"setupRawStream,testAvailable,testRead"
TestSpanAggregation,lang\java\ipc\src\test\java\org\apache\avro\ipc\trace\TestSpanAggregation.java,org.apache.avro.ipc.trace,"testSpanCompletion1,testInvalidSpanCompletion,testTraceFormation1,createClientSpan,createServerSpan"
Player,lang\java\tools\src\test\compiler\output\Player.java,avro.examples.baseball,"getSchema,get,put,getNumber,setNumber,getFirstName,setFirstName,getLastName,setLastName,getPosition,setPosition,newBuilder,newBuilder,newBuilder"
TestSpecificCompilerTool,lang\java\tools\src\test\java\org\apache\avro\tool\TestSpecificCompilerTool.java,org.apache.avro.tool,"setUp,testCompileSchemaSingleFile,testCompileSchemaTwoFiles,testCompileSchemaFileAndDirectory,doCompile,assertFileMatch,readFile"
TestResolvingIO,lang\java\avro\src\test\java\org\apache\avro\io\TestResolvingIO.java,org.apache.avro.io,"TestResolvingIO,testIdentical,testCompatible,performTest,testOnce,check,data2,testSchemas"
TestDataFileDeflate,lang\java\avro\src\test\java\org\apache\avro\TestDataFileDeflate.java,org.apache.avro,testWriteAndRead
SchemaMojo,lang\java\maven-plugin\src\main\java\org\apache\avro\mojo\SchemaMojo.java,org.apache.avro.mojo,"doCompile,getIncludes,getTestIncludes"
TestTraceSingletons,lang\java\ipc\src\test\java\org\apache\avro\ipc\trace\TestTraceSingletons.java,org.apache.avro.ipc.trace,"testNormalConfiguration,testInvalidDoubleConfiguration,testValidDoubleConfiguration,testNoConfiguration"
TestDataFileSpecific,lang\java\ipc\src\test\java\org\apache\avro\TestDataFileSpecific.java,org.apache.avro,testSpecificDatumReaderDefaultCtor
TestProtocolHttp,lang\java\ipc\src\test\java\org\apache\avro\TestProtocolHttp.java,org.apache.avro,"createServer,createTransceiver,getExpectedHandshakeCount,testTimeout,testStatelessOneway"
TestUtf8,lang\java\avro\src\test\java\org\apache\avro\util\TestUtf8.java,org.apache.avro.util,testByteConstructor
TestResolvingIOResolving,lang\java\avro\src\test\java\org\apache\avro\io\TestResolvingIOResolving.java,org.apache.avro.io,"TestResolvingIOResolving,testResolving,data3,dataForResolvingTests"
TestTraceCollection,lang\java\ipc\src\test\java\org\apache\avro\ipc\trace\TestTraceCollection.java,org.apache.avro.ipc.trace,testRecursingTrace
TestSpanTraceFormation,lang\java\ipc\src\test\java\org\apache\avro\ipc\trace\TestSpanTraceFormation.java,org.apache.avro.ipc.trace,"testSpanEquality,testSpanEquality2,createFullSpan,testSpanEquality3,testBasicTraceFormation"
TestWordCount,lang\java\mapred\src\test\java\org\apache\avro\mapred\TestWordCount.java,org.apache.avro.mapred,"testJob,testProjection"
TestProtocolParsing,lang\java\ipc\src\test\java\org\apache\avro\TestProtocolParsing.java,org.apache.avro,"getSimpleProtocol,testParsing,parseMessage,oneWay,oneWayResponse,oneWayError"
AvroUtf8InputFormat,lang\java\mapred\src\main\java\org\apache\avro\mapred\AvroUtf8InputFormat.java,org.apache.avro.mapred,"configure,isSplitable,getRecordReader"
TestEndToEndTracing,lang\java\ipc\src\test\java\org\apache\avro\ipc\trace\TestEndToEndTracing.java,org.apache.avro.ipc.trace,"testTraceAndCollectionMemory,testTraceAndCollectionDisk,testTraceAndCollection"
TestProtocolDatagram,lang\java\ipc\src\test\java\org\apache\avro\TestProtocolDatagram.java,org.apache.avro,"createServer,createTransceiver,getExpectedHandshakeCount"
TestAvroTextSort,lang\java\mapred\src\test\java\org\apache\avro\mapred\TestAvroTextSort.java,org.apache.avro.mapred,testSort
TestSpecificErrorBuilder,lang\java\ipc\src\test\java\org\apache\avro\specific\TestSpecificErrorBuilder.java,org.apache.avro.specific,"testSpecificErrorBuilder,attemptToSetNonNullableFieldToNull"
TestDataFileReflect,lang\java\avro\src\test\java\org\apache\avro\TestDataFileReflect.java,org.apache.avro,"testMultiReflectWithUnionBeforeWriting,testNull,testNestedClass,write"
HadoopMapper,lang\java\mapred\src\main\java\org\apache\avro\mapred\HadoopMapper.java,org.apache.avro.mapred,"configure,map,close"
NullCodec,lang\java\avro\src\main\java\org\apache\avro\file\NullCodec.java,org.apache.avro.file,"getName,compress,decompress,equals,hashCode"
TestBinaryEncoderFidelity,lang\java\avro\src\test\java\org\apache\avro\io\TestBinaryEncoderFidelity.java,org.apache.avro.io,"generateData,generateComplexData,generateLegacyData,testBinaryEncoder,testDirectBinaryEncoder,testBlockingBinaryEncoder"
ProtocolMojo,lang\java\maven-plugin\src\main\java\org\apache\avro\mojo\ProtocolMojo.java,org.apache.avro.mojo,"doCompile,getIncludes,getTestIncludes"
TestWeather,lang\java\mapred\src\test\java\org\apache\avro\mapred\TestWeather.java,org.apache.avro.mapred,"tearDown,testMapOnly,testSort"
