class path,method name,method arguments,Time,OwnTime,count
lang\java\ipc\src\main\java\org\apache\avro\ipc\RPCPlugin.java,<init>,,0,0,31
lang\java\avro\src\main\java\org\apache\avro\io\BinaryDecoder.java,doSkipItems,,0,0,11
lang\java\avro\src\main\java\org\apache\avro\Schema.java,parseAliases,JsonNode,0,0,6
lang\java\avro\src\main\java\org\apache\avro\io\parsing\ValidatingGrammarGenerator.java,generate,"Schema, Map",2,0,3
lang\java\mapred\src\main\java\org\apache\avro\mapred\AvroValue.java,<init>,Object,0,0,12
lang\java\avro\src\main\java\org\apache\avro\io\DirectBinaryDecoder.java,doSkipBytes,long,0,0,4
lang\java\trevni\core\src\main\java\org\apache\trevni\TrevniRuntimeException.java,<init>,String,0,0,8
lang\java\ipc\src\main\java\org\apache\avro\ipc\SaslSocketServer.java,<init>,"Responder, SocketAddress, SaslSocketServer$SaslServerFactory",5,0,2
lang\java\avro\src\main\java\org\apache\avro\file\SnappyCodec.java,<init>,,0,0,9
lang\java\ipc\src\main\java\org\apache\avro\ipc\Transceiver.java,<init>,,0,0,25
lang\java\avro\src\main\java\org\apache\avro\io\BlockingBinaryEncoder.java,writeInt,int,9727,0,4
lang\java\avro\src\main\java\org\apache\avro\io\parsing\ResolvingGrammarGenerator.java,encode,"Encoder, Schema, JsonNode",2,0,1
lang\java\avro\src\main\java\org\apache\avro\file\DataFileStream.java,getMeta,String,0,0,2
lang\java\avro\src\main\java\org\apache\avro\io\EncoderFactory.java,binaryEncoder,"OutputStream, BinaryEncoder",0,0,6
lang\java\avro\src\main\java\org\apache\avro\util\WeakIdentityHashMap.java,put,"Object, Object",0,0,14
lang\java\avro\src\main\java\org\apache\avro\io\DirectBinaryDecoder.java,<init>,InputStream,0,0,72
lang\java\tools\src\main\java\org\apache\avro\tool\DataFileRepairTool.java,<init>,,0,0,3
lang\java\avro\src\main\java\org\apache\avro\io\DirectBinaryEncoder.java,writeLong,long,0,0,9
lang\java\avro\src\test\java\org\apache\avro\io\LegacyBinaryEncoder.java,setItemCount,long,0,0,12
lang\java\mapred\src\main\java\org\apache\avro\mapred\tether\TetherKeySerialization.java,<init>,,0,0,5
lang\java\avro\src\main\java\org\apache\avro\io\ValidatingEncoder.java,writeString,String,0,0,3
lang\java\mapred\src\main\java\org\apache\avro\mapred\HadoopReducer.java,getCollector,OutputCollector,0,0,2
lang\java\tools\src\main\java\org\apache\avro\tool\IdlTool.java,run,"InputStream, PrintStream, PrintStream, List",17,0,1
lang\java\avro\src\main\java\org\apache\avro\io\BinaryData.java,compare,"byte[], int, int, byte[], int, int, Schema",2,0,2
lang\java\trevni\core\src\main\java\org\apache\trevni\ColumnDescriptor.java,findBlock,Comparable,0,0,4
lang\java\avro\src\main\java\org\apache\avro\io\BinaryDecoder.java,doReadBytes,"byte[], int, int",0,0,19
lang\java\avro\src\main\java\org\apache\avro\io\parsing\SkipParser.java,<init>,"Symbol, Parser$ActionHandler, SkipParser$SkipHandler",0,0,85
lang\java\avro\src\main\java\org\apache\avro\Conversion.java,fromBoolean,"Boolean, Schema, LogicalType",0,0,2
lang\java\avro\src\main\java\org\apache\avro\util\internal\JacksonUtils.java,toJsonNode,Object,0,0,2
lang\java\avro\src\main\java\org\apache\avro\io\parsing\Symbol.java,skipAction,Symbol,0,0,10
lang\java\avro\src\main\java\org\apache\avro\io\parsing\SkipParser.java,skipSymbol,Symbol,4531,0,3
lang\java\avro\src\main\java\org\apache\avro\io\BinaryDecoder.java,arrayNext,,0,0,9
lang\java\avro\src\test\java\org\apache\avro\io\LegacyBinaryEncoder.java,writeInt,int,0,0,6
lang\java\avro\src\main\java\org\apache\avro\util\WeakIdentityHashMap.java,containsKey,Object,0,0,1
lang\java\avro\src\main\java\org\apache\avro\file\SyncableFileOutputStream.java,<init>,File,0,0,2
lang\java\trevni\core\src\main\java\org\apache\trevni\InputBuffer.java,readFully,byte[],0,0,23
lang\java\avro\src\main\java\org\apache\avro\util\Utf8.java,getBytesFor,String,0,0,26
lang\java\trevni\core\src\main\java\org\apache\trevni\ColumnMetaData.java,hasIndexValues,boolean,0,0,8
lang\java\avro\src\main\java\org\apache\avro\SchemaValidatorBuilder.java,validateLatest,,0,0,2
lang\java\avro\src\main\java\org\apache\avro\specific\ExternalizableInput.java,read,,0,0,1
lang\java\avro\src\main\java\org\apache\avro\ValidateCanBeRead.java,validate,"Schema, Schema",9,0,1
lang\java\avro\src\main\java\org\apache\avro\util\WeakIdentityHashMap.java,equals,Object,0,0,4
lang\java\mapred\src\main\java\org\apache\avro\hadoop\file\SortedKeyValueFile.java,<init>,,0,0,1
lang\java\mapred\src\main\java\org\apache\avro\mapreduce\AvroKeyRecordWriter.java,<init>,"Schema, GenericData, CodecFactory, OutputStream, int",12,0,2
lang\java\trevni\core\src\main\java\org\apache\trevni\ValueType.java,values,,0,0,4
lang\java\avro\src\main\java\org\apache\avro\util\ByteBufferOutputStream.java,writeBuffer,ByteBuffer,0,0,1
lang\java\trevni\core\src\main\java\org\apache\trevni\OutputBuffer.java,writeBoolean,boolean,0,0,15
lang\java\avro\src\main\java\org\apache\avro\io\JsonEncoder.java,configure,JsonGenerator,0,0,7
lang\java\trevni\core\src\main\java\org\apache\trevni\InputFile.java,read,"long, byte[], int, int",0,0,1
lang\java\tools\src\main\java\org\apache\avro\tool\DataFileGetSchemaTool.java,<init>,,0,0,3
lang\java\avro\src\main\java\org\apache\avro\io\ParsingDecoder.java,skipAction,,0,0,2
lang\java\avro\src\main\java\org\apache\avro\io\BinaryDecoder.java,skipString,,0,0,4
lang\java\avro\src\main\java\org\apache\avro\io\ValidatingDecoder.java,readFixed,"byte[], int, int",0,0,3
lang\java\avro\src\main\java\org\apache\avro\io\BinaryDecoder.java,doReadItemCount,,0,0,31
lang\java\mapred\src\main\java\org\apache\avro\hadoop\file\HadoopCodecFactory.java,fromHadoopString,String,0,0,2
lang\java\avro\src\main\java\org\apache\avro\file\DataFileWriter.java,sync,,0,0,3
lang\java\trevni\core\src\main\java\org\apache\trevni\InputBuffer.java,skipValue,ValueType,1,0,19
lang\java\avro\src\main\java\org\apache\avro\reflect\DateAsLongEncoding.java,<init>,,0,0,1
lang\java\trevni\core\src\main\java\org\apache\trevni\Crc32Checksum.java,<init>,,0,0,3
lang\java\avro\src\main\java\org\apache\avro\util\Utf8.java,toString,,0,0,13
lang\java\avro\src\main\java\org\apache\avro\ValidateMutualRead.java,canRead,"Schema, Schema",6,0,5
lang\java\avro\src\main\java\org\apache\avro\util\WeakIdentityHashMap.java,entrySet,,2,0,1
lang\java\avro\src\main\java\org\apache\avro\specific\SpecificDatumWriter.java,<init>,Schema,63,0,1
lang\java\trevni\core\src\main\java\org\apache\trevni\InputBuffer.java,readDouble,,0,0,6
lang\java\avro\src\main\java\org\apache\avro\SchemaNormalization.java,fingerprint64,byte[],1,0,5
lang\java\mapred\src\main\java\org\apache\avro\mapreduce\AvroRecordReaderBase.java,close,,0,0,1
lang\java\avro\src\main\java\org\apache\avro\util\ByteBufferOutputStream.java,<init>,,0,0,14
lang\java\avro\src\main\java\org\apache\avro\io\ValidatingDecoder.java,readBytes,ByteBuffer,0,0,1
lang\java\avro\src\main\java\org\apache\avro\file\DataFileWriter.java,append,Object,0,0,1
lang\java\avro\src\main\java\org\apache\avro\AvroTypeException.java,<init>,String,0,0,42
lang\java\trevni\core\src\main\java\org\apache\trevni\OutputBuffer.java,writeLength,int,0,0,1
lang\java\mapred\src\main\java\org\apache\avro\mapred\AvroWrapper.java,toString,,0,0,2
lang\java\trevni\avro\src\main\java\org\apache\trevni\avro\mapreduce\AvroTrevniKeyValueOutputFormat.java,getRecordWriter,TaskAttemptContext,23,0,1
lang\java\trevni\core\src\main\java\org\apache\trevni\Crc32Checksum.java,compute,ByteBuffer,0,0,2
lang\java\mapred\src\main\java\org\apache\avro\hadoop\io\AvroDeserializer.java,<init>,"Schema, Schema, ClassLoader",23,0,3
lang\java\trevni\core\src\main\java\org\apache\trevni\ColumnMetaData.java,hasIndexValues,,0,0,2
lang\java\avro\src\main\java\org\apache\avro\specific\ExternalizableInput.java,read,byte[],0,0,1
lang\java\avro\src\main\java\org\apache\avro\util\WeakIdentityHashMap.java,values,,0,0,1
lang\java\avro\src\main\java\org\apache\avro\io\parsing\Symbol.java,fieldOrderAction,Schema$Field[],0,0,4
lang\java\avro\src\main\java\org\apache\avro\reflect\ReflectionUtil.java,resetFieldAccess,,4,0,3
lang\java\avro\src\main\java\org\apache\avro\io\BlockingBinaryEncoder.java,writeMapEnd,,0,0,1
lang\java\avro\src\main\java\org\apache\avro\io\ValidatingEncoder.java,flush,,0,0,3
lang\java\avro\src\main\java\org\apache\avro\file\CodecFactory.java,snappyCodec,,2,0,3
lang\java\avro\src\main\java\org\apache\avro\io\BinaryDecoder.java,readDouble,,0,0,4
lang\java\trevni\core\src\main\java\org\apache\trevni\ColumnFileReader.java,getColumn,String,0,0,2
lang\java\avro\src\main\java\org\apache\avro\io\ValidatingEncoder.java,writeInt,int,0,0,3
lang\java\avro\src\main\java\org\apache\avro\file\DataFileWriter.java,create,"Schema, OutputStream, byte[]",0,0,1
lang\java\avro\src\main\java\org\apache\avro\file\DataFileWriter.java,setMetaInternal,"String, String",0,0,2
lang\java\avro\src\main\java\org\apache\avro\io\parsing\ValidatingGrammarGenerator.java,generate,Schema,2,0,2
lang\java\avro\src\main\java\org\apache\avro\Schema.java,<init>,Schema$Type,0,0,28
lang\java\avro\src\main\java\org\apache\avro\specific\ExternalizableInput.java,available,,0,0,1
lang\java\avro\src\main\java\org\apache\avro\io\BinaryDecoder.java,<init>,,0,0,156
lang\java\avro\src\main\java\org\apache\avro\io\parsing\Symbol.java,unionAdjustAction,"int, Symbol",0,0,10
lang\java\avro\src\test\java\org\apache\avro\io\LegacyBinaryEncoder.java,writeBoolean,boolean,0,0,6
lang\java\avro\src\main\java\org\apache\avro\io\ValidatingDecoder.java,mapNext,,0,0,2
lang\java\trevni\core\src\main\java\org\apache\trevni\InputBuffer.java,skip,long,0,0,11
lang\java\mapred\src\main\java\org\apache\avro\mapred\AvroMultipleInputs.java,getInputSchemaMap,JobConf,0,0,1
lang\java\avro\src\main\java\org\apache\avro\io\parsing\JsonGrammarGenerator.java,generate,Schema,1,0,6
lang\java\avro\src\main\java\org\apache\avro\file\DeflateCodec.java,decompress,ByteBuffer,0,0,1
lang\java\mapred\src\main\java\org\apache\avro\mapred\AvroMapper.java,<init>,,0,0,3
lang\java\ipc\src\main\java\org\apache\avro\ipc\SaslSocketServer.java,<init>,"Responder, SocketAddress",5,0,1
lang\java\avro\src\main\java\org\apache\avro\Conversion.java,toRecord,"Object, Schema, LogicalType",0,0,2
lang\java\avro\src\main\java\org\apache\avro\io\Decoder.java,readFixed,byte[],0,0,12
lang\java\avro\src\main\java\org\apache\avro\reflect\ArrayAccessor.java,<init>,,0,0,1
lang\java\avro\src\main\java\org\apache\avro\io\ValidatingDecoder.java,skipArray,,0,0,3
lang\java\ipc\src\main\java\org\apache\avro\ipc\HttpTransceiver.java,writeBuffers,"List, OutputStream",0,0,1
lang\java\avro\src\main\java\org\apache\avro\io\BlockingBinaryEncoder.java,writeArrayStart,,1,0,7
lang\java\trevni\core\src\main\java\org\apache\trevni\NullChecksum.java,compute,ByteBuffer,0,0,1
lang\java\avro\src\main\java\org\apache\avro\SchemaNormalization.java,toParsingForm,Schema,0,0,3
lang\java\tools\src\main\java\org\apache\avro\tool\IdlTool.java,<init>,,0,0,4
lang\java\avro\src\main\java\org\apache\avro\io\ValidatingDecoder.java,arrayNext,,0,0,3
lang\java\avro\src\main\java\org\apache\avro\ValidateAll.java,validate,"Schema, Iterable",0,0,2
lang\java\tools\src\main\java\org\apache\avro\tool\Main.java,main,String[],1,0,1
lang\java\avro\src\main\java\org\apache\avro\file\BZip2Codec.java,hashCode,,0,0,1
lang\java\tools\src\main\java\org\apache\avro\tool\ConcatTool.java,printHelp,PrintStream,0,0,2
lang\java\avro\src\main\java\org\apache\avro\io\BinaryDecoder.java,readArrayStart,,0,0,5
lang\java\avro\src\main\java\org\apache\avro\file\BZip2Codec.java,compress,ByteBuffer,0,0,1
lang\java\avro\src\main\java\org\apache\avro\io\BinaryDecoder.java,innerLongDecode,long,0,0,1
lang\java\avro\src\main\java\org\apache\avro\AvroTypeException.java,<init>,"String, Throwable",0,0,1
lang\java\avro\src\main\java\org\apache\avro\reflect\FieldAccessReflect.java,getAccessor,Field,0,0,2
lang\java\avro\src\main\java\org\apache\avro\file\SnappyCodec.java,<init>,SnappyCodec$1,0,0,9
lang\java\avro\src\main\java\org\apache\avro\io\DecoderFactory.java,binaryDecoder,"InputStream, BinaryDecoder",8,0,11
lang\java\avro\src\main\java\org\apache\avro\io\DecoderFactory.java,createBinaryDecoder,"byte[], BinaryDecoder",0,0,2
lang\java\trevni\core\src\main\java\org\apache\trevni\SnappyCodec.java,decompress,ByteBuffer,0,0,4
lang\java\avro\src\main\java\org\apache\avro\io\BinaryEncoder.java,writeString,String,24500,0,7
lang\java\mapred\src\main\java\org\apache\avro\hadoop\io\AvroDeserializer.java,<init>,"Schema, Schema, DatumReader",0,0,7
lang\java\avro\src\main\java\org\apache\avro\io\ValidatingEncoder.java,writeString,Utf8,0,0,3
lang\java\avro\src\main\java\org\apache\avro\io\DirectBinaryEncoder.java,writeBoolean,boolean,0,0,3
lang\java\trevni\core\src\main\java\org\apache\trevni\OutputBuffer.java,writeBytes,"byte[], int, int",0,0,13
lang\java\avro\src\main\java\org\apache\avro\specific\SpecificData.java,<init>,,0,0,2
lang\java\trevni\avro\src\main\java\org\apache\trevni\avro\mapreduce\AvroTrevniKeyValueOutputFormat.java,<init>,,0,0,1
lang\java\avro\src\main\java\org\apache\avro\io\BinaryData.java,encodeLong,"long, byte[], int",0,0,11
lang\java\ipc\src\main\java\org\apache\avro\ipc\stats\StaticServlet.java,<init>,,0,0,6
lang\java\ipc\src\main\java\org\apache\avro\ipc\HttpServer.java,<init>,"Responder, int",80,0,2
lang\java\avro\src\main\java\org\apache\avro\io\BinaryData.java,encodeFloat,"float, byte[], int",0,0,10
lang\java\mapred\src\main\java\org\apache\avro\mapred\AvroMultipleInputs.java,getMapperTypeMap,JobConf,0,0,1
lang\java\trevni\core\src\main\java\org\apache\trevni\InputBuffer.java,readFixed32,,0,0,83
lang\java\avro\src\main\java\org\apache\avro\io\parsing\ValidatingGrammarGenerator.java,<init>,,0,0,16
lang\java\avro\src\main\java\org\apache\avro\io\DirectBinaryEncoder.java,flush,,0,0,2
lang\java\avro\src\main\java\org\apache\avro\io\ValidatingDecoder.java,readEnum,,0,0,4
lang\java\avro\src\main\java\org\apache\avro\util\ByteBufferOutputStream.java,write,"byte[], int, int",0,0,5
lang\java\mapred\src\main\java\org\apache\avro\hadoop\file\HadoopCodecFactory.java,getAvroCodecName,String,0,0,2
lang\java\avro\src\main\java\org\apache\avro\file\DataFileReader.java,openReader,"SeekableInput, DatumReader",1,0,5
lang\java\avro\src\main\java\org\apache\avro\file\DataFileStream.java,initialize,InputStream,16,0,4
lang\java\avro\src\main\java\org\apache\avro\io\EncoderFactory.java,jsonEncoder,"Schema, JsonGenerator",0,0,2
lang\java\avro\src\main\java\org\apache\avro\Schema.java,createRecord,"String, String, String, boolean",0,0,2
lang\java\mapred\src\main\java\org\apache\avro\mapreduce\AvroRecordReaderBase.java,getProgress,,0,0,1
lang\java\avro\src\main\java\org\apache\avro\io\ResolvingDecoder.java,<init>,"Schema, Schema, Decoder",0,0,2
lang\java\mapred\src\main\java\org\apache\avro\mapred\tether\TetherData.java,<init>,,0,0,1
lang\java\avro\src\main\java\org\apache\avro\util\WeakIdentityHashMap.java,get,Object,0,0,2
lang\java\mapred\src\main\java\org\apache\avro\hadoop\util\AvroCharSequenceComparator.java,compare,"Object, Object",0,0,5
lang\java\avro\src\main\java\org\apache\avro\io\BufferedBinaryEncoder.java,writeZero,,0,0,3
lang\java\avro\src\main\java\org\apache\avro\io\EncoderFactory.java,jsonEncoder,"Schema, OutputStream, boolean",0,0,2
lang\java\ipc\src\main\java\org\apache\avro\ipc\stats\StatsServlet.java,escapeStringArray,List,0,0,3
lang\java\avro\src\main\java\org\apache\avro\file\LengthLimitedInputStream.java,remainingInt,,0,0,6
lang\java\avro\src\main\java\org\apache\avro\AvroRemoteException.java,<init>,Object,0,0,4
lang\java\mapred\src\main\java\org\apache\avro\mapred\HadoopReducer.java,<init>,,0,0,6
lang\java\tools\src\main\java\org\apache\avro\tool\RecodecTool.java,<init>,,0,0,3
lang\java\avro\src\main\java\org\apache\avro\file\DataFileStream.java,resolveCodec,,0,0,2
lang\java\avro\src\main\java\org\apache\avro\io\BlockingBinaryEncoder.java,writeFixed,"byte[], int, int",0,0,4
lang\java\tools\src\main\java\org\apache\avro\tool\TrevniToJsonTool.java,<init>,,0,0,5
lang\java\avro\src\main\java\org\apache\avro\generic\GenericDatumWriter.java,<init>,GenericData,0,0,3
lang\java\trevni\core\src\main\java\org\apache\trevni\ColumnDescriptor.java,blockCount,,0,0,3
lang\java\avro\src\main\java\org\apache\avro\io\ValidatingEncoder.java,writeMapStart,,0,0,3
lang\java\avro\src\main\java\org\apache\avro\util\WeakIdentityHashMap.java,<init>,,0,0,33
lang\java\avro\src\main\java\org\apache\avro\generic\GenericDatumReader.java,<init>,,440,0,1
lang\java\avro\src\main\java\org\apache\avro\specific\SpecificDatumWriter.java,<init>,"Schema, SpecificData",0,0,1
lang\java\ipc\src\main\java\org\apache\avro\ipc\LocalTransceiver.java,transceive,List,0,0,1
lang\java\trevni\core\src\main\java\org\apache\trevni\OutputBuffer.java,isFull,,0,0,3
lang\java\ipc\src\main\java\org\apache\avro\ipc\DatagramTransceiver.java,readBuffers,,5136,0,2
lang\java\avro\src\main\java\org\apache\avro\file\DataFileReader.java,openReader,"SeekableInput, DatumReader, DataFileStream$Header, boolean",0,0,1
lang\java\avro\src\main\java\org\apache\avro\io\BufferedBinaryEncoder.java,<init>,"OutputStream, int",1,0,79
lang\java\avro\src\main\java\org\apache\avro\io\parsing\Symbol.java,enumLabelsAction,List,0,0,13
lang\java\avro\src\main\java\org\apache\avro\LogicalTypes.java,fromSchemaIgnoreInvalid,Schema,0,0,5
lang\java\trevni\core\src\main\java\org\apache\trevni\DeflateCodec.java,getInflater,,0,0,2
lang\java\avro\src\main\java\org\apache\avro\io\JsonDecoder.java,getSymbol,Schema,0,0,4
lang\java\tools\src\main\java\org\apache\avro\tool\DataFileGetSchemaTool.java,run,"InputStream, PrintStream, PrintStream, List",0,0,1
lang\java\avro\src\main\java\org\apache\avro\io\DirectBinaryDecoder.java,configure,InputStream,0,0,75
lang\java\avro\src\main\java\org\apache\avro\Schema.java,createFixed,"String, String, String, int",0,0,1
lang\java\avro\src\main\java\org\apache\avro\io\Encoder.java,writeFixed,byte[],0,0,3
lang\java\trevni\core\src\main\java\org\apache\trevni\OutputBuffer.java,writeValue,"Object, ValueType",0,0,11
lang\java\avro\src\main\java\org\apache\avro\reflect\ArrayAccessor.java,readArray,"char[], long, ResolvingDecoder",0,0,5
lang\java\ipc\src\main\java\org\apache\avro\ipc\Transceiver.java,unlockChannel,,0,0,1
lang\java\avro\src\main\java\org\apache\avro\io\DirectBinaryDecoder.java,doReadBytes,"byte[], int, int",0,0,5
lang\java\trevni\core\src\main\java\org\apache\trevni\BZip2Codec.java,decompress,ByteBuffer,4,0,7
lang\java\trevni\avro\src\main\java\org\apache\trevni\avro\mapreduce\AvroTrevniRecordReaderBase.java,nextKeyValue,,3,0,2
lang\java\trevni\core\src\main\java\org\apache\trevni\MetaData.java,<init>,,0,0,79
lang\java\avro\src\main\java\org\apache\avro\file\CodecFactory.java,<init>,,0,0,32
lang\java\avro\src\main\java\org\apache\avro\util\internal\JacksonUtils.java,toObject,JsonNode,0,0,2
lang\java\ipc\src\main\java\org\apache\avro\ipc\stats\StatsPlugin.java,getPayloadSize,List,0,0,12
lang\java\avro\src\main\java\org\apache\avro\file\Codec.java,<init>,,0,0,66
lang\java\trevni\avro\src\main\java\org\apache\trevni\avro\mapreduce\AvroTrevniKeyValueRecordWriter.java,<init>,TaskAttemptContext,16,0,1
lang\java\tools\src\main\java\org\apache\avro\tool\TrevniToJsonTool.java,toJson,"Input, PrintStream, boolean",0,0,2
lang\java\mapred\src\main\java\org\apache\avro\hadoop\file\HadoopCodecFactory.java,<init>,,0,0,1
lang\java\avro\src\main\java\org\apache\avro\io\DirectBinaryDecoder.java,readInt,,0,0,9
lang\java\trevni\core\src\main\java\org\apache\trevni\BlockDescriptor.java,<init>,"int, int, int",0,0,5
lang\java\avro\src\main\java\org\apache\avro\reflect\ArrayAccessor.java,writeArray,"short[], Encoder",0,0,2
lang\java\avro\src\main\java\org\apache\avro\Schema.java,getFullName,,0,0,4
lang\java\avro\src\main\java\org\apache\avro\Schema.java,getName,,0,0,4
lang\java\avro\src\main\java\org\apache\avro\SchemaValidatorBuilder.java,<init>,,0,0,7
lang\java\avro\src\main\java\org\apache\avro\io\parsing\Symbol.java,enumAdjustAction,"int, Object[]",0,0,14
lang\java\ipc\src\main\java\org\apache\avro\ipc\HttpServer.java,<init>,"Responder, String, int",5,0,1
lang\java\trevni\core\src\main\java\org\apache\trevni\OutputBuffer.java,writeInt,int,0,0,25
lang\java\avro\src\main\java\org\apache\avro\io\DecoderFactory.java,resolvingDecoder,"Schema, Schema, Decoder",0,0,1
lang\java\avro\src\main\java\org\apache\avro\JsonProperties.java,addProp,"String, String",0,0,2
lang\java\avro\src\main\java\org\apache\avro\io\BinaryDecoder.java,doSkipBytes,long,0,0,14
lang\java\avro\src\main\java\org\apache\avro\specific\SpecificDatumReader.java,<init>,SpecificData,0,0,2
lang\java\avro\src\main\java\org\apache\avro\Conversion.java,toArray,"Object, Schema, LogicalType",0,0,2
lang\java\ipc\src\main\java\org\apache\avro\ipc\RPCContext.java,responseCallMeta,,0,0,2
lang\java\avro\src\main\java\org\apache\avro\file\DataFileStream.java,getMetaString,String,0,0,2
lang\java\trevni\core\src\main\java\org\apache\trevni\MetaData.java,getBoolean,String,0,0,2
lang\java\mapred\src\main\java\org\apache\avro\mapred\AvroMapper.java,map,"Object, AvroCollector, Reporter",0,0,1
lang\java\avro\src\main\java\org\apache\avro\file\DataFileReader.java,<init>,"SeekableInput, DatumReader, DataFileStream$Header",0,0,2
lang\java\trevni\core\src\main\java\org\apache\trevni\InputBuffer.java,<init>,"Input, long",2,0,161
lang\java\avro\src\main\java\org\apache\avro\file\NullCodec.java,<init>,,0,0,13
lang\java\avro\src\main\java\org\apache\avro\file\SeekableByteArrayInput.java,<init>,byte[],0,0,21
lang\java\avro\src\main\java\org\apache\avro\io\ValidatingDecoder.java,readNull,,0,0,4
lang\java\avro\src\main\java\org\apache\avro\Conversion.java,toInt,"Object, Schema, LogicalType",0,0,2
lang\java\avro\src\main\java\org\apache\avro\io\BlockingBinaryEncoder.java,setItemCount,long,0,0,2
lang\java\ipc\src\test\java\org\apache\avro\ipc\stats\FakeTicks.java,<init>,,0,0,11
lang\java\avro\src\main\java\org\apache\avro\Conversion.java,fromBytes,"ByteBuffer, Schema, LogicalType",0,0,1
lang\java\avro\src\main\java\org\apache\avro\io\parsing\Symbol.java,hasErrors,"Symbol, Symbol[]",0,0,5
lang\java\avro\src\main\java\org\apache\avro\file\LengthLimitedInputStream.java,read,"byte[], int, int",1,0,10
lang\java\trevni\core\src\main\java\org\apache\trevni\InputBuffer.java,read,,0,0,101
lang\java\avro\src\main\java\org\apache\avro\Conversion.java,toMap,"Object, Schema, LogicalType",0,0,2
lang\java\trevni\core\src\main\java\org\apache\trevni\ColumnDescriptor.java,<init>,"Input, ColumnMetaData",0,0,22
lang\java\avro\src\main\java\org\apache\avro\SchemaBuilderException.java,<init>,String,0,0,1
lang\java\avro\src\test\java\org\apache\avro\io\LegacyBinaryEncoder.java,writeBytes,"byte[], int, int",0,0,2
lang\java\trevni\core\src\main\java\org\apache\trevni\InputBytes.java,read,"long, byte[], int, int",0,0,35
lang\java\mapred\src\main\java\org\apache\avro\hadoop\io\AvroDeserializer.java,deserialize,AvroWrapper,0,0,2
lang\java\avro\src\main\java\org\apache\avro\ValidateCanBeRead.java,<init>,,0,0,3
lang\java\avro\src\main\java\org\apache\avro\file\DataFileWriter.java,setMetaInternal,"String, byte[]",0,0,7
lang\java\mapred\src\main\java\org\apache\avro\mapred\DelegatingMapper.java,map,"AvroWrapper, NullWritable, OutputCollector, Reporter",1,0,1
lang\java\mapred\src\main\java\org\apache\avro\mapred\TaggedInputSplit.java,getLength,,0,0,1
lang\java\trevni\core\src\main\java\org\apache\trevni\OutputBuffer.java,writeFloat,float,0,0,1
lang\java\avro\src\main\java\org\apache\avro\file\LengthLimitedInputStream.java,read,byte[],0,0,5
lang\java\avro\src\main\java\org\apache\avro\io\BinaryDecoder.java,readMapStart,,0,0,7
lang\java\trevni\core\src\main\java\org\apache\trevni\ColumnMetaData.java,<init>,,0,0,6
lang\java\avro\src\main\java\org\apache\avro\file\SeekableByteArrayInput.java,seek,long,0,0,7
lang\java\avro\src\main\java\org\apache\avro\io\DecoderFactory.java,binaryDecoder,"byte[], BinaryDecoder",0,0,3
lang\java\tools\src\main\java\org\apache\avro\tool\DataFileRepairTool.java,run,"InputStream, PrintStream, PrintStream, List",0,0,1
lang\java\ipc\src\main\java\org\apache\avro\ipc\HttpTransceiver.java,readBuffers,InputStream,0,0,5
lang\java\avro\src\main\java\org\apache\avro\io\DecoderFactory.java,validatingDecoder,"Schema, Decoder",0,0,1
lang\java\ipc\src\main\java\org\apache\avro\ipc\LocalTransceiver.java,<init>,Responder,0,0,4
lang\java\trevni\core\src\main\java\org\apache\trevni\ColumnDescriptor.java,ensureBlocksRead,,0,0,5
lang\java\avro\src\main\java\org\apache\avro\io\ValidatingDecoder.java,readString,,0,0,3
lang\java\trevni\core\src\main\java\org\apache\trevni\MetaData.java,getString,String,0,0,4
lang\java\trevni\core\src\main\java\org\apache\trevni\OutputBuffer.java,utf8Length,String,0,0,2
lang\java\avro\src\main\java\org\apache\avro\file\DataFileWriter.java,appendAllFrom,"DataFileStream, boolean",0,0,1
lang\java\avro\src\main\java\org\apache\avro\file\DataFileStream.java,<init>,DatumReader,0,0,7
lang\java\avro\src\main\java\org\apache\avro\AvroRemoteException.java,<init>,"Object, Throwable",0,0,3
lang\java\avro\src\main\java\org\apache\avro\io\parsing\Symbol.java,alt,"Symbol[], String[]",0,0,4
lang\java\maven-plugin\src\main\java\org\apache\avro\mojo\ProtocolMojo.java,<init>,,0,0,3
lang\java\ipc\src\main\java\org\apache\avro\ipc\stats\StatsPlugin.java,<init>,,2,0,20
lang\java\avro\src\main\java\org\apache\avro\reflect\ArrayAccessor.java,writeArray,"float[], Encoder",0,0,2
lang\java\avro\src\main\java\org\apache\avro\util\Utf8.java,charAt,int,0,0,4
lang\java\avro\src\main\java\org\apache\avro\io\BufferedBinaryEncoder.java,writeFixed,"byte[], int, int",93143,65210,157381196
lang\java\tools\src\main\java\org\apache\avro\tool\TrevniMetadataTool.java,run,"InputStream, PrintStream, PrintStream, List",0,0,1
lang\java\avro\src\main\java\org\apache\avro\io\ValidatingEncoder.java,writeString,CharSequence,0,0,3
lang\java\mapred\src\main\java\org\apache\avro\mapred\tether\TetherOutputService.java,<init>,"OutputCollector, Reporter",0,0,1
lang\java\avro\src\main\java\org\apache\avro\file\XZCodec.java,toString,,0,0,2
lang\java\ipc\src\main\java\org\apache\avro\ipc\DatagramServer.java,<init>,"Responder, SocketAddress",23,0,2
lang\java\avro\src\main\java\org\apache\avro\io\DirectBinaryDecoder.java,readBytes,ByteBuffer,0,0,1
lang\java\avro\src\main\java\org\apache\avro\io\BinaryEncoder.java,<init>,,0,0,114
lang\java\avro\src\main\java\org\apache\avro\io\ValidatingEncoder.java,<init>,"Symbol, Encoder",1,0,75
lang\java\avro\src\main\java\org\apache\avro\io\ValidatingEncoder.java,configure,Encoder,0,0,1
lang\java\avro\src\main\java\org\apache\avro\io\BinaryData.java,encodeDouble,"double, byte[], int",0,0,10
lang\java\avro\src\main\java\org\apache\avro\io\parsing\Symbol.java,seq,Symbol[],0,0,17
lang\java\avro\src\main\java\org\apache\avro\Schema.java,parse,"String, boolean",10,0,2
lang\java\avro\src\main\java\org\apache\avro\file\DataFileReader.java,<init>,"File, DatumReader",0,0,2
lang\java\avro\src\test\java\org\apache\avro\io\LegacyBinaryEncoder.java,writeLong,long,0,0,12
lang\java\avro\src\main\java\org\apache\avro\io\DirectBinaryDecoder.java,readBoolean,,0,0,4
lang\java\avro\src\main\java\org\apache\avro\file\SeekableFileInput.java,<init>,FileDescriptor,0,0,9
lang\java\avro\src\main\java\org\apache\avro\io\parsing\Symbol.java,defaultStartAction,byte[],0,0,4
lang\java\trevni\core\src\main\java\org\apache\trevni\OutputBuffer.java,writeFixed64,long,0,0,6
lang\java\avro\src\main\java\org\apache\avro\reflect\ArrayAccessor.java,writeArray,"double[], Encoder",0,0,2
lang\java\avro\src\main\java\org\apache\avro\io\ParsingEncoder.java,setItemCount,long,0,0,5
lang\java\mapred\src\main\java\org\apache\avro\mapred\tether\TetherJob.java,submitJob,JobConf,3,0,1
lang\java\trevni\core\src\main\java\org\apache\trevni\ColumnFileWriter.java,writeLength,"int, int",0,0,1
lang\java\trevni\core\src\main\java\org\apache\trevni\ColumnOutputBuffer.java,<init>,"ColumnFileWriter, ColumnMetaData",0,0,2
lang\java\avro\src\main\java\org\apache\avro\AvroRuntimeException.java,<init>,"String, Throwable",0,0,3
lang\java\avro\src\main\java\org\apache\avro\Conversion.java,fromArray,"Collection, Schema, LogicalType",0,0,2
lang\java\trevni\avro\src\main\java\org\apache\trevni\avro\mapreduce\AvroTrevniKeyValueRecordReader.java,<init>,,5,0,4
lang\java\trevni\avro\src\main\java\org\apache\trevni\avro\mapreduce\AvroTrevniKeyRecordWriter.java,<init>,TaskAttemptContext,0,0,1
lang\java\avro\src\main\java\org\apache\avro\ValidateMutualRead.java,validate,"Schema, Schema",0,0,1
lang\java\trevni\core\src\main\java\org\apache\trevni\ColumnFileReader.java,readMagic,InputBuffer,0,0,15
lang\java\mapred\src\main\java\org\apache\avro\hadoop\io\AvroValueDeserializer.java,<init>,"Schema, Schema, ClassLoader",1,0,1
lang\java\avro\src\main\java\org\apache\avro\io\BlockingBinaryEncoder.java,writeMapStart,,0,0,5
lang\java\trevni\core\src\main\java\org\apache\trevni\OutputBuffer.java,size,String,0,0,2
lang\java\trevni\core\src\main\java\org\apache\trevni\Codec.java,<init>,,0,0,23
lang\java\avro\src\main\java\org\apache\avro\SchemaValidationException.java,getMessage,"Schema, Schema",0,0,2
lang\java\avro\src\main\java\org\apache\avro\io\BinaryDecoder.java,<init>,"byte[], int, int",1,0,35
lang\java\ipc\src\main\java\org\apache\avro\ipc\CallFuture.java,isDone,,0,0,4
lang\java\avro\src\main\java\org\apache\avro\generic\GenericDatumWriter.java,<init>,"Schema, GenericData",0,0,2
lang\java\trevni\avro\src\main\java\org\apache\trevni\avro\mapreduce\AvroTrevniKeyRecordReader.java,<init>,,0,0,3
lang\java\avro\src\main\java\org\apache\avro\file\CodecFactory.java,fromString,String,0,0,2
lang\java\ipc\src\main\java\org\apache\avro\ipc\HttpServer.java,<init>,"ResponderServlet, String, int",86,0,6
lang\java\avro\src\main\java\org\apache\avro\io\parsing\Parser.java,processImplicitActions,,19110,10853,9
lang\java\trevni\core\src\main\java\org\apache\trevni\InputBuffer.java,innerLongDecode,long,0,0,5
lang\java\avro\src\main\java\org\apache\avro\reflect\FieldAccessUnsafe.java,<init>,,0,0,3
lang\java\avro\src\main\java\org\apache\avro\io\ValidatingDecoder.java,readIndex,,0,0,2
lang\java\maven-plugin\src\main\java\org\apache\avro\mojo\SchemaMojo.java,<init>,,13,0,9
lang\java\trevni\core\src\main\java\org\apache\trevni\ColumnMetaData.java,isArray,boolean,0,0,12
lang\java\avro\src\main\java\org\apache\avro\io\parsing\Symbol.java,writerUnionAction,,0,0,19
lang\java\avro\src\main\java\org\apache\avro\file\LengthLimitedInputStream.java,available,,0,0,4
lang\java\trevni\core\src\main\java\org\apache\trevni\ValueType.java,forName,String,0,0,6
lang\java\avro\src\main\java\org\apache\avro\io\BufferedBinaryEncoder.java,writeBoolean,boolean,0,0,3
lang\java\trevni\core\src\main\java\org\apache\trevni\OutputBuffer.java,writeLong,long,0,0,13
lang\java\trevni\core\src\main\java\org\apache\trevni\ColumnFileReader.java,getRoots,,0,0,1
lang\java\avro\src\main\java\org\apache\avro\util\Utf8.java,subSequence,"int, int",0,0,3
lang\java\avro\src\main\java\org\apache\avro\JsonProperties.java,addProp,"String, JsonNode",0,0,4
lang\java\tools\src\main\java\org\apache\avro\tool\ConcatTool.java,run,"InputStream, PrintStream, PrintStream, List",531,0,4
lang\java\trevni\core\src\main\java\org\apache\trevni\ColumnFileReader.java,getValues,String,0,0,1
lang\java\trevni\core\src\main\java\org\apache\trevni\ColumnFileWriter.java,writeRow,Object[],0,0,1
lang\java\trevni\core\src\main\java\org\apache\trevni\BlockDescriptor.java,writeTo,OutputBuffer,0,0,3
lang\java\avro\src\main\java\org\apache\avro\file\DeflateCodec.java,<init>,int,0,0,13
lang\java\trevni\core\src\main\java\org\apache\trevni\InputBuffer.java,readInt,,0,0,116
lang\java\ipc\src\main\java\org\apache\avro\ipc\Ipc.java,createServer,"Responder, URI",87,0,4
lang\java\avro\src\main\java\org\apache\avro\io\DirectBinaryDecoder.java,isEnd,,0,0,1
lang\java\trevni\core\src\main\java\org\apache\trevni\Codec.java,get,MetaData,0,0,2
lang\java\avro\src\main\java\org\apache\avro\io\BinaryDecoder.java,isEnd,,0,0,3
lang\java\mapred\src\main\java\org\apache\avro\mapred\tether\TetherData.java,<init>,ByteBuffer,0,0,4
lang\java\trevni\core\src\main\java\org\apache\trevni\ColumnFileReader.java,<init>,Input,2,0,20
lang\java\trevni\core\src\main\java\org\apache\trevni\ColumnFileWriter.java,writeTo,OutputStream,0,0,3
lang\java\avro\src\main\java\org\apache\avro\file\DataFileWriter.java,fSync,,0,0,1
lang\java\avro\src\main\java\org\apache\avro\file\CodecFactory.java,xzCodec,int,2,0,3
lang\java\trevni\core\src\main\java\org\apache\trevni\NullChecksum.java,<init>,,0,0,3
lang\java\trevni\core\src\main\java\org\apache\trevni\ColumnFileMetaData.java,read,InputBuffer,0,0,23
lang\java\tools\src\main\java\org\apache\avro\tool\ConcatTool.java,<init>,,0,0,6
lang\java\trevni\core\src\main\java\org\apache\trevni\BZip2Codec.java,getOutputBuffer,int,0,0,9
lang\java\ipc\src\main\java\org\apache\avro\ipc\stats\IntegerHistogram.java,<init>,Histogram$Segmenter,0,0,21
lang\java\avro\src\main\java\org\apache\avro\UnresolvedUnionException.java,<init>,"Schema, Object",0,0,3
lang\java\mapred\src\main\java\org\apache\avro\mapred\HadoopReducerBase.java,<init>,,1,0,12
lang\java\ipc\src\main\java\org\apache\avro\ipc\stats\Stopwatch.java,elapsedNanos,,0,0,5
lang\java\trevni\core\src\main\java\org\apache\trevni\InputBuffer.java,readFully,"byte[], int, int",0,0,39
lang\java\avro\src\main\java\org\apache\avro\file\DataFileWriter.java,assertNotOpen,,0,0,12
lang\java\avro\src\main\java\org\apache\avro\JsonProperties.java,<init>,Set,0,0,32
lang\java\avro\src\main\java\org\apache\avro\util\WeakIdentityHashMap.java,isEmpty,,0,0,2
lang\java\trevni\core\src\main\java\org\apache\trevni\OutputBuffer.java,<init>,,0,0,79
lang\java\avro\src\main\java\org\apache\avro\io\BufferedBinaryEncoder.java,flushBuffer,,0,0,25
lang\java\avro\src\main\java\org\apache\avro\Conversions.java,<init>,,0,0,1
lang\java\mapred\src\main\java\org\apache\avro\mapreduce\AvroKeyValueOutputFormat.java,<init>,,0,0,1
lang\java\avro\src\main\java\org\apache\avro\Schema.java,parse,"JsonNode, Schema$Names",19,0,11
lang\java\trevni\avro\src\main\java\org\apache\trevni\avro\HadoopInput.java,<init>,"Path, Configuration",4,0,1
lang\java\avro\src\main\java\org\apache\avro\io\BufferedBinaryEncoder.java,configure,"OutputStream, int",7,5,103
lang\java\trevni\core\src\main\java\org\apache\trevni\ColumnValues.java,<init>,ColumnDescriptor,1,0,1
lang\java\avro\src\main\java\org\apache\avro\util\Utf8.java,setLength,int,0,0,11
lang\java\avro\src\main\java\org\apache\avro\io\BinaryEncoder.java,writeEnum,int,0,0,4
lang\java\avro\src\main\java\org\apache\avro\io\parsing\JsonGrammarGenerator.java,generate,"Schema, Map",1,0,7
lang\java\avro\src\main\java\org\apache\avro\io\DecoderFactory.java,jsonDecoder,"Schema, String",0,0,1
lang\java\avro\src\main\java\org\apache\avro\Conversion.java,fromMap,"Map, Schema, LogicalType",0,0,2
lang\java\avro\src\main\java\org\apache\avro\io\BinaryDecoder.java,<init>,"InputStream, int",5,0,30
lang\java\avro\src\main\java\org\apache\avro\file\DataFileWriter.java,close,,0,0,1
lang\java\trevni\core\src\main\java\org\apache\trevni\DeflateCodec.java,getOutputBuffer,int,0,0,2
lang\java\avro\src\main\java\org\apache\avro\Conversion.java,toFixed,"Object, Schema, LogicalType",0,0,2
lang\java\avro\src\main\java\org\apache\avro\io\parsing\Symbol.java,error,String,0,0,2
lang\java\ipc\src\main\java\org\apache\avro\ipc\stats\StatsPlugin.java,clientSendRequest,RPCContext,2,0,9
lang\java\trevni\core\src\main\java\org\apache\trevni\ValueType.java,valueOf,String,0,0,7
lang\java\avro\src\main\java\org\apache\avro\file\LengthLimitedInputStream.java,skip,long,0,0,5
lang\java\ipc\src\main\java\org\apache\avro\ipc\SaslSocketTransceiver.java,<init>,"SocketAddress, SaslClient",9,0,4
lang\java\trevni\core\src\main\java\org\apache\trevni\OutputBuffer.java,ensure,int,0,0,61
lang\java\avro\src\main\java\org\apache\avro\io\BinaryDecoder.java,readBoolean,,0,0,2
lang\java\avro\src\main\java\org\apache\avro\file\XZCodec.java,compress,ByteBuffer,0,0,1
lang\java\ipc\src\main\java\org\apache\avro\ipc\stats\Stopwatch.java,<init>,Stopwatch$Ticks,0,0,25
lang\java\avro\src\main\java\org\apache\avro\io\parsing\Symbol.java,flattenedSize,"Symbol[], int",0,0,15
lang\java\mapred\src\main\java\org\apache\avro\mapred\TaggedInputSplit.java,getLocations,,0,0,1
lang\java\ipc\src\main\java\org\apache\avro\ipc\stats\StaticServlet.java,getResource,String,42,0,5
lang\java\avro\src\main\java\org\apache\avro\Schema.java,addProp,"String, JsonNode",0,0,4
lang\java\avro\src\main\java\org\apache\avro\io\BlockingBinaryEncoder.java,writeBoolean,boolean,0,0,1
lang\java\avro\src\main\java\org\apache\avro\Conversion.java,fromLong,"Long, Schema, LogicalType",0,0,2
lang\java\avro\src\main\java\org\apache\avro\io\BinaryData.java,hashCode,"byte[], int, int, Schema",1,0,1
lang\java\avro\src\main\java\org\apache\avro\file\DataFileWriter.java,create,"Schema, OutputStream",0,0,1
lang\java\avro\src\test\java\org\apache\avro\io\LegacyBinaryEncoder.java,writeDouble,double,0,0,7
lang\java\avro\src\main\java\org\apache\avro\Conversion.java,toEnumSymbol,"Object, Schema, LogicalType",0,0,2
lang\java\avro\src\main\java\org\apache\avro\io\BinaryDecoder.java,readFloat,,0,0,2
lang\java\avro\src\main\java\org\apache\avro\generic\GenericData.java,<init>,,261,0,9
lang\java\avro\src\main\java\org\apache\avro\generic\GenericDatumWriter.java,<init>,,487,0,2
lang\java\avro\src\main\java\org\apache\avro\file\LengthLimitedInputStream.java,<init>,"InputStream, long",0,0,21
lang\java\avro\src\main\java\org\apache\avro\io\ValidatingEncoder.java,writeDouble,double,0,0,3
lang\java\avro\src\main\java\org\apache\avro\io\BinaryDecoder.java,configureSource,"int, BinaryDecoder$ByteSource",2,0,85
lang\java\avro\src\main\java\org\apache\avro\io\ValidatingEncoder.java,writeLong,long,0,0,3
lang\java\avro\src\main\java\org\apache\avro\io\BufferedBinaryEncoder.java,writeLong,long,0,0,2
lang\java\mapred\src\main\java\org\apache\avro\mapred\DelegatingInputFormat.java,<init>,,0,0,2
lang\java\avro\src\main\java\org\apache\avro\io\ValidatingEncoder.java,writeArrayStart,,1,0,6
lang\java\avro\src\main\java\org\apache\avro\io\BinaryDecoder.java,readString,Utf8,0,0,4
lang\java\mapred\src\main\java\org\apache\avro\hadoop\io\AvroKeyDeserializer.java,<init>,"Schema, Schema, ClassLoader",22,0,2
lang\java\avro\src\main\java\org\apache\avro\specific\SpecificDatumReader.java,<init>,Schema,0,0,1
lang\java\avro\src\main\java\org\apache\avro\io\BlockingBinaryEncoder.java,expandStack,,1,0,35
lang\java\avro\src\main\java\org\apache\avro\LogicalTypes.java,fromSchema,Schema,0,0,1
lang\java\avro\src\test\java\org\apache\avro\io\LegacyBinaryEncoder.java,writeFixed,"byte[], int, int",0,0,2
lang\java\mapred\src\main\java\org\apache\avro\mapred\AvroCollector.java,<init>,,0,0,10
lang\java\trevni\core\src\main\java\org\apache\trevni\OutputBuffer.java,size,byte[],0,0,4
lang\java\avro\src\main\java\org\apache\avro\io\parsing\Parser.java,pushSymbol,Symbol,0,0,19
lang\java\mapred\src\main\java\org\apache\avro\mapred\tether\TetherJob.java,setExecutable,"JobConf, File, List, boolean",0,0,2
lang\java\trevni\core\src\main\java\org\apache\trevni\InputBuffer.java,readLength,,0,0,27
lang\java\trevni\core\src\main\java\org\apache\trevni\MetaData.java,write,OutputBuffer,0,0,3
lang\java\avro\src\main\java\org\apache\avro\reflect\ArrayAccessor.java,writeArray,"int[], Encoder",1,0,2
lang\java\avro\src\main\java\org\apache\avro\file\SyncableFileOutputStream.java,<init>,String,0,0,1
lang\java\trevni\core\src\main\java\org\apache\trevni\TrevniRuntimeException.java,<init>,"String, Throwable",0,0,1
lang\java\avro\src\main\java\org\apache\avro\io\ValidatingDecoder.java,readDouble,,0,0,3
lang\java\avro\src\main\java\org\apache\avro\Conversion.java,fromEnumSymbol,"GenericEnumSymbol, Schema, LogicalType",0,0,2
lang\java\ipc\src\main\java\org\apache\avro\ipc\SaslSocketServer.java,<init>,"Responder, SocketAddress, String, String, String, Map, CallbackHandler",0,0,1
lang\java\avro\src\main\java\org\apache\avro\file\DataFileWriter.java,setSyncInterval,int,0,0,3
lang\java\avro\src\main\java\org\apache\avro\io\JsonEncoder.java,<init>,"Schema, OutputStream",1,0,3
lang\java\avro\src\main\java\org\apache\avro\Conversion.java,<init>,,0,0,100
lang\java\avro\src\main\java\org\apache\avro\io\BinaryData.java,hashCode,"BinaryData$HashData, Schema",0,0,1
lang\java\mapred\src\main\java\org\apache\avro\mapred\TaggedInputSplit.java,readClass,DataInput,4,0,1
lang\java\ipc\src\main\java\org\apache\avro\ipc\stats\FloatHistogram.java,getMean,,0,0,5
lang\java\ipc\src\main\java\org\apache\avro\ipc\stats\Stopwatch.java,start,,0,0,27
lang\java\trevni\core\src\main\java\org\apache\trevni\InputFile.java,length,,0,0,1
lang\java\avro\src\main\java\org\apache\avro\io\BinaryDecoder.java,readIndex,,0,0,14
lang\java\trevni\core\src\main\java\org\apache\trevni\ColumnFileReader.java,getValues,int,0,0,1
lang\java\avro\src\main\java\org\apache\avro\Schema.java,validateName,String,0,0,10
lang\java\avro\src\main\java\org\apache\avro\io\BinaryData.java,skipLong,"byte[], int",0,0,3
lang\java\mapred\src\main\java\org\apache\avro\hadoop\io\AvroValueDeserializer.java,createAvroWrapper,,0,0,1
lang\java\avro\src\main\java\org\apache\avro\io\BinaryDecoder.java,ensureBounds,int,0,0,89
lang\java\avro\src\main\java\org\apache\avro\io\BinaryDecoder.java,mapNext,,0,0,6
lang\java\avro\src\main\java\org\apache\avro\io\DirectBinaryEncoder.java,writeFloat,float,0,0,3
lang\java\avro\src\main\java\org\apache\avro\io\BinaryData.java,encodeInt,"int, byte[], int",0,0,20
lang\java\trevni\core\src\main\java\org\apache\trevni\DeflateCodec.java,writeAndClose,"ByteBuffer, OutputStream",0,0,2
lang\java\ipc\src\main\java\org\apache\avro\ipc\DatagramServer.java,run,,5136,0,1
lang\java\avro\src\main\java\org\apache\avro\util\ByteBufferInputStream.java,read,"byte[], int, int",0,0,4
lang\java\avro\src\main\java\org\apache\avro\io\BufferedBinaryEncoder.java,ensureBounds,int,27932,27932,157381206
lang\java\mapred\src\main\java\org\apache\avro\mapreduce\AvroKeyRecordReader.java,<init>,Schema,0,0,9
lang\java\trevni\core\src\main\java\org\apache\trevni\OutputBuffer.java,size,long,0,0,6
lang\java\avro\src\main\java\org\apache\avro\io\parsing\Parser.java,processTrailingImplicitActions,,0,0,15
lang\java\ipc\src\main\java\org\apache\avro\ipc\stats\Histogram.java,<init>,Histogram$Segmenter,0,0,30
lang\java\avro\src\main\java\org\apache\avro\AvroRemoteException.java,<init>,Throwable,0,0,2
lang\java\avro\src\main\java\org\apache\avro\file\SnappyCodec.java,equals,Object,0,0,4
lang\java\avro\src\main\java\org\apache\avro\io\parsing\Parser.java,pushProduction,Symbol,10276,10276,53645798
lang\java\avro\src\main\java\org\apache\avro\io\DirectBinaryDecoder.java,readDouble,,0,0,1
lang\java\avro\src\main\java\org\apache\avro\io\ResolvingDecoder.java,resolve,"Schema, Schema",0,0,3
lang\java\avro\src\main\java\org\apache\avro\io\ValidatingDecoder.java,<init>,"Symbol, Decoder",1,0,73
lang\java\avro\src\main\java\org\apache\avro\file\SnappyCodec.java,hashCode,,0,0,1
lang\java\ipc\src\main\java\org\apache\avro\ipc\DatagramTransceiver.java,<init>,SocketAddress,0,0,1
lang\java\avro\src\main\java\org\apache\avro\reflect\ArrayAccessor.java,readArray,"double[], long, ResolvingDecoder",2,0,4
lang\java\mapred\src\main\java\org\apache\avro\mapred\DelegatingMapper.java,configure,JobConf,0,0,1
lang\java\avro\src\main\java\org\apache\avro\reflect\ArrayAccessor.java,readArray,"short[], long, ResolvingDecoder",0,0,4
lang\java\avro\src\main\java\org\apache\avro\util\ByteBufferOutputStream.java,reset,,0,0,21
lang\java\trevni\core\src\main\java\org\apache\trevni\ColumnFileReader.java,getColumnMetaData,,0,0,1
lang\java\avro\src\main\java\org\apache\avro\io\ValidatingDecoder.java,readFloat,,0,0,3
lang\java\mapred\src\main\java\org\apache\avro\mapred\TaggedInputSplit.java,toString,,0,0,3
lang\java\tools\src\main\java\org\apache\avro\tool\TrevniMetadataTool.java,dump,"Input, PrintStream, boolean",42,0,2
lang\java\avro\src\main\java\org\apache\avro\io\BlockingBinaryEncoder.java,bytesBuffered,,0,0,2
lang\java\ipc\src\main\java\org\apache\avro\ipc\HttpTransceiver.java,readBuffers,,0,0,1
lang\java\avro\src\main\java\org\apache\avro\io\ValidatingEncoder.java,writeEnum,int,0,0,3
lang\java\avro\src\main\java\org\apache\avro\SchemaValidatorBuilder.java,canReadStrategy,,0,0,1
lang\java\mapred\src\main\java\org\apache\avro\hadoop\io\AvroDeserializer.java,close,,0,0,1
lang\java\avro\src\main\java\org\apache\avro\io\ValidatingDecoder.java,checkFixed,int,0,0,6
lang\java\mapred\src\main\java\org\apache\avro\mapred\tether\TetherKeySerialization.java,getSerializer,Class,1,0,1
lang\java\avro\src\test\java\org\apache\avro\io\LegacyBinaryEncoder.java,writeEnum,int,0,0,1
lang\java\trevni\core\src\main\java\org\apache\trevni\ColumnFileWriter.java,<init>,"ColumnFileMetaData, ColumnMetaData[]",0,0,21
lang\java\avro\src\main\java\org\apache\avro\io\parsing\SkipParser.java,skipRepeater,,0,0,4
lang\java\ipc\src\main\java\org\apache\avro\ipc\stats\StatsPlugin.java,<init>,"Stopwatch$Ticks, Histogram$Segmenter, Histogram$Segmenter",0,0,24
lang\java\mapred\src\main\java\org\apache\avro\mapred\tether\TetherKeySerialization.java,getDeserializer,Class,1,0,1
lang\java\trevni\core\src\main\java\org\apache\trevni\BZip2Codec.java,compress,ByteBuffer,75,0,11
lang\java\avro\src\main\java\org\apache\avro\LogicalTypes.java,register,"String, LogicalTypes$LogicalTypeFactory",0,0,2
lang\java\mapred\src\main\java\org\apache\avro\mapreduce\AvroRecordReaderBase.java,initialize,"InputSplit, TaskAttemptContext",0,0,1
lang\java\avro\src\main\java\org\apache\avro\file\DeflateCodec.java,equals,Object,0,0,4
lang\java\avro\src\main\java\org\apache\avro\LogicalType.java,validate,Schema,0,0,9
lang\java\avro\src\main\java\org\apache\avro\reflect\ArrayAccessor.java,readArray,"float[], long, ResolvingDecoder",0,0,3
lang\java\avro\src\main\java\org\apache\avro\io\DecoderFactory.java,binaryDecoder,"byte[], int, int, BinaryDecoder",0,0,7
lang\java\mapred\src\main\java\org\apache\avro\hadoop\io\AvroKeyDeserializer.java,<init>,"Schema, Schema, DatumReader",0,0,6
lang\java\mapred\src\main\java\org\apache\avro\mapred\AvroWrapper.java,equals,Object,0,0,11
lang\java\avro\src\main\java\org\apache\avro\io\BinaryDecoder.java,readFixed,"byte[], int, int",0,0,17
lang\java\avro\src\main\java\org\apache\avro\io\ParsingEncoder.java,push,,0,0,18
lang\java\avro\src\main\java\org\apache\avro\Schema.java,createEnum,"String, String, String, List",0,0,1
lang\java\avro\src\main\java\org\apache\avro\Conversion.java,toCharSequence,"Object, Schema, LogicalType",0,0,2
lang\java\avro\src\main\java\org\apache\avro\io\DirectBinaryEncoder.java,<init>,OutputStream,0,0,35
lang\java\avro\src\main\java\org\apache\avro\util\WeakIdentityHashMap.java,reap,,0,0,33
lang\java\trevni\avro\src\main\java\org\apache\trevni\avro\mapreduce\AvroTrevniKeyRecordReader.java,nextKeyValue,,0,0,1
lang\java\avro\src\main\java\org\apache\avro\SchemaCompatibility.java,lookupWriterField,"Schema, Schema$Field",0,0,1
lang\java\trevni\core\src\main\java\org\apache\trevni\OutputBuffer.java,writeString,String,0,0,3
lang\java\avro\src\main\java\org\apache\avro\reflect\ArrayAccessor.java,readArray,"boolean[], long, ResolvingDecoder",0,0,5
lang\java\ipc\src\main\java\org\apache\avro\ipc\stats\StatsPlugin.java,clientReceiveResponse,RPCContext,0,0,3
lang\java\avro\src\main\java\org\apache\avro\io\BinaryDecoder.java,readString,,0,0,3
lang\java\avro\src\main\java\org\apache\avro\file\DataFileWriter.java,appendTo,"SeekableInput, OutputStream",453,0,1
lang\java\trevni\core\src\main\java\org\apache\trevni\InputBuffer.java,<init>,Input,1,0,96
lang\java\avro\src\main\java\org\apache\avro\util\WeakIdentityHashMap.java,containsValue,Object,0,0,4
lang\java\mapred\src\main\java\org\apache\avro\mapred\MapCollector.java,<init>,"OutputCollector, boolean",2,0,6
lang\java\avro\src\main\java\org\apache\avro\SchemaValidatorBuilder.java,mutualReadStrategy,,0,0,1
lang\java\avro\src\main\java\org\apache\avro\specific\ExternalizableInput.java,close,,1,0,1
lang\java\avro\src\main\java\org\apache\avro\util\Utf8.java,setByteLength,int,0,0,20
lang\java\avro\src\main\java\org\apache\avro\io\BinaryDecoder.java,configure,"byte[], int, int",1,0,47
lang\java\avro\src\main\java\org\apache\avro\util\Utf8.java,<init>,String,0,0,19
lang\java\mapred\src\main\java\org\apache\avro\mapred\tether\TetherJob.java,setProtocol,"JobConf, String",0,0,3
lang\java\trevni\core\src\main\java\org\apache\trevni\OutputBuffer.java,writeDouble,double,0,0,2
lang\java\avro\src\main\java\org\apache\avro\io\ValidatingDecoder.java,skipBytes,,0,0,3
lang\java\ipc\src\main\java\org\apache\avro\ipc\Transceiver.java,transceive,List,0,0,1
lang\java\maven-plugin\src\main\java\org\apache\avro\mojo\SchemaMojo.java,doCompile,"String, File, File",443,0,4
lang\java\trevni\core\src\main\java\org\apache\trevni\ColumnFileReader.java,getColumnMetaData,String,0,0,1
lang\java\avro\src\main\java\org\apache\avro\Schema.java,parse,File,0,0,1
lang\java\ipc\src\main\java\org\apache\avro\ipc\stats\StatsServer.java,<init>,"StatsPlugin, int",92,0,1
lang\java\avro\src\main\java\org\apache\avro\Conversion.java,fromCharSequence,"CharSequence, Schema, LogicalType",0,0,2
lang\java\avro\src\main\java\org\apache\avro\io\Decoder.java,<init>,,0,0,294
lang\java\ipc\src\main\java\org\apache\avro\ipc\SaslSocketTransceiver.java,<init>,"SocketChannel, SaslServer",0,0,1
lang\java\avro\src\main\java\org\apache\avro\generic\GenericData.java,<init>,ClassLoader,261,0,9
lang\java\avro\src\main\java\org\apache\avro\io\BlockingBinaryEncoder.java,doWriteBytes,"byte[], int, int",0,0,4
lang\java\ipc\src\main\java\org\apache\avro\ipc\HttpTransceiver.java,getLength,List,0,0,1
lang\java\avro\src\main\java\org\apache\avro\generic\GenericDatumReader.java,<init>,GenericData,0,0,4
lang\java\avro\src\main\java\org\apache\avro\io\ValidatingEncoder.java,writeBytes,ByteBuffer,0,0,2
lang\java\ipc\src\main\java\org\apache\avro\ipc\SocketTransceiver.java,<init>,SocketChannel,182,0,2
lang\java\avro\src\main\java\org\apache\avro\Conversion.java,fromDouble,"Double, Schema, LogicalType",0,0,2
lang\java\avro\src\main\java\org\apache\avro\specific\ExternalizableInput.java,read,"byte[], int, int",0,0,1
lang\java\avro\src\main\java\org\apache\avro\io\Encoder.java,writeBytes,byte[],0,0,2
lang\java\avro\src\main\java\org\apache\avro\Conversion.java,fromFixed,"GenericFixed, Schema, LogicalType",0,0,1
lang\java\avro\src\main\java\org\apache\avro\io\BinaryEncoder.java,setItemCount,long,0,0,2
lang\java\avro\src\main\java\org\apache\avro\Conversion.java,fromFloat,"Float, Schema, LogicalType",0,0,2
lang\java\tools\src\main\java\org\apache\avro\tool\IdlToSchemataTool.java,<init>,,0,0,3
lang\java\avro\src\main\java\org\apache\avro\file\SnappyCodec.java,decompress,ByteBuffer,0,0,1
lang\java\avro\src\main\java\org\apache\avro\reflect\ArrayAccessor.java,writeArray,"char[], Encoder",0,0,3
lang\java\avro\src\main\java\org\apache\avro\io\BinaryDecoder.java,readBytes,ByteBuffer,0,0,2
lang\java\avro\src\main\java\org\apache\avro\io\BlockingBinaryEncoder.java,writeIndex,int,32822,0,2
lang\java\avro\src\main\java\org\apache\avro\LogicalTypes.java,fromSchemaImpl,"Schema, boolean",0,0,6
lang\java\avro\src\main\java\org\apache\avro\JsonProperties.java,getJsonProp,String,0,0,8
lang\java\avro\src\main\java\org\apache\avro\io\EncoderFactory.java,directBinaryEncoder,"OutputStream, BinaryEncoder",0,0,3
lang\java\trevni\core\src\main\java\org\apache\trevni\InputBuffer.java,readString,,0,0,15
lang\java\avro\src\main\java\org\apache\avro\file\SeekableFileInput.java,<init>,File,0,0,8
lang\java\mapred\src\main\java\org\apache\avro\mapred\tether\TetherJob.java,setupTetherJob,JobConf,3,0,2
lang\java\avro\src\main\java\org\apache\avro\io\ValidatingEncoder.java,startItem,,0,0,7
lang\java\avro\src\main\java\org\apache\avro\LogicalTypes.java,decimal,int,0,0,6
lang\java\trevni\core\src\main\java\org\apache\trevni\OutputBuffer.java,writeFixed32,int,0,0,12
lang\java\avro\src\main\java\org\apache\avro\util\ByteBufferOutputStream.java,write,ByteBuffer,0,0,2
lang\java\avro\src\main\java\org\apache\avro\reflect\FieldAccessor.java,<init>,,0,0,31
lang\java\trevni\core\src\main\java\org\apache\trevni\InputBuffer.java,readFixed64,,0,0,29
lang\java\mapred\src\main\java\org\apache\avro\mapred\DelegatingMapper.java,<init>,,0,0,2
lang\java\mapred\src\main\java\org\apache\avro\mapred\AvroWrapper.java,<init>,,0,0,17
lang\java\ipc\src\main\java\org\apache\avro\ipc\HttpTransceiver.java,<init>,"URL, Proxy",0,0,4
lang\java\ipc\src\main\java\org\apache\avro\ipc\HttpTransceiver.java,<init>,URL,0,0,9
lang\java\avro\src\main\java\org\apache\avro\file\DataFileWriter.java,setMeta,"String, long",0,0,3
lang\java\ipc\src\main\java\org\apache\avro\ipc\stats\IntegerHistogram.java,getMean,,0,0,5
lang\java\mapred\src\main\java\org\apache\avro\mapred\HadoopCombiner.java,getCollector,OutputCollector,0,0,2
lang\java\avro\src\main\java\org\apache\avro\SchemaBuilderException.java,<init>,Throwable,0,0,1
lang\java\avro\src\main\java\org\apache\avro\SchemaCompatibility.java,schemaNameEquals,"Schema, Schema",0,0,1
lang\java\avro\src\main\java\org\apache\avro\io\JsonEncoder.java,<init>,"Schema, JsonGenerator",2,0,7
lang\java\mapred\src\main\java\org\apache\avro\mapred\tether\TetherJob.java,<init>,,0,0,1
lang\java\mapred\src\main\java\org\apache\avro\mapred\AvroMultipleInputs.java,addInputPath,"JobConf, Path, Schema",0,0,1
lang\java\ipc\src\main\java\org\apache\avro\ipc\stats\StatsPlugin.java,nanosToMillis,long,0,0,3
lang\java\trevni\core\src\main\java\org\apache\trevni\NullCodec.java,<init>,,0,0,2
lang\java\tools\src\main\java\org\apache\avro\tool\RecodecTool.java,run,"InputStream, PrintStream, PrintStream, List",1,0,1
lang\java\avro\src\main\java\org\apache\avro\io\parsing\ResolvingGrammarGenerator.java,generate,"Schema, Schema, Map",0,0,6
lang\java\avro\src\main\java\org\apache\avro\io\BinaryDecoder.java,skipArray,,0,0,4
lang\java\trevni\core\src\main\java\org\apache\trevni\ColumnFileWriter.java,startRow,,0,0,2
lang\java\avro\src\main\java\org\apache\avro\io\ValidatingDecoder.java,readInt,,0,0,5
lang\java\ipc\src\main\java\org\apache\avro\ipc\stats\Stopwatch.java,stop,,0,0,8
lang\java\mapred\src\main\java\org\apache\avro\mapred\DelegatingInputFormat.java,getRecordReader,"InputSplit, JobConf, Reporter",2,0,1
lang\java\avro\src\main\java\org\apache\avro\specific\ExternalizableInput.java,<init>,ObjectInput,0,0,7
lang\java\trevni\core\src\main\java\org\apache\trevni\OutputBuffer.java,size,"Object, ValueType",1,0,12
lang\java\avro\src\main\java\org\apache\avro\SchemaCompatibility.java,objectsEqual,"Object, Object",0,0,4
lang\java\avro\src\main\java\org\apache\avro\file\SeekableFileInput.java,length,,0,0,2
lang\java\avro\src\main\java\org\apache\avro\io\ValidatingEncoder.java,writeIndex,int,0,0,3
lang\java\avro\src\main\java\org\apache\avro\io\BinaryData.java,compare,"BinaryData$Decoders, Schema",1,0,2
lang\java\ipc\src\main\java\org\apache\avro\ipc\CallFuture.java,get,"long, TimeUnit",0,0,7
lang\java\trevni\core\src\main\java\org\apache\trevni\InputBuffer.java,seek,long,0,0,17
lang\java\trevni\core\src\main\java\org\apache\trevni\ColumnFileReader.java,readHeader,,2,0,20
lang\java\avro\src\main\java\org\apache\avro\file\SnappyCodec.java,compress,ByteBuffer,0,0,1
lang\java\avro\src\main\java\org\apache\avro\reflect\ArrayAccessor.java,writeArray,"boolean[], Encoder",0,0,3
lang\java\ipc\src\main\java\org\apache\avro\ipc\Ipc.java,createTransceiver,URI,2,0,4
lang\java\avro\src\main\java\org\apache\avro\Conversion.java,toLong,"Object, Schema, LogicalType",0,0,2
lang\java\mapred\src\main\java\org\apache\avro\mapreduce\AvroRecordReaderBase.java,createSeekableInput,"Configuration, Path",3,0,1
lang\java\trevni\core\src\main\java\org\apache\trevni\ColumnDescriptor.java,lastRow,int,0,0,6
lang\java\trevni\core\src\main\java\org\apache\trevni\SnappyCodec.java,<init>,,0,0,7
lang\java\ipc\src\main\java\org\apache\avro\ipc\stats\StatsPlugin.java,serverReceiveRequest,RPCContext,5,0,7
lang\java\avro\src\main\java\org\apache\avro\io\DirectBinaryDecoder.java,readLong,,0,0,8
lang\java\avro\src\main\java\org\apache\avro\io\parsing\SkipParser.java,skipTo,int,4531,2511,9
lang\java\avro\src\main\java\org\apache\avro\io\ValidatingEncoder.java,writeArrayEnd,,0,0,3
lang\java\mapred\src\main\java\org\apache\avro\hadoop\io\AvroValueDeserializer.java,<init>,"Schema, Schema, DatumReader",0,0,1
lang\java\trevni\core\src\main\java\org\apache\trevni\BlockDescriptor.java,read,InputBuffer,0,0,4
lang\java\trevni\core\src\main\java\org\apache\trevni\OutputBuffer.java,asByteBuffer,,0,0,25
lang\java\trevni\avro\src\main\java\org\apache\trevni\avro\mapreduce\AvroTrevniKeyOutputFormat.java,<init>,,0,0,1
lang\java\trevni\core\src\main\java\org\apache\trevni\MetaData.java,toString,,0,0,6
lang\java\avro\src\main\java\org\apache\avro\io\EncoderFactory.java,jsonEncoder,"Schema, OutputStream",0,0,1
lang\java\avro\src\main\java\org\apache\avro\io\BinaryDecoder.java,skipBytes,,0,0,4
lang\java\trevni\core\src\main\java\org\apache\trevni\DeflateCodec.java,<init>,,0,0,1
lang\java\avro\src\main\java\org\apache\avro\io\ValidatingDecoder.java,configure,Decoder,0,0,74
lang\java\avro\src\main\java\org\apache\avro\ValidateMutualRead.java,<init>,,0,0,3
lang\java\mapred\src\main\java\org\apache\avro\mapred\tether\TetheredProcess.java,<init>,"JobConf, OutputCollector, Reporter",1,0,1
lang\java\avro\src\main\java\org\apache\avro\io\BinaryEncoder.java,writeIndex,int,0,0,3
lang\java\avro\src\main\java\org\apache\avro\file\CodecFactory.java,addCodec,"String, CodecFactory",0,0,11
lang\java\avro\src\main\java\org\apache\avro\Schema.java,getOptionalText,"JsonNode, String",0,0,18
lang\java\avro\src\main\java\org\apache\avro\util\ByteBufferInputStream.java,getBuffer,,0,0,7
lang\java\ipc\src\main\java\org\apache\avro\ipc\stats\FloatHistogram.java,add,Float,3,0,4
lang\java\mapred\src\main\java\org\apache\avro\mapred\HadoopMapper.java,map,"AvroWrapper, NullWritable, OutputCollector, Reporter",0,0,1
lang\java\avro\src\main\java\org\apache\avro\reflect\CustomEncoding.java,<init>,,0,0,1
lang\java\avro\src\main\java\org\apache\avro\SchemaValidationException.java,<init>,"Schema, Schema",0,0,1
lang\java\trevni\core\src\main\java\org\apache\trevni\ColumnFileReader.java,readColumnMetaData,InputBuffer,0,0,12
lang\java\mapred\src\main\java\org\apache\avro\mapred\AvroMultipleInputs.java,<init>,,0,0,1
lang\java\avro\src\main\java\org\apache\avro\file\DataFileWriter.java,isReservedMeta,String,0,0,12
lang\java\ipc\src\main\java\org\apache\avro\ipc\ResponderServlet.java,<init>,Responder,0,0,6
lang\java\avro\src\main\java\org\apache\avro\io\Encoder.java,<init>,,0,0,230
lang\java\trevni\core\src\main\java\org\apache\trevni\ColumnMetaData.java,<init>,"String, ValueType",1,0,31
lang\java\trevni\core\src\main\java\org\apache\trevni\ArrayColumnOutputBuffer.java,<init>,"ColumnFileWriter, ColumnMetaData",0,0,1
lang\java\avro\src\main\java\org\apache\avro\io\parsing\ResolvingGrammarGenerator.java,<init>,,0,0,6
lang\java\ipc\src\main\java\org\apache\avro\ipc\CallFuture.java,handleError,Throwable,0,0,2
lang\java\avro\src\main\java\org\apache\avro\io\BinaryEncoder.java,writeBytes,"byte[], int, int",0,0,4
lang\java\maven-plugin\src\main\java\org\apache\avro\mojo\AbstractAvroMojo.java,getFieldVisibility,,10,0,1
lang\java\mapred\src\main\java\org\apache\avro\mapred\HadoopCombiner.java,getReducer,JobConf,1,0,1
lang\java\avro\src\main\java\org\apache\avro\file\SeekableFileInput.java,seek,long,2,0,3
lang\java\avro\src\main\java\org\apache\avro\io\BufferedBinaryEncoder.java,writeDouble,double,0,0,2
lang\java\avro\src\main\java\org\apache\avro\util\ClassUtils.java,forName,String,1,0,1
lang\java\mapred\src\main\java\org\apache\avro\mapreduce\AvroRecordReaderBase.java,createAvroFileReader,"SeekableInput, DatumReader",21,0,1
lang\java\avro\src\main\java\org\apache\avro\reflect\FieldAccess.java,<init>,,0,0,5
lang\java\avro\src\main\java\org\apache\avro\io\JsonEncoder.java,<init>,"Schema, OutputStream, boolean",18,0,4
lang\java\ipc\src\main\java\org\apache\avro\ipc\SocketServer.java,<init>,"Responder, SocketAddress",5,0,2
lang\java\ipc\src\main\java\org\apache\avro\ipc\HttpServer.java,<init>,"ResponderServlet, Connector",5,0,4
lang\java\avro\src\main\java\org\apache\avro\io\ValidatingEncoder.java,setItemCount,long,0,0,5
lang\java\mapred\src\main\java\org\apache\avro\hadoop\io\AvroSerializer.java,<init>,Schema,0,0,1
lang\java\avro\src\main\java\org\apache\avro\io\BlockingBinaryEncoder.java,writeFloat,float,24632,0,2
lang\java\avro\src\main\java\org\apache\avro\io\ParsingEncoder.java,pop,,0,0,4
lang\java\avro\src\main\java\org\apache\avro\io\BinaryDecoder.java,readInt,,0,0,39
lang\java\avro\src\main\java\org\apache\avro\reflect\ReflectDatumWriter.java,<init>,"Schema, ReflectData",0,0,1
lang\java\avro\src\main\java\org\apache\avro\io\ValidatingDecoder.java,readLong,,0,0,3
lang\java\avro\src\main\java\org\apache\avro\Conversion.java,getRecommendedSchema,,0,0,2
lang\java\ipc\src\main\java\org\apache\avro\ipc\CallFuture.java,<init>,,0,0,13
lang\java\avro\src\main\java\org\apache\avro\io\ValidatingDecoder.java,skipMap,,0,0,4
lang\java\avro\src\main\java\org\apache\avro\LogicalTypes.java,decimal,"int, int",0,0,17
lang\java\mapred\src\main\java\org\apache\avro\hadoop\util\AvroCharSequenceComparator.java,compareCharacter,"CharSequence, CharSequence, int",0,0,148
lang\java\avro\src\main\java\org\apache\avro\io\ValidatingDecoder.java,readString,Utf8,0,0,1
lang\java\avro\src\main\java\org\apache\avro\util\Utf8.java,<init>,,0,0,248
lang\java\avro\src\main\java\org\apache\avro\util\WeakIdentityHashMap.java,putAll,Map,0,0,1
lang\java\avro\src\main\java\org\apache\avro\file\XZCodec.java,decompress,ByteBuffer,0,0,1
lang\java\mapred\src\main\java\org\apache\avro\mapred\tether\TetherJob.java,runJob,JobConf,0,0,1
lang\java\avro\src\main\java\org\apache\avro\io\BinaryDecoder.java,readLong,,0,0,44
lang\java\mapred\src\main\java\org\apache\avro\hadoop\util\AvroCharSequenceComparator.java,compareCharSequence,"CharSequence, CharSequence",0,0,3
lang\java\avro\src\main\java\org\apache\avro\SchemaNormalization.java,fingerprint,"String, byte[]",569,0,3
lang\java\mapred\src\main\java\org\apache\avro\mapred\TaggedInputSplit.java,write,DataOutput,0,0,2
lang\java\avro\src\main\java\org\apache\avro\util\ClassUtils.java,forName,"String, ClassLoader",13,0,8
lang\java\trevni\core\src\main\java\org\apache\trevni\InputBuffer.java,readBytes,,0,0,8
lang\java\avro\src\main\java\org\apache\avro\io\ValidatingEncoder.java,writeFixed,"byte[], int, int",0,0,3
lang\java\avro\src\main\java\org\apache\avro\file\DataFileReader.java,openReader,"File, DatumReader",0,0,2
lang\java\ipc\src\main\java\org\apache\avro\ipc\RPCContext.java,<init>,,0,0,51
lang\java\maven-plugin\src\main\java\org\apache\avro\mojo\IDLProtocolMojo.java,doCompile,"String, File, File",17,0,1
lang\java\ipc\src\main\java\org\apache\avro\ipc\stats\StatsPlugin.java,publish,"RPCContext, Stopwatch",0,0,2
lang\java\trevni\core\src\main\java\org\apache\trevni\InputBuffer.java,readBoolean,,0,0,9
lang\java\trevni\core\src\main\java\org\apache\trevni\MetaData.java,read,"InputBuffer, MetaData",0,0,29
lang\java\avro\src\main\java\org\apache\avro\LogicalTypes.java,<init>,,0,0,1
lang\java\avro\src\main\java\org\apache\avro\Conversion.java,toBytes,"Object, Schema, LogicalType",0,0,1
lang\java\mapred\src\main\java\org\apache\avro\mapred\AvroKey.java,<init>,,0,0,7
lang\java\avro\src\main\java\org\apache\avro\Conversion.java,toDouble,"Object, Schema, LogicalType",0,0,2
lang\java\avro\src\main\java\org\apache\avro\io\DirectBinaryEncoder.java,writeZero,,0,0,5
lang\java\avro\src\main\java\org\apache\avro\util\WeakIdentityHashMap.java,clear,,0,0,1
lang\java\avro\src\main\java\org\apache\avro\util\WeakIdentityHashMap.java,remove,Object,0,0,1
lang\java\avro\src\main\java\org\apache\avro\ValidateLatest.java,<init>,SchemaValidationStrategy,0,0,3
lang\java\trevni\core\src\main\java\org\apache\trevni\InputBuffer.java,readFloat,,0,0,6
lang\java\avro\src\main\java\org\apache\avro\util\WeakIdentityHashMap.java,size,,0,0,2
lang\java\avro\src\main\java\org\apache\avro\ValidateAll.java,<init>,SchemaValidationStrategy,0,0,3
lang\java\ipc\src\main\java\org\apache\avro\ipc\LocalTransceiver.java,readBuffers,,0,0,1
lang\java\avro\src\main\java\org\apache\avro\util\Utf8.java,<init>,Utf8,0,0,3
lang\java\ipc\src\main\java\org\apache\avro\ipc\stats\StatsServlet.java,<init>,StatsPlugin,61,0,8
lang\java\avro\src\main\java\org\apache\avro\io\Encoder.java,writeString,CharSequence,0,0,1
lang\java\ipc\src\main\java\org\apache\avro\ipc\DatagramTransceiver.java,<init>,DatagramChannel,0,0,5
lang\java\avro\src\main\java\org\apache\avro\file\CodecFactory.java,toString,,0,0,3
lang\java\mapred\src\main\java\org\apache\avro\mapred\TaggedInputSplit.java,readFields,DataInput,4,0,1
lang\java\trevni\core\src\main\java\org\apache\trevni\TrevniRuntimeException.java,<init>,Throwable,0,0,1
lang\java\trevni\core\src\main\java\org\apache\trevni\MetaData.java,setReservedBoolean,"String, boolean",0,0,16
lang\java\avro\src\main\java\org\apache\avro\util\ClassUtils.java,forName,"ClassLoader, String",11,0,2
lang\java\trevni\core\src\main\java\org\apache\trevni\ColumnMetaData.java,read,"InputBuffer, ColumnFileReader",0,0,6
lang\java\trevni\core\src\main\java\org\apache\trevni\InputBuffer.java,skipBytes,,0,0,8
lang\java\avro\src\test\java\org\apache\avro\io\LegacyBinaryEncoder.java,<init>,OutputStream,0,0,34
lang\java\avro\src\main\java\org\apache\avro\io\BinaryData.java,compare,"byte[], int, byte[], int, Schema",0,0,2
lang\java\avro\src\main\java\org\apache\avro\io\DecoderFactory.java,createBinaryDecoder,"byte[], int, int, BinaryDecoder",0,0,5
lang\java\mapred\src\main\java\org\apache\avro\mapred\TaggedInputSplit.java,<init>,,2,0,16
lang\java\avro\src\main\java\org\apache\avro\reflect\ReflectDatumReader.java,<init>,ReflectData,0,0,1
lang\java\avro\src\main\java\org\apache\avro\io\parsing\JsonGrammarGenerator.java,<init>,,0,0,7
lang\java\avro\src\main\java\org\apache\avro\io\ValidatingDecoder.java,<init>,"Schema, Decoder",0,0,2
lang\java\trevni\avro\src\main\java\org\apache\trevni\avro\mapreduce\AvroTrevniKeyValueRecordReader.java,nextKeyValue,,3,0,1
lang\java\mapred\src\main\java\org\apache\avro\mapred\HadoopReducerBase.java,configure,JobConf,0,0,1
lang\java\trevni\core\src\main\java\org\apache\trevni\OutputBuffer.java,writeBytes,byte[],0,0,4
lang\java\trevni\core\src\main\java\org\apache\trevni\ColumnMetaData.java,setParent,ColumnMetaData,0,0,7
lang\java\avro\src\main\java\org\apache\avro\io\DecoderFactory.java,jsonDecoder,"Schema, InputStream",26,0,1
lang\java\avro\src\main\java\org\apache\avro\io\ValidatingDecoder.java,readMapStart,,0,0,3
lang\java\avro\src\main\java\org\apache\avro\file\DataFileStream.java,initialize,"InputStream, DataFileStream$Header",0,0,2
lang\java\avro\src\main\java\org\apache\avro\reflect\FieldAccessUnsafe.java,getAccessor,Field,2,0,21
lang\java\avro\src\main\java\org\apache\avro\io\parsing\Symbol.java,<init>,Symbol$Kind,0,0,136
lang\java\mapred\src\main\java\org\apache\avro\hadoop\io\AvroKeyDeserializer.java,createAvroWrapper,,0,0,4
lang\java\ipc\src\main\java\org\apache\avro\ipc\stats\IntegerHistogram.java,getUnbiasedStdDev,,0,0,3
lang\java\avro\src\main\java\org\apache\avro\io\BlockingBinaryEncoder.java,startItem,,0,0,3
lang\java\avro\src\main\java\org\apache\avro\io\parsing\Symbol.java,<init>,"Symbol$Kind, Symbol[]",0,0,169
lang\java\mapred\src\main\java\org\apache\avro\mapred\HadoopReducerBase.java,reduce,"AvroKey, Iterator, OutputCollector, Reporter",0,0,1
lang\java\avro\src\main\java\org\apache\avro\io\BinaryEncoder.java,writeMapEnd,,0,0,2
lang\java\ipc\src\main\java\org\apache\avro\ipc\stats\Histogram.java,add,Object,4,0,19
lang\java\avro\src\main\java\org\apache\avro\util\ByteBufferInputStream.java,<init>,List,0,0,11
lang\java\ipc\src\main\java\org\apache\avro\ipc\stats\StatsServlet.java,writeStats,Writer,320,0,3
lang\java\avro\src\main\java\org\apache\avro\file\DataFileWriter.java,setCodec,CodecFactory,0,0,3
lang\java\avro\src\main\java\org\apache\avro\io\parsing\Parser.java,expandStack,,0,0,5
lang\java\avro\src\main\java\org\apache\avro\io\parsing\Parser.java,<init>,"Symbol, Parser$ActionHandler",0,0,194
lang\java\avro\src\main\java\org\apache\avro\io\ValidatingEncoder.java,writeNull,,0,0,3
lang\java\mapred\src\main\java\org\apache\avro\mapred\AvroWrapper.java,hashCode,,0,0,1
lang\java\trevni\core\src\main\java\org\apache\trevni\ValueType.java,<init>,"String, int",0,0,10
lang\java\tools\src\main\java\org\apache\avro\tool\Main.java,<init>,,8,0,2
lang\java\trevni\core\src\main\java\org\apache\trevni\InputBytes.java,<init>,ByteBuffer,0,0,7
lang\java\trevni\core\src\main\java\org\apache\trevni\MetaData.java,setReserved,"String, String",1,0,78
lang\java\ipc\src\main\java\org\apache\avro\ipc\Transceiver.java,lockChannel,,0,0,2
lang\java\avro\src\main\java\org\apache\avro\util\ByteBufferOutputStream.java,append,List,0,0,4
lang\java\avro\src\main\java\org\apache\avro\io\BlockingBinaryEncoder.java,flush,,0,0,3
lang\java\mapred\src\main\java\org\apache\avro\mapred\AvroWrapper.java,<init>,Object,0,0,69
lang\java\trevni\core\src\main\java\org\apache\trevni\ColumnFileWriter.java,computeStarts,long,0,0,2
lang\java\avro\src\main\java\org\apache\avro\Schema.java,validateDefault,"String, Schema, JsonNode",0,0,4
lang\java\avro\src\main\java\org\apache\avro\file\CodecFactory.java,deflateCodec,int,2,0,3
lang\java\mapred\src\main\java\org\apache\avro\mapred\FsInput.java,<init>,"Path, Configuration",2,0,1
lang\java\avro\src\main\java\org\apache\avro\io\BinaryDecoder.java,configure,"InputStream, int",1,0,52
lang\java\ipc\src\main\java\org\apache\avro\ipc\LocalTransceiver.java,writeBuffers,List,0,0,1
lang\java\avro\src\main\java\org\apache\avro\SchemaParseException.java,<init>,String,0,0,3
lang\java\avro\src\main\java\org\apache\avro\util\internal\JacksonUtils.java,toJson,"Object, JsonGenerator",0,0,4
lang\java\avro\src\main\java\org\apache\avro\io\JsonDecoder.java,<init>,"Schema, InputStream",0,0,2
lang\java\avro\src\main\java\org\apache\avro\reflect\ReflectionUtil.java,load,"String, Class",0,0,2
lang\java\avro\src\main\java\org\apache\avro\file\SeekableFileInput.java,tell,,0,0,2
lang\java\trevni\core\src\main\java\org\apache\trevni\InputBuffer.java,readBytes,ByteBuffer,299,0,16
lang\java\trevni\avro\src\main\java\org\apache\trevni\avro\mapreduce\AvroTrevniKeyOutputFormat.java,getRecordWriter,TaskAttemptContext,0,0,1
lang\java\avro\src\main\java\org\apache\avro\io\BufferedBinaryEncoder.java,writeFixed,ByteBuffer,0,0,1
lang\java\avro\src\main\java\org\apache\avro\io\ValidatingDecoder.java,readBoolean,,0,0,3
lang\java\avro\src\main\java\org\apache\avro\io\ValidatingEncoder.java,<init>,"Schema, Encoder",3,0,1
lang\java\ipc\src\main\java\org\apache\avro\ipc\HttpServer.java,<init>,"ResponderServlet, int",0,0,1
lang\java\avro\src\main\java\org\apache\avro\file\DeflateCodec.java,compress,ByteBuffer,0,0,2
lang\java\mapred\src\main\java\org\apache\avro\mapreduce\AvroOutputFormatBase.java,<init>,,0,0,1
lang\java\avro\src\main\java\org\apache\avro\SchemaValidatorBuilder.java,valid,,0,0,4
lang\java\avro\src\main\java\org\apache\avro\data\RecordBuilderBase.java,<init>,"Schema, GenericData",0,0,1
lang\java\avro\src\main\java\org\apache\avro\util\Utf8.java,<init>,byte[],0,0,7
lang\java\ipc\src\main\java\org\apache\avro\ipc\stats\StatsPlugin.java,serverSendResponse,RPCContext,0,0,2
lang\java\avro\src\main\java\org\apache\avro\io\BinaryDecoder.java,skipMap,,0,0,7
lang\java\mapred\src\main\java\org\apache\avro\mapred\HadoopMapper.java,<init>,,0,0,3
lang\java\avro\src\main\java\org\apache\avro\file\BZip2Codec.java,<init>,,0,0,15
lang\java\avro\src\main\java\org\apache\avro\io\BlockingBinaryEncoder.java,writeDouble,double,28736,0,3
lang\java\trevni\core\src\main\java\org\apache\trevni\ColumnFileReader.java,<init>,File,1,0,2
lang\java\mapred\src\main\java\org\apache\avro\mapred\MapCollector.java,collect,Object,6,0,5
lang\java\avro\src\main\java\org\apache\avro\util\ByteBufferOutputStream.java,getBufferList,,0,0,6
lang\java\avro\src\main\java\org\apache\avro\io\parsing\Symbol.java,intCheckAction,int,0,0,17
lang\java\mapred\src\main\java\org\apache\avro\mapred\tether\TetherRecordReader.java,<init>,"JobConf, FileSplit",0,0,1
lang\java\avro\src\main\java\org\apache\avro\util\ByteBufferInputStream.java,read,,0,0,2
lang\java\guava\src\main\java\org\apache\avro\GuavaClasses.java,<init>,,0,0,1
lang\java\avro\src\main\java\org\apache\avro\Conversion.java,fromInt,"Integer, Schema, LogicalType",0,0,2
lang\java\avro\src\main\java\org\apache\avro\io\BufferedBinaryEncoder.java,flush,,0,0,3
lang\java\mapred\src\main\java\org\apache\avro\mapred\AvroMapper.java,close,,0,0,1
lang\java\avro\src\main\java\org\apache\avro\util\WeakIdentityHashMap.java,hashCode,,0,0,2
lang\java\avro\src\main\java\org\apache\avro\file\DataFileWriter.java,assertOpen,,0,0,6
lang\java\avro\src\main\java\org\apache\avro\file\DataFileWriter.java,setMeta,"String, String",0,0,7
lang\java\avro\src\main\java\org\apache\avro\util\Utf8.java,length,,0,0,3
lang\java\ipc\src\main\java\org\apache\avro\ipc\SocketTransceiver.java,<init>,SocketAddress,0,0,2
lang\java\mapred\src\main\java\org\apache\avro\mapred\TaggedInputSplit.java,<init>,"InputSplit, Configuration, Class, Class, Schema",0,0,6
lang\java\avro\src\main\java\org\apache\avro\io\JsonDecoder.java,<init>,"Schema, String",0,0,2
lang\java\ipc\src\main\java\org\apache\avro\ipc\CallFuture.java,handleResult,Object,0,0,1
lang\java\avro\src\main\java\org\apache\avro\file\DataFileWriter.java,<init>,DatumWriter,0,0,32
lang\java\avro\src\main\java\org\apache\avro\reflect\FieldAccessReflect.java,<init>,,0,0,2
lang\java\avro\src\main\java\org\apache\avro\util\ByteBufferOutputStream.java,write,int,0,0,3
lang\java\mapred\src\main\java\org\apache\avro\mapred\tether\TetheredProcess.java,close,,0,0,1
lang\java\avro\src\main\java\org\apache\avro\AvroRuntimeException.java,<init>,Throwable,0,0,4
lang\java\mapred\src\main\java\org\apache\avro\mapreduce\AvroRecordReaderBase.java,<init>,Schema,0,0,9
lang\java\mapred\src\main\java\org\apache\avro\mapred\DelegatingInputFormat.java,getSplits,"JobConf, int",13,0,1
lang\java\trevni\core\src\main\java\org\apache\trevni\ColumnDescriptor.java,findBlock,long,0,0,4
lang\java\avro\src\main\java\org\apache\avro\AvroRuntimeException.java,<init>,String,0,0,69
lang\java\avro\src\main\java\org\apache\avro\io\BlockingBinaryEncoder.java,<init>,"OutputStream, int, int",4,0,37
lang\java\ipc\src\main\java\org\apache\avro\ipc\stats\IntegerHistogram.java,add,Integer,0,0,15
lang\java\mapred\src\main\java\org\apache\avro\mapred\AvroValue.java,<init>,,0,0,3
lang\java\trevni\core\src\main\java\org\apache\trevni\BZip2Codec.java,<init>,,0,0,13
lang\java\avro\src\main\java\org\apache\avro\util\Utf8.java,hashCode,,0,0,2
lang\java\avro\src\main\java\org\apache\avro\io\ValidatingEncoder.java,writeMapEnd,,0,0,3
lang\java\avro\src\main\java\org\apache\avro\SchemaValidationException.java,<init>,"Schema, Schema, Throwable",0,0,1
lang\java\avro\src\main\java\org\apache\avro\io\BinaryData.java,compareBytes,"byte[], int, int, byte[], int, int",0,0,10
lang\java\trevni\core\src\main\java\org\apache\trevni\ColumnFileWriter.java,writeHeader,OutputStream,0,0,3
lang\java\ipc\src\main\java\org\apache\avro\ipc\ResponderServlet.java,doPost,"HttpServletRequest, HttpServletResponse",0,0,1
lang\java\avro\src\main\java\org\apache\avro\reflect\ArrayAccessor.java,readArray,"long[], long, ResolvingDecoder",0,0,4
lang\java\mapred\src\main\java\org\apache\avro\mapred\HadoopMapper.java,configure,JobConf,0,0,1
lang\java\avro\src\main\java\org\apache\avro\io\parsing\Parser.java,advance,Symbol,1,0,127
lang\java\mapred\src\main\java\org\apache\avro\mapred\tether\TetherJob.java,getProtocol,JobConf,0,0,2
lang\java\avro\src\main\java\org\apache\avro\util\Utf8.java,equals,Object,0,0,9
lang\java\avro\src\main\java\org\apache\avro\ValidateLatest.java,validate,"Schema, Iterable",0,0,2
lang\java\avro\src\main\java\org\apache\avro\io\BlockingBinaryEncoder.java,compact,,0,0,2
lang\java\avro\src\main\java\org\apache\avro\specific\SpecificRecordBuilderBase.java,<init>,Schema,0,0,1
lang\java\ipc\src\main\java\org\apache\avro\ipc\RPCContext.java,requestHandshakeMeta,,1,0,1
lang\java\mapred\src\main\java\org\apache\avro\mapreduce\AvroKeyRecordReader.java,nextKeyValue,,0,0,2
lang\java\avro\src\main\java\org\apache\avro\io\DecoderFactory.java,<init>,,0,0,18
lang\java\avro\src\main\java\org\apache\avro\file\BZip2Codec.java,decompress,ByteBuffer,0,0,1
lang\java\ipc\src\main\java\org\apache\avro\ipc\stats\FloatHistogram.java,<init>,Histogram$Segmenter,0,0,9
lang\java\trevni\core\src\main\java\org\apache\trevni\InputBuffer.java,readInput,"byte[], int, int",0,0,30
lang\java\avro\src\main\java\org\apache\avro\SchemaNormalization.java,parsingFingerprint64,Schema,0,0,1
lang\java\trevni\core\src\main\java\org\apache\trevni\ColumnFileWriter.java,writeTo,File,0,0,5
lang\java\trevni\core\src\main\java\org\apache\trevni\InputBytes.java,<init>,byte[],0,0,175
lang\java\avro\src\main\java\org\apache\avro\Conversion.java,fromRecord,"IndexedRecord, Schema, LogicalType",0,0,1
lang\java\maven-plugin\src\main\java\org\apache\avro\mojo\AbstractAvroMojo.java,<init>,,0,0,12
lang\java\ipc\src\main\java\org\apache\avro\ipc\RPCContext.java,requestCallMeta,,0,0,2
lang\java\avro\src\main\java\org\apache\avro\file\XZCodec.java,equals,Object,0,0,9
lang\java\tools\src\main\java\org\apache\avro\tool\IdlToSchemataTool.java,run,"InputStream, PrintStream, PrintStream, List",0,0,1
lang\java\avro\src\main\java\org\apache\avro\file\LengthLimitedInputStream.java,read,,0,0,5
lang\java\tools\src\main\java\org\apache\avro\tool\TrevniMetadataTool.java,<init>,,0,0,5
lang\java\avro\src\main\java\org\apache\avro\file\DeflateCodec.java,toString,,0,0,3
lang\java\trevni\core\src\main\java\org\apache\trevni\DeflateCodec.java,decompress,ByteBuffer,0,0,2
lang\java\mapred\src\main\java\org\apache\avro\hadoop\util\AvroCharSequenceComparator.java,<init>,,0,0,6
lang\java\avro\src\main\java\org\apache\avro\io\JsonEncoder.java,getJsonGenerator,"OutputStream, boolean",20,0,7
lang\java\mapred\src\main\java\org\apache\avro\mapred\HadoopMapper.java,close,,0,0,1
lang\java\avro\src\main\java\org\apache\avro\io\EncoderFactory.java,blockingBinaryEncoder,"OutputStream, BinaryEncoder",0,0,7
lang\java\mapred\src\main\java\org\apache\avro\mapreduce\AvroRecordReaderBase.java,nextKeyValue,,0,0,2
lang\java\avro\src\main\java\org\apache\avro\io\ParsingDecoder.java,skipTopSymbol,,0,0,9
lang\java\avro\src\main\java\org\apache\avro\file\DataFileWriter.java,create,"Schema, File",0,0,1
lang\java\avro\src\main\java\org\apache\avro\io\parsing\Symbol.java,flatten,"Symbol[], int, Symbol[], int, Map, Map",0,0,9
lang\java\avro\src\main\java\org\apache\avro\io\BinaryEncoder.java,writeArrayEnd,,0,0,1
lang\java\avro\src\main\java\org\apache\avro\JsonProperties.java,getProp,String,0,0,8
lang\java\avro\src\main\java\org\apache\avro\SchemaNormalization.java,build,"Map, Schema, Appendable",0,0,3
lang\java\avro\src\main\java\org\apache\avro\io\ParsingEncoder.java,<init>,,0,0,82
lang\java\ipc\src\main\java\org\apache\avro\ipc\stats\FloatHistogram.java,getUnbiasedStdDev,,0,0,3
lang\java\mapred\src\main\java\org\apache\avro\mapreduce\AvroKeyValueOutputFormat.java,getRecordWriter,TaskAttemptContext,0,0,1
lang\java\avro\src\main\java\org\apache\avro\file\DataFileReader.java,<init>,"SeekableInput, DatumReader",16,0,4
lang\java\avro\src\main\java\org\apache\avro\Schema.java,create,Schema$Type,4,0,24
lang\java\trevni\avro\src\main\java\org\apache\trevni\avro\mapreduce\AvroTrevniKeyRecordWriter.java,initSchema,TaskAttemptContext,0,0,1
lang\java\avro\src\main\java\org\apache\avro\io\ValidatingDecoder.java,skipString,,0,0,4
lang\java\avro\src\main\java\org\apache\avro\file\XZCodec.java,<init>,int,0,0,16
lang\java\trevni\core\src\main\java\org\apache\trevni\ColumnFileMetaData.java,<init>,,0,0,42
lang\java\trevni\avro\src\main\java\org\apache\trevni\avro\mapreduce\AvroTrevniRecordWriterBase.java,<init>,TaskAttemptContext,16,0,2
lang\java\avro\src\main\java\org\apache\avro\io\DecoderFactory.java,directBinaryDecoder,"InputStream, BinaryDecoder",2,0,4
lang\java\avro\src\main\java\org\apache\avro\Schema.java,getRequiredText,"JsonNode, String, String",0,0,10
lang\java\ipc\src\main\java\org\apache\avro\ipc\SaslSocketTransceiver.java,getRemoteName,,0,0,1
lang\java\trevni\avro\src\main\java\org\apache\trevni\avro\mapreduce\AvroTrevniKeyRecordReader.java,getCurrentValue,,27,0,1
lang\java\avro\src\main\java\org\apache\avro\io\DecoderFactory.java,defaultFactory,,0,0,2
lang\java\avro\src\main\java\org\apache\avro\reflect\ArrayAccessor.java,writeArray,"long[], Encoder",0,0,2
lang\java\trevni\core\src\main\java\org\apache\trevni\SnappyCodec.java,compress,ByteBuffer,0,0,3
lang\java\mapred\src\main\java\org\apache\avro\mapred\AvroKey.java,<init>,Object,0,0,29
lang\java\trevni\avro\src\main\java\org\apache\trevni\avro\mapreduce\AvroTrevniRecordReaderBase.java,<init>,,0,0,6
lang\java\avro\src\main\java\org\apache\avro\io\DirectBinaryEncoder.java,writeFixed,"byte[], int, int",0,0,7
lang\java\mapred\src\main\java\org\apache\avro\mapreduce\AvroKeyRecordWriter.java,<init>,"Schema, GenericData, CodecFactory, OutputStream",0,0,1
lang\java\trevni\core\src\main\java\org\apache\trevni\InputFile.java,<init>,File,2,0,5
lang\java\avro\src\main\java\org\apache\avro\Conversion.java,toBoolean,"Object, Schema, LogicalType",0,0,2
lang\java\avro\src\main\java\org\apache\avro\io\BinaryDecoder.java,readEnum,,0,0,2
lang\java\avro\src\main\java\org\apache\avro\file\DataFileWriter.java,setMeta,"String, byte[]",0,0,10
lang\java\ipc\src\main\java\org\apache\avro\ipc\stats\StatsPlugin.java,createNewIntegerHistogram,,1,0,12
lang\java\ipc\src\main\java\org\apache\avro\ipc\CallFuture.java,<init>,Callback,0,0,20
lang\java\avro\src\main\java\org\apache\avro\file\DataFileWriter.java,appendEncoded,ByteBuffer,0,0,1
lang\java\avro\src\main\java\org\apache\avro\AvroRemoteException.java,<init>,,0,0,1
lang\java\avro\src\main\java\org\apache\avro\util\Utf8.java,set,String,0,0,4
lang\java\avro\src\main\java\org\apache\avro\io\BlockingBinaryEncoder.java,check,,1,0,69
lang\java\avro\src\main\java\org\apache\avro\util\internal\JacksonUtils.java,toObject,"JsonNode, Schema",0,0,15
lang\java\mapred\src\main\java\org\apache\avro\hadoop\io\AvroDatumConverter.java,<init>,,0,0,1
lang\java\avro\src\main\java\org\apache\avro\io\Encoder.java,writeFixed,ByteBuffer,0,0,1
lang\java\avro\src\main\java\org\apache\avro\io\ValidatingDecoder.java,getSymbol,Schema,0,0,2
lang\java\trevni\core\src\main\java\org\apache\trevni\ColumnFileWriter.java,checkColumns,ColumnMetaData[],0,0,21
lang\java\avro\src\main\java\org\apache\avro\file\BZip2Codec.java,equals,Object,0,0,6
lang\java\tools\src\main\java\org\apache\avro\tool\ToTextTool.java,<init>,,0,0,3
lang\java\avro\src\main\java\org\apache\avro\io\parsing\Symbol.java,resolve,"Symbol, Symbol",0,0,6
lang\java\avro\src\main\java\org\apache\avro\SchemaNormalization.java,parsingFingerprint,"String, Schema",0,0,1
lang\java\trevni\core\src\main\java\org\apache\trevni\ColumnFileWriter.java,endRow,,0,0,2
lang\java\avro\src\main\java\org\apache\avro\io\parsing\ResolvingGrammarGenerator.java,generate,"Schema, Schema",0,0,5
lang\java\avro\src\main\java\org\apache\avro\specific\ExternalizableInput.java,skip,long,0,0,1
lang\java\tools\src\main\java\org\apache\avro\tool\TrevniToJsonTool.java,run,"InputStream, PrintStream, PrintStream, List",0,0,1
lang\java\trevni\core\src\main\java\org\apache\trevni\InputBuffer.java,readValue,ValueType,0,0,11
lang\java\avro\src\main\java\org\apache\avro\generic\GenericDatumReader.java,<init>,"Schema, Schema, GenericData",0,0,2
lang\java\avro\src\main\java\org\apache\avro\io\ValidatingDecoder.java,skipFixed,int,0,0,3
lang\java\avro\src\main\java\org\apache\avro\file\Codec.java,toString,,0,0,1
lang\java\mapred\src\main\java\org\apache\avro\hadoop\io\AvroDeserializer.java,open,InputStream,2,0,1
lang\java\avro\src\main\java\org\apache\avro\io\parsing\Symbol.java,repeat,"Symbol, Symbol[]",0,0,11
lang\java\avro\src\main\java\org\apache\avro\LogicalType.java,<init>,String,0,0,69
lang\java\avro\src\main\java\org\apache\avro\io\BlockingBinaryEncoder.java,writeZero,,14772,0,5
lang\java\mapred\src\main\java\org\apache\avro\mapred\SequenceFileRecordReader.java,<init>,"JobConf, FileSplit",565,0,1
lang\java\avro\src\main\java\org\apache\avro\util\ByteBufferOutputStream.java,prepend,List,0,0,2
lang\java\avro\src\main\java\org\apache\avro\file\NullCodec.java,equals,Object,0,0,4
lang\java\mapred\src\main\java\org\apache\avro\mapreduce\AvroKeyRecordReader.java,getCurrentValue,,0,0,1
lang\java\avro\src\main\java\org\apache\avro\Conversion.java,toFloat,"Object, Schema, LogicalType",0,0,2
lang\java\trevni\core\src\main\java\org\apache\trevni\ColumnFileReader.java,close,,0,0,1
lang\java\avro\src\main\java\org\apache\avro\data\TimeConversions.java,<init>,,0,0,1
lang\java\avro\src\main\java\org\apache\avro\file\DataFileWriter.java,appendTo,File,0,0,2
lang\java\ipc\src\main\java\org\apache\avro\ipc\Transceiver.java,transceive,"List, Callback",0,0,1
lang\java\avro\src\main\java\org\apache\avro\io\BlockingBinaryEncoder.java,writeLong,long,0,0,2
lang\java\trevni\core\src\main\java\org\apache\trevni\Checksum.java,<init>,,0,0,6
lang\java\avro\src\main\java\org\apache\avro\reflect\ArrayAccessor.java,readArray,"int[], long, ResolvingDecoder",0,0,4
lang\java\avro\src\main\java\org\apache\avro\io\ValidatingEncoder.java,writeFloat,float,0,0,3
lang\java\avro\src\main\java\org\apache\avro\io\ValidatingDecoder.java,skipFixed,,0,0,6
lang\java\ipc\src\main\java\org\apache\avro\ipc\RPCContext.java,responseHandshakeMeta,,0,0,1
lang\java\avro\src\main\java\org\apache\avro\SchemaParseException.java,<init>,Throwable,0,0,2
lang\java\avro\src\main\java\org\apache\avro\data\RecordBuilderBase.java,isValidValue,"Schema$Field, Object",0,0,2
lang\java\avro\src\main\java\org\apache\avro\io\DirectBinaryEncoder.java,writeDouble,double,0,0,2
lang\java\ipc\src\main\java\org\apache\avro\ipc\CallFuture.java,await,"long, TimeUnit",0,0,2
lang\java\avro\src\main\java\org\apache\avro\ValidateCanRead.java,validate,"Schema, Schema",0,0,1
lang\java\avro\src\main\java\org\apache\avro\io\ValidatingEncoder.java,writeBytes,"byte[], int, int",0,0,3
lang\java\mapred\src\main\java\org\apache\avro\mapred\HadoopCombiner.java,<init>,,1,0,6
lang\java\avro\src\main\java\org\apache\avro\io\BlockingBinaryEncoder.java,writeArrayEnd,,0,0,1
lang\java\avro\src\test\java\org\apache\avro\io\LegacyBinaryEncoder.java,encodeLong,"long, OutputStream",1,0,21
lang\java\mapred\src\main\java\org\apache\avro\mapred\HadoopReducer.java,getReducer,JobConf,0,0,3
lang\java\avro\src\main\java\org\apache\avro\file\CodecFactory.java,bzip2Codec,,1,0,3
lang\java\avro\src\main\java\org\apache\avro\io\BufferedBinaryEncoder.java,writeInt,int,0,0,11
lang\java\avro\src\main\java\org\apache\avro\reflect\ArrayAccessor.java,readArray,"Object, Class, long, ResolvingDecoder",0,0,2
lang\java\trevni\core\src\main\java\org\apache\trevni\ColumnFileWriter.java,writeValue,"Object, int",0,0,1
lang\java\trevni\core\src\main\java\org\apache\trevni\OutputBuffer.java,size,ByteBuffer,0,0,3
lang\java\avro\src\main\java\org\apache\avro\SchemaValidatorBuilder.java,validateAll,,0,0,2
lang\java\trevni\core\src\main\java\org\apache\trevni\OutputBuffer.java,size,int,0,0,10
lang\java\mapred\src\main\java\org\apache\avro\mapred\tether\TetherKeySerialization.java,accept,Class,0,0,3
lang\java\trevni\core\src\main\java\org\apache\trevni\BlockDescriptor.java,<init>,,0,0,5
lang\java\avro\src\main\java\org\apache\avro\io\DirectBinaryEncoder.java,configure,OutputStream,0,0,47
lang\java\avro\src\main\java\org\apache\avro\io\ValidatingDecoder.java,readArrayStart,,0,0,3
lang\java\avro\src\main\java\org\apache\avro\io\BlockingBinaryEncoder.java,configure,"OutputStream, int, int",5,0,16
lang\java\avro\src\main\java\org\apache\avro\io\BlockingBinaryEncoder.java,write,"byte[], int, int",0,0,1
lang\java\avro\src\main\java\org\apache\avro\io\DirectBinaryEncoder.java,writeInt,int,0,0,12
lang\java\maven-plugin\src\main\java\org\apache\avro\mojo\AbstractAvroMojo.java,execute,,0,0,2
lang\java\trevni\core\src\main\java\org\apache\trevni\InputBuffer.java,readLong,,0,0,19
lang\java\avro\src\main\java\org\apache\avro\util\Utf8.java,compareTo,Utf8,3,0,4
lang\java\avro\src\main\java\org\apache\avro\util\WeakIdentityHashMap.java,keySet,,0,0,2
lang\java\avro\src\main\java\org\apache\avro\io\BinaryDecoder.java,skipFixed,int,0,0,11
lang\java\avro\src\main\java\org\apache\avro\io\EncoderFactory.java,<init>,,0,0,27
lang\java\avro\src\main\java\org\apache\avro\io\parsing\Symbol.java,fieldAdjustAction,"int, String",0,0,7
lang\java\mapred\src\main\java\org\apache\avro\mapred\tether\TetherJob.java,setExecutable,"JobConf, File",0,0,1
lang\java\mapred\src\main\java\org\apache\avro\hadoop\io\AvroSerializer.java,<init>,"Schema, DatumWriter",0,0,1
lang\java\avro\src\main\java\org\apache\avro\io\parsing\Symbol.java,root,Symbol[],0,0,7
lang\java\trevni\core\src\main\java\org\apache\trevni\OutputBuffer.java,writeBytes,ByteBuffer,0,0,10
lang\java\avro\src\main\java\org\apache\avro\LogicalType.java,addToSchema,Schema,0,0,4
lang\java\avro\src\main\java\org\apache\avro\util\ClassUtils.java,forName,"Class, String",1,0,4
lang\java\avro\src\main\java\org\apache\avro\io\parsing\Symbol.java,hasErrors,Symbol,1,0,23
lang\java\avro\src\main\java\org\apache\avro\specific\SpecificDatumReader.java,<init>,"Schema, Schema, SpecificData",0,0,1
lang\java\avro\src\main\java\org\apache\avro\ValidateCanRead.java,<init>,,0,0,2
lang\java\avro\src\main\java\org\apache\avro\SchemaCompatibility.java,checkReaderWriterCompatibility,"Schema, Schema",34,0,1
lang\java\avro\src\main\java\org\apache\avro\io\BufferedBinaryEncoder.java,writeByte,int,0,0,3
lang\java\avro\src\main\java\org\apache\avro\io\DecoderFactory.java,createBinaryDecoder,"InputStream, BinaryDecoder",0,0,2
lang\java\maven-plugin\src\main\java\org\apache\avro\mojo\IDLProtocolMojo.java,<init>,,0,0,1
lang\java\ipc\src\main\java\org\apache\avro\ipc\HttpServer.java,<init>,"Responder, Connector",2,0,2
lang\java\mapred\src\main\java\org\apache\avro\mapred\tether\TetherJob.java,getExecutable,JobConf,0,0,1
lang\java\avro\src\main\java\org\apache\avro\io\ValidatingEncoder.java,writeBoolean,boolean,0,0,3
lang\java\mapred\src\main\java\org\apache\avro\mapred\AvroMultipleInputs.java,addInputPath,"JobConf, Path, Class, Schema",0,0,1
lang\java\avro\src\main\java\org\apache\avro\file\DataFileWriter.java,flush,,0,0,2
lang\java\trevni\avro\src\main\java\org\apache\trevni\avro\mapreduce\AvroTrevniKeyValueRecordWriter.java,initSchema,TaskAttemptContext,16,0,1
lang\java\avro\src\main\java\org\apache\avro\io\ParsingDecoder.java,<init>,Symbol,1,0,73
lang\java\ipc\src\main\java\org\apache\avro\ipc\SaslSocketTransceiver.java,<init>,SocketAddress,1,0,2
lang\java\ipc\src\main\java\org\apache\avro\ipc\SocketTransceiver.java,getRemoteName,,0,0,1
lang\java\avro\src\main\java\org\apache\avro\SchemaValidatorBuilder.java,canBeReadStrategy,,0,0,2
lang\java\avro\src\main\java\org\apache\avro\io\BufferedBinaryEncoder.java,writeFloat,float,0,0,2
lang\java\avro\src\test\java\org\apache\avro\io\LegacyBinaryEncoder.java,encodeDouble,"double, OutputStream",0,0,7
lang\java\avro\src\main\java\org\apache\avro\io\BlockingBinaryEncoder.java,ensureBounds,int,110691,17548,23
lang\java\ipc\src\main\java\org\apache\avro\ipc\DatagramServer.java,main,String[],2,0,1
lang\java\trevni\core\src\main\java\org\apache\trevni\ColumnFileReader.java,readColumnStarts,InputBuffer,0,0,11
lang\java\avro\src\main\java\org\apache\avro\util\ByteBufferInputStream.java,readBuffer,int,0,0,4
lang\java\avro\src\main\java\org\apache\avro\reflect\ReflectionUtil.java,validate,FieldAccess,4,0,3
lang\java\ipc\src\main\java\org\apache\avro\ipc\HttpTransceiver.java,writeBuffers,List,0,0,3
lang\java\ipc\src\main\java\org\apache\avro\ipc\HttpTransceiver.java,getRemoteName,,0,0,3
